date,temp_mean,temp_min,temp_max,rain,humidity,pressure,division
2021-12-01,21.4,16.52,26.52,0.0,83.3,101.35,Barishal
2021-12-02,22.48,17.33,27.75,0.0,79.07,101.35,Barishal
2021-12-03,22.86,18.06,26.79,0.69,81.13,101.47,Barishal
2021-12-04,22.41,20.4,24.81,15.99,89.9,101.42,Barishal
2021-12-05,22.94,21.76,25.1,36.22,91.91,101.41,Barishal
2021-12-06,23.79,22.11,26.08,33.93,91.95,101.15,Barishal
2021-12-07,23.97,21.53,26.99,27.83,89.66,101.24,Barishal
2021-12-08,22.58,20.07,25.62,6.83,90.49,101.48,Barishal
2021-12-09,22.72,20.18,25.95,1.29,89.71,101.64,Barishal
2021-12-10,21.12,18.84,24.41,0.32,85.54,101.62,Barishal
2021-12-11,20.47,16.72,25.22,0.99,83.39,101.63,Barishal
2021-12-12,18.84,15.6,23.42,0.0,81.74,101.71,Barishal
2021-12-13,17.53,13.13,22.4,0.0,82.21,101.61,Barishal
2021-12-14,17.81,13.55,22.79,0.0,85.49,101.49,Barishal
2021-12-15,17.71,13.76,22.2,0.0,86.09,101.47,Barishal
2021-12-16,17.5,13.34,22.32,0.0,86.69,101.51,Barishal
2021-12-17,17.76,14.02,22.91,0.0,85.49,101.51,Barishal
2021-12-18,17.88,13.12,23.49,0.0,81.77,101.46,Barishal
2021-12-19,17.18,13.33,22.35,0.0,85.61,101.54,Barishal
2021-12-20,15.28,10.94,20.73,0.0,80.88,101.58,Barishal
2021-12-21,15.51,10.43,20.94,0.0,81.07,101.47,Barishal
2021-12-22,16.87,12.61,20.84,0.0,79.18,101.32,Barishal
2021-12-23,18.28,13.62,22.68,0.0,75.25,101.32,Barishal
2021-12-24,18.14,13.32,22.77,0.0,81.33,101.38,Barishal
2021-12-25,18.6,13.82,23.07,0.0,78.77,101.46,Barishal
2021-12-26,18.52,14.36,23.36,0.0,80.26,101.66,Barishal
2021-12-27,18.05,14.17,22.68,0.0,81.59,101.74,Barishal
2021-12-28,18.21,13.91,22.79,0.0,83.39,101.7,Barishal
2021-12-29,18.5,14.28,23.33,0.0,79.81,101.7,Barishal
2021-12-30,18.64,14.53,24.16,0.0,83.06,101.85,Barishal
2021-12-31,18.32,14.59,23.28,0.0,85.1,101.89,Barishal
2022-01-01,17.69,13.61,22.59,0.0,83.85,101.82,Barishal
2022-01-02,17.02,13.45,21.54,0.0,85.56,101.67,Barishal
2022-01-03,17.33,12.91,22.25,0.0,84.82,101.56,Barishal
2022-01-04,16.97,13.63,21.49,0.0,86.26,101.62,Barishal
2022-01-05,16.93,11.73,22.5,0.0,82.2,101.56,Barishal
2022-01-06,17.39,11.95,22.91,0.0,80.4,101.52,Barishal
2022-01-07,18.11,13.17,23.25,0.0,83.72,101.58,Barishal
2022-01-08,18.65,13.79,23.8,0.0,84.65,101.56,Barishal
2022-01-09,19.05,14.28,23.61,0.0,84.24,101.4,Barishal
2022-01-10,19.55,14.61,23.99,0.0,84.17,101.44,Barishal
2022-01-11,19.64,15.26,24.01,0.0,85.57,101.43,Barishal
2022-01-12,19.32,16.14,22.67,1.46,88.19,101.43,Barishal
2022-01-13,19.48,16.28,22.61,0.75,86.7,101.53,Barishal
2022-01-14,18.42,16.09,22.32,3.25,84.08,101.55,Barishal
2022-01-15,18.0,14.1,22.35,0.38,79.97,101.49,Barishal
2022-01-16,17.45,14.03,22.41,0.05,82.44,101.67,Barishal
2022-01-17,16.76,11.83,22.61,0.0,82.31,101.72,Barishal
2022-01-18,17.34,12.1,22.72,0.0,81.41,101.52,Barishal
2022-01-19,17.87,13.32,22.25,0.0,78.65,101.33,Barishal
2022-01-20,17.85,13.32,22.4,0.0,77.73,101.1,Barishal
2022-01-21,18.36,13.82,23.05,0.0,69.4,101.15,Barishal
2022-01-22,19.1,14.95,22.94,0.01,70.89,101.07,Barishal
2022-01-23,19.25,15.31,24.01,0.0,76.39,101.08,Barishal
2022-01-24,18.94,16.28,21.95,3.63,91.24,101.04,Barishal
2022-01-25,19.38,16.69,22.65,1.78,83.34,101.08,Barishal
2022-01-26,19.31,15.33,23.02,1.32,79.42,101.24,Barishal
2022-01-27,18.23,15.01,22.07,3.05,85.01,101.31,Barishal
2022-01-28,16.05,11.92,21.12,2.85,75.56,101.52,Barishal
2022-01-29,14.75,10.33,19.59,0.0,78.57,101.49,Barishal
2022-01-30,15.81,10.62,20.99,0.0,73.13,101.26,Barishal
2022-01-31,17.46,13.41,22.39,0.0,66.79,101.21,Barishal
2022-02-01,18.52,14.49,23.39,0.1,81.99,101.07,Barishal
2022-02-02,19.19,14.43,24.25,0.29,71.58,101.25,Barishal
2022-02-03,19.09,14.53,24.41,0.01,78.41,101.27,Barishal
2022-02-04,19.84,15.99,24.42,1.23,85.04,101.1,Barishal
2022-02-05,18.74,14.0,22.54,27.51,76.16,101.15,Barishal
2022-02-06,16.49,11.93,21.68,22.32,75.47,101.55,Barishal
2022-02-07,16.18,11.42,21.16,0.0,77.06,101.53,Barishal
2022-02-08,17.19,12.22,22.21,0.0,70.57,101.43,Barishal
2022-02-09,17.94,12.78,23.24,0.0,71.87,101.5,Barishal
2022-02-10,19.36,14.06,24.09,0.0,75.34,101.37,Barishal
2022-02-11,19.2,15.02,23.97,0.0,77.34,101.35,Barishal
2022-02-12,17.42,13.52,22.73,0.0,68.45,101.37,Barishal
2022-02-13,17.35,12.08,23.44,0.0,73.81,101.16,Barishal
2022-02-14,17.71,12.09,23.82,0.0,74.4,101.17,Barishal
2022-02-15,18.19,12.72,23.46,0.0,67.0,101.14,Barishal
2022-02-16,18.84,13.25,23.91,0.0,63.15,100.97,Barishal
2022-02-17,18.81,13.11,24.45,0.0,66.05,100.97,Barishal
2022-02-18,19.16,13.77,24.58,0.0,60.47,101.12,Barishal
2022-02-19,19.68,14.54,24.98,0.0,57.32,101.21,Barishal
2022-02-20,20.46,15.08,25.71,1.74,72.65,100.89,Barishal
2022-02-21,20.76,15.89,25.23,6.75,70.8,100.92,Barishal
2022-02-22,21.08,15.97,25.96,0.86,71.27,101.37,Barishal
2022-02-23,21.96,17.2,27.42,0.01,67.22,101.58,Barishal
2022-02-24,22.15,18.03,27.94,0.03,79.48,101.57,Barishal
2022-02-25,22.86,18.24,28.49,0.45,75.06,101.52,Barishal
2022-02-26,23.69,19.11,28.25,0.03,73.09,101.56,Barishal
2022-02-27,22.72,17.75,27.7,0.04,71.38,101.51,Barishal
2022-02-28,24.1,19.85,28.77,1.26,66.23,101.39,Barishal
2022-03-01,23.5,19.14,28.0,0.31,66.94,101.44,Barishal
2022-03-02,22.42,17.42,27.8,0.0,65.64,101.41,Barishal
2022-03-03,22.77,17.22,28.17,0.0,64.27,101.37,Barishal
2022-03-04,23.09,17.34,28.25,0.0,61.14,101.29,Barishal
2022-03-05,24.25,19.54,29.05,0.0,55.06,101.16,Barishal
2022-03-06,23.41,18.71,29.29,0.0,63.1,101.11,Barishal
2022-03-07,23.32,17.26,29.9,0.0,67.72,101.1,Barishal
2022-03-08,24.22,17.74,30.15,0.0,60.03,101.01,Barishal
2022-03-09,24.72,18.29,30.24,0.0,60.52,101.0,Barishal
2022-03-10,24.5,17.83,30.4,0.0,56.91,100.98,Barishal
2022-03-11,24.35,17.69,29.98,0.0,57.02,100.93,Barishal
2022-03-12,24.35,18.89,30.44,0.0,57.46,100.86,Barishal
2022-03-13,24.53,18.18,31.14,0.0,58.7,100.9,Barishal
2022-03-14,25.6,18.45,32.17,0.0,54.09,100.84,Barishal
2022-03-15,26.45,20.62,32.64,0.0,51.05,100.64,Barishal
2022-03-16,25.82,19.16,33.32,0.0,67.26,100.58,Barishal
2022-03-17,27.29,21.39,33.57,0.0,59.8,100.71,Barishal
2022-03-18,27.26,20.26,33.74,0.0,60.68,100.71,Barishal
2022-03-19,27.15,20.72,34.57,0.0,60.52,100.56,Barishal
2022-03-20,26.41,21.07,33.26,0.0,66.03,100.54,Barishal
2022-03-21,26.47,21.12,33.57,0.0,68.53,100.68,Barishal
2022-03-22,27.35,22.05,33.95,0.0,67.82,100.68,Barishal
2022-03-23,28.88,22.75,35.77,0.0,65.73,100.62,Barishal
2022-03-24,28.22,23.94,34.19,0.0,70.99,100.63,Barishal
2022-03-25,27.82,23.62,33.73,0.02,76.61,100.71,Barishal
2022-03-26,28.54,25.76,33.69,0.09,74.09,100.81,Barishal
2022-03-27,28.34,25.2,32.91,0.38,75.45,100.96,Barishal
2022-03-28,28.66,24.65,34.27,0.22,72.45,100.84,Barishal
2022-03-29,28.18,24.6,33.18,0.17,73.66,100.73,Barishal
2022-03-30,28.65,25.05,33.51,0.33,73.04,100.78,Barishal
2022-03-31,28.86,25.37,33.85,0.16,71.82,100.83,Barishal
2022-04-01,28.93,25.48,33.75,0.03,72.66,100.85,Barishal
2022-04-02,28.88,25.62,33.7,0.01,72.17,101.0,Barishal
2022-04-03,28.47,24.92,33.29,0.01,71.09,100.99,Barishal
2022-04-04,28.86,25.74,33.58,0.02,68.7,101.04,Barishal
2022-04-05,28.86,24.9,34.62,0.05,71.67,101.18,Barishal
2022-04-06,28.85,24.59,34.52,0.98,73.04,101.16,Barishal
2022-04-07,29.77,24.12,36.42,0.0,64.73,101.05,Barishal
2022-04-08,29.56,23.64,36.23,0.0,65.26,100.88,Barishal
2022-04-09,29.33,24.73,35.44,0.0,72.43,100.77,Barishal
2022-04-10,29.68,24.61,35.65,0.0,70.37,100.7,Barishal
2022-04-11,29.8,25.72,35.0,0.04,72.68,100.58,Barishal
2022-04-12,29.94,25.72,35.65,0.02,71.36,100.59,Barishal
2022-04-13,29.77,25.95,35.19,0.01,70.62,100.5,Barishal
2022-04-14,29.61,26.04,34.66,0.01,72.75,100.38,Barishal
2022-04-15,30.24,26.82,35.83,0.04,71.15,100.37,Barishal
2022-04-16,29.68,26.81,34.05,0.71,73.26,100.4,Barishal
2022-04-17,29.58,26.41,34.44,0.74,72.57,100.51,Barishal
2022-04-18,29.91,26.22,35.0,0.78,71.57,100.68,Barishal
2022-04-19,29.61,25.69,34.78,0.81,73.73,100.81,Barishal
2022-04-20,28.63,25.35,33.37,8.85,75.92,100.79,Barishal
2022-04-21,28.21,24.64,32.42,11.63,75.06,100.77,Barishal
2022-04-22,29.08,25.35,34.14,6.37,75.19,100.76,Barishal
2022-04-23,29.34,25.82,35.05,18.08,78.09,100.67,Barishal
2022-04-24,29.76,25.99,35.55,7.46,76.12,100.49,Barishal
2022-04-25,30.08,25.95,35.4,1.46,75.9,100.49,Barishal
2022-04-26,29.81,26.43,34.3,0.66,77.26,100.55,Barishal
2022-04-27,29.57,26.2,33.93,0.67,78.99,100.55,Barishal
2022-04-28,30.62,25.89,37.02,0.24,72.91,100.58,Barishal
2022-04-29,30.58,25.97,36.43,0.35,72.47,100.56,Barishal
2022-04-30,30.59,27.01,35.55,1.5,70.45,100.5,Barishal
2022-05-01,30.59,26.56,36.27,2.69,65.55,100.43,Barishal
2022-05-02,30.16,26.81,35.39,7.4,67.97,100.49,Barishal
2022-05-03,29.22,26.42,33.86,7.41,72.55,100.62,Barishal
2022-05-04,28.58,25.98,31.63,17.02,77.5,100.74,Barishal
2022-05-05,28.84,25.69,32.83,5.25,74.57,100.62,Barishal
2022-05-06,28.89,25.74,32.85,6.3,74.56,100.57,Barishal
2022-05-07,29.73,25.96,34.52,1.16,70.41,100.52,Barishal
2022-05-08,29.52,25.29,34.49,5.8,72.44,100.51,Barishal
2022-05-09,28.09,26.53,30.51,33.29,81.59,100.61,Barishal
2022-05-10,27.69,26.3,29.87,35.54,85.88,100.59,Barishal
2022-05-11,28.83,26.71,31.96,21.32,83.8,100.5,Barishal
2022-05-12,29.26,27.22,32.2,8.99,83.28,100.43,Barishal
2022-05-13,29.03,27.04,31.77,8.5,84.97,100.21,Barishal
2022-05-14,29.6,27.29,32.99,2.25,83.6,100.24,Barishal
2022-05-15,29.6,27.85,32.29,1.72,83.63,100.45,Barishal
2022-05-16,29.01,27.84,30.81,2.63,88.24,100.4,Barishal
2022-05-17,28.68,27.63,30.46,3.46,88.69,100.36,Barishal
2022-05-18,28.57,27.55,30.46,8.13,86.13,100.5,Barishal
2022-05-19,29.16,27.45,31.63,5.48,87.09,100.47,Barishal
2022-05-20,29.07,27.48,31.46,14.63,86.1,100.32,Barishal
2022-05-21,28.45,26.89,30.5,60.81,91.15,99.97,Barishal
2022-05-22,28.45,25.03,31.78,15.93,83.42,99.89,Barishal
2022-05-23,28.73,26.32,31.88,9.43,81.46,99.99,Barishal
2022-05-24,29.73,26.37,33.69,9.1,76.65,100.28,Barishal
2022-05-25,29.02,26.92,31.87,15.56,81.81,100.42,Barishal
2022-05-26,29.11,26.24,32.14,15.38,81.19,100.32,Barishal
2022-05-27,29.3,26.7,32.58,13.93,81.18,100.12,Barishal
2022-05-28,29.69,27.0,33.35,13.72,79.88,100.01,Barishal
2022-05-29,29.15,27.23,31.71,27.65,83.43,100.08,Barishal
2022-05-30,28.62,26.77,30.93,22.93,84.91,100.11,Barishal
2022-05-31,28.56,26.52,30.99,12.77,84.33,100.07,Barishal
2022-06-01,28.8,27.03,31.53,16.27,84.96,100.13,Barishal
2022-06-02,29.07,26.75,32.03,3.42,83.01,100.17,Barishal
2022-06-03,28.73,27.38,30.71,13.93,87.67,100.15,Barishal
2022-06-04,28.3,27.17,30.01,18.61,87.85,100.29,Barishal
2022-06-05,28.69,27.04,31.2,2.1,87.62,100.33,Barishal
2022-06-06,29.0,27.05,31.72,1.47,85.77,100.26,Barishal
2022-06-07,29.26,27.19,31.97,1.17,85.13,100.18,Barishal
2022-06-08,29.01,27.41,31.32,5.13,88.02,100.11,Barishal
2022-06-09,29.09,27.78,31.25,18.36,88.65,100.11,Barishal
2022-06-10,28.86,26.71,31.3,18.31,84.06,100.18,Barishal
2022-06-11,28.51,26.75,30.78,7.96,87.76,100.2,Barishal
2022-06-12,29.06,27.22,31.7,2.71,87.44,100.29,Barishal
2022-06-13,29.27,27.66,31.72,6.14,88.47,100.39,Barishal
2022-06-14,28.84,27.56,30.98,8.96,90.49,100.35,Barishal
2022-06-15,28.52,27.43,30.6,19.36,90.15,100.41,Barishal
2022-06-16,27.66,26.49,28.75,32.79,91.48,100.53,Barishal
2022-06-17,27.85,26.91,29.13,46.01,93.18,100.55,Barishal
2022-06-18,27.66,26.73,28.96,53.38,91.86,100.54,Barishal
2022-06-19,27.45,26.55,28.59,49.01,91.94,100.44,Barishal
2022-06-20,27.23,26.2,28.65,44.28,90.81,100.23,Barishal
2022-06-21,27.56,26.14,29.35,44.22,90.69,100.07,Barishal
2022-06-22,27.47,26.02,29.22,25.27,88.89,100.38,Barishal
2022-06-23,27.81,26.0,29.8,4.43,89.84,100.46,Barishal
2022-06-24,28.04,26.63,29.84,5.61,90.04,100.34,Barishal
2022-06-25,28.06,26.12,30.42,16.26,88.77,100.2,Barishal
2022-06-26,27.99,26.58,30.0,7.74,88.4,100.39,Barishal
2022-06-27,28.33,26.42,30.43,7.42,87.66,100.48,Barishal
2022-06-28,28.2,26.67,30.31,6.0,89.34,100.36,Barishal
2022-06-29,28.56,26.97,30.62,23.6,89.48,100.21,Barishal
2022-06-30,28.08,26.88,29.54,10.82,90.53,100.17,Barishal
2022-07-01,27.99,26.93,29.46,24.93,91.9,100.07,Barishal
2022-07-02,28.08,26.46,30.34,14.59,88.93,99.92,Barishal
2022-07-03,28.06,26.81,30.1,5.88,89.35,100.0,Barishal
2022-07-04,28.24,26.61,30.22,12.12,88.58,99.95,Barishal
2022-07-05,28.14,26.61,29.9,3.1,89.09,99.98,Barishal
2022-07-06,28.23,27.1,29.84,12.42,90.21,100.31,Barishal
2022-07-07,28.28,26.92,30.44,6.83,87.86,100.41,Barishal
2022-07-08,28.19,26.36,30.59,8.12,88.29,100.24,Barishal
2022-07-09,28.37,26.53,30.82,2.52,86.17,100.08,Barishal
2022-07-10,28.6,27.01,30.76,7.69,87.26,100.01,Barishal
2022-07-11,28.38,26.91,30.02,12.3,87.08,100.1,Barishal
2022-07-12,28.83,27.39,30.8,8.35,87.27,99.92,Barishal
2022-07-13,28.9,27.41,30.99,1.82,86.74,99.75,Barishal
2022-07-14,28.46,27.53,29.88,0.99,88.47,99.83,Barishal
2022-07-15,28.79,27.24,30.84,1.62,86.19,100.05,Barishal
2022-07-16,28.86,27.37,31.01,3.5,87.01,100.15,Barishal
2022-07-17,28.94,27.36,31.17,6.17,86.58,100.33,Barishal
2022-07-18,28.88,26.9,31.55,4.39,85.54,100.34,Barishal
2022-07-19,28.83,27.32,30.93,8.69,86.7,100.22,Barishal
2022-07-20,28.95,27.15,31.23,26.46,86.73,100.2,Barishal
2022-07-21,28.91,27.32,31.0,10.3,86.95,100.26,Barishal
2022-07-22,28.9,27.48,31.16,6.35,88.04,100.31,Barishal
2022-07-23,28.28,26.87,29.86,9.87,87.36,100.35,Barishal
2022-07-24,28.49,27.04,30.56,33.25,87.27,100.45,Barishal
2022-07-25,27.7,26.53,29.08,22.96,84.31,100.73,Barishal
2022-07-26,28.25,25.87,30.55,10.67,79.21,100.79,Barishal
2022-07-27,28.63,26.22,31.69,5.58,82.73,100.69,Barishal
2022-07-28,28.6,26.55,30.84,1.53,82.17,100.69,Barishal
2022-07-29,29.42,26.77,32.45,3.47,80.27,100.57,Barishal
2022-07-30,29.24,26.79,32.3,15.89,84.5,100.43,Barishal
2022-07-31,29.12,27.36,31.54,8.42,86.21,100.26,Barishal
2022-08-01,29.25,27.19,31.72,8.1,86.95,100.22,Barishal
2022-08-02,29.36,26.85,32.23,11.04,85.15,100.18,Barishal
2022-08-03,28.38,27.19,30.33,23.79,86.41,100.34,Barishal
2022-08-04,28.74,27.01,30.8,10.7,86.15,100.31,Barishal
2022-08-05,29.1,27.26,31.73,6.04,86.2,100.12,Barishal
2022-08-06,28.8,27.38,30.59,9.08,88.18,99.92,Barishal
2022-08-07,29.0,27.11,31.4,13.04,85.53,99.83,Barishal
2022-08-08,28.34,26.73,30.15,15.29,88.24,99.78,Barishal
2022-08-09,28.15,27.01,29.86,27.04,90.36,99.84,Barishal
2022-08-10,27.89,27.02,29.02,30.59,91.62,99.88,Barishal
2022-08-11,28.11,26.97,29.56,17.02,91.44,100.03,Barishal
2022-08-12,28.44,25.99,31.6,9.78,86.95,100.03,Barishal
2022-08-13,27.88,26.72,29.6,14.43,89.56,99.9,Barishal
2022-08-14,27.67,27.07,28.17,34.67,91.93,100.2,Barishal
2022-08-15,28.1,26.87,29.79,14.55,90.38,100.59,Barishal
2022-08-16,28.64,26.32,31.19,4.72,87.37,100.52,Barishal
2022-08-17,29.08,26.75,31.59,3.14,86.67,100.24,Barishal
2022-08-18,29.31,26.98,32.02,17.34,88.54,99.85,Barishal
2022-08-19,28.26,27.12,29.88,24.08,88.33,99.9,Barishal
2022-08-20,28.19,26.85,30.11,5.42,86.7,100.19,Barishal
2022-08-21,28.24,26.69,30.2,8.55,87.79,100.18,Barishal
2022-08-22,28.62,26.52,31.21,10.13,86.6,100.13,Barishal
2022-08-23,27.82,26.48,29.59,37.19,89.38,100.33,Barishal
2022-08-24,27.54,25.87,29.74,20.45,87.19,100.52,Barishal
2022-08-25,28.42,25.83,31.71,3.42,82.6,100.42,Barishal
2022-08-26,27.85,25.96,29.9,0.84,88.77,100.29,Barishal
2022-08-27,27.69,25.94,30.07,2.36,89.19,100.32,Barishal
2022-08-28,27.75,26.35,29.59,8.06,87.61,100.56,Barishal
2022-08-29,28.65,26.32,31.34,1.44,84.35,100.76,Barishal
2022-08-30,29.03,26.33,31.61,0.85,83.32,100.77,Barishal
2022-08-31,28.74,26.56,31.32,1.65,87.05,100.62,Barishal
2022-09-01,28.71,26.99,30.85,6.17,86.38,100.68,Barishal
2022-09-02,28.17,27.08,29.9,16.4,87.27,100.74,Barishal
2022-09-03,28.98,26.27,31.8,5.89,86.64,100.48,Barishal
2022-09-04,29.17,27.27,31.76,10.26,88.27,100.45,Barishal
2022-09-05,28.82,27.44,30.61,14.64,89.9,100.49,Barishal
2022-09-06,29.12,27.34,31.19,11.31,83.99,100.56,Barishal
2022-09-07,28.54,26.93,30.42,6.33,87.76,100.64,Barishal
2022-09-08,29.51,26.86,32.47,16.81,84.37,100.65,Barishal
2022-09-09,28.48,27.1,30.38,8.78,87.06,100.67,Barishal
2022-09-10,27.77,26.82,28.9,14.29,91.44,100.63,Barishal
2022-09-11,27.85,27.04,29.07,48.5,91.69,100.54,Barishal
2022-09-12,27.71,27.13,28.52,59.53,93.69,100.51,Barishal
2022-09-13,27.54,26.5,28.89,41.83,93.61,100.67,Barishal
2022-09-14,27.54,26.24,29.58,33.72,89.63,100.81,Barishal
2022-09-15,27.95,25.8,30.46,22.03,89.77,100.6,Barishal
2022-09-16,28.14,26.41,30.33,20.25,89.49,100.3,Barishal
2022-09-17,28.09,26.15,30.48,3.65,89.64,100.32,Barishal
2022-09-18,28.02,26.46,30.45,5.21,88.19,100.35,Barishal
2022-09-19,27.83,26.38,29.71,13.47,90.93,100.4,Barishal
2022-09-20,28.03,26.79,29.84,6.1,88.81,100.45,Barishal
2022-09-21,27.97,26.55,30.13,7.9,89.08,100.55,Barishal
2022-09-22,28.01,26.13,30.32,6.08,88.3,100.6,Barishal
2022-09-23,27.84,25.81,30.27,3.42,86.68,100.61,Barishal
2022-09-24,27.75,25.93,30.18,3.73,87.15,100.55,Barishal
2022-09-25,28.05,25.96,30.61,9.78,82.74,100.6,Barishal
2022-09-26,27.16,26.07,28.58,3.28,88.04,100.68,Barishal
2022-09-27,28.37,25.83,31.38,8.2,82.34,100.53,Barishal
2022-09-28,27.96,26.21,29.45,2.92,87.6,100.43,Barishal
2022-09-29,28.85,26.17,31.35,0.61,79.96,100.4,Barishal
2022-09-30,28.48,25.68,31.16,1.53,83.97,100.34,Barishal
2022-10-01,28.46,26.13,31.13,12.55,85.89,100.25,Barishal
2022-10-02,27.63,26.52,28.88,39.49,90.83,100.22,Barishal
2022-10-03,27.47,25.87,29.34,33.11,90.9,100.49,Barishal
2022-10-04,28.12,26.68,30.19,37.19,88.7,100.79,Barishal
2022-10-05,27.92,26.22,30.49,10.33,88.25,100.94,Barishal
2022-10-06,27.96,26.0,30.43,6.01,84.58,100.99,Barishal
2022-10-07,27.72,25.12,30.54,3.42,80.58,100.95,Barishal
2022-10-08,27.96,25.34,30.82,4.95,82.93,100.99,Barishal
2022-10-09,27.44,26.04,29.28,15.88,88.36,101.13,Barishal
2022-10-10,27.4,25.72,29.51,18.81,86.86,101.18,Barishal
2022-10-11,27.2,25.67,29.01,14.21,91.19,101.04,Barishal
2022-10-12,27.09,25.85,28.78,6.97,88.71,101.03,Barishal
2022-10-13,27.56,25.42,30.16,3.9,82.03,101.01,Barishal
2022-10-14,27.83,25.3,30.07,2.43,77.53,100.94,Barishal
2022-10-15,27.52,25.3,30.53,5.17,85.01,100.86,Barishal
2022-10-16,26.88,23.72,30.44,1.97,85.91,101.02,Barishal
2022-10-17,27.54,24.12,30.83,1.08,82.49,101.07,Barishal
2022-10-18,27.57,24.51,30.34,0.94,81.35,101.01,Barishal
2022-10-19,27.32,24.74,29.77,1.62,82.23,101.0,Barishal
2022-10-20,26.91,24.27,30.36,0.29,85.17,101.07,Barishal
2022-10-21,27.09,24.2,30.58,0.12,85.94,101.17,Barishal
2022-10-22,27.23,23.93,31.08,0.1,83.4,101.15,Barishal
2022-10-23,25.57,24.35,27.31,36.57,90.94,101.04,Barishal
2022-10-24,25.36,24.42,26.66,209.35,94.22,100.17,Barishal
2022-10-25,25.0,22.27,28.15,16.61,86.28,100.71,Barishal
2022-10-26,25.21,22.26,28.27,3.15,79.39,101.24,Barishal
2022-10-27,24.74,21.76,28.5,0.0,81.78,101.19,Barishal
2022-10-28,24.07,20.82,27.98,0.01,78.18,101.13,Barishal
2022-10-29,24.16,19.53,28.4,0.03,78.48,101.1,Barishal
2022-10-30,24.7,20.66,28.82,2.74,79.2,101.09,Barishal
2022-10-31,25.3,21.48,29.3,4.72,81.48,101.14,Barishal
2022-11-01,26.06,22.8,29.71,0.46,87.07,101.17,Barishal
2022-11-02,26.23,23.25,29.78,0.27,85.4,101.04,Barishal
2022-11-03,25.18,22.42,28.28,0.1,84.37,101.07,Barishal
2022-11-04,24.14,20.43,27.73,0.01,76.81,101.25,Barishal
2022-11-05,24.82,20.94,29.07,0.2,73.12,101.4,Barishal
2022-11-06,24.55,20.59,28.83,1.42,76.59,101.41,Barishal
2022-11-07,23.87,19.53,28.49,2.35,75.95,101.36,Barishal
2022-11-08,24.24,20.0,28.06,0.0,68.0,101.35,Barishal
2022-11-09,24.49,20.35,27.82,0.0,69.02,101.37,Barishal
2022-11-10,24.22,19.84,27.84,0.0,71.83,101.35,Barishal
2022-11-11,23.94,19.76,27.95,0.0,74.86,101.33,Barishal
2022-11-12,23.65,19.76,27.8,0.0,77.17,101.28,Barishal
2022-11-13,22.37,19.08,26.49,0.71,82.94,101.28,Barishal
2022-11-14,22.03,17.95,26.47,1.59,78.7,101.29,Barishal
2022-11-15,22.61,18.11,26.86,0.0,73.5,101.23,Barishal
2022-11-16,22.68,18.83,26.69,0.0,79.7,101.12,Barishal
2022-11-17,22.27,18.15,26.99,0.0,83.98,101.11,Barishal
2022-11-18,21.39,17.43,26.05,0.0,83.32,101.24,Barishal
2022-11-19,21.7,16.93,26.69,0.04,84.13,101.19,Barishal
2022-11-20,22.87,18.75,27.23,3.01,82.22,101.08,Barishal
2022-11-21,22.58,19.17,27.06,0.18,82.15,101.02,Barishal
2022-11-22,21.25,17.3,25.92,1.07,83.34,101.1,Barishal
2022-11-23,20.58,16.44,25.5,0.0,87.05,101.13,Barishal
2022-11-24,20.67,16.22,25.97,4.78,84.38,101.14,Barishal
2022-11-25,21.46,16.84,26.43,90.75,85.06,101.2,Barishal
2022-11-26,21.75,17.24,26.55,7.05,83.58,101.07,Barishal
2022-11-27,21.66,17.4,26.23,0.53,77.55,100.92,Barishal
2022-11-28,22.37,17.9,26.8,0.32,81.6,100.99,Barishal
2022-11-29,24.04,20.48,28.05,0.41,81.03,101.13,Barishal
2022-11-30,23.47,20.19,27.54,0.01,82.27,101.22,Barishal
2022-12-01,22.21,19.06,26.65,0.01,80.71,101.18,Barishal
2022-12-02,20.78,16.63,25.72,0.0,85.91,101.17,Barishal
2022-12-03,20.03,15.76,24.78,0.0,84.82,101.21,Barishal
2022-12-04,19.91,15.09,25.28,0.0,82.84,101.26,Barishal
2022-12-05,20.2,15.81,25.38,0.0,86.18,101.33,Barishal
2022-12-06,20.21,15.97,25.21,0.0,85.44,101.22,Barishal
2022-12-07,19.93,15.71,25.12,0.0,84.61,101.2,Barishal
2022-12-08,19.86,15.89,24.46,0.0,85.41,101.22,Barishal
2022-12-09,20.36,15.48,24.74,0.0,82.24,101.22,Barishal
2022-12-10,20.89,16.48,25.17,0.0,83.05,101.21,Barishal
2022-12-11,20.49,16.13,25.09,0.0,81.5,101.26,Barishal
2022-12-12,20.22,15.76,24.8,0.0,80.18,101.23,Barishal
2022-12-13,20.23,15.74,24.45,0.0,79.56,101.26,Barishal
2022-12-14,21.07,17.33,25.13,0.0,78.75,101.27,Barishal
2022-12-15,19.57,15.24,24.4,0.0,78.7,101.19,Barishal
2022-12-16,18.24,13.81,23.53,0.0,80.34,101.17,Barishal
2022-12-17,18.19,13.56,23.5,0.0,81.68,101.27,Barishal
2022-12-18,19.21,13.93,23.83,0.0,75.36,101.28,Barishal
2022-12-19,20.04,15.45,24.49,0.0,75.13,101.16,Barishal
2022-12-20,20.53,16.6,24.73,0.0,76.62,101.14,Barishal
2022-12-21,19.48,15.17,24.16,0.0,83.25,101.18,Barishal
2022-12-22,19.08,14.54,23.47,0.0,80.96,101.18,Barishal
2022-12-23,19.07,14.56,24.0,0.0,75.72,101.22,Barishal
2022-12-24,19.03,13.36,23.91,0.0,69.1,101.28,Barishal
2022-12-25,20.37,16.18,25.38,0.0,73.13,101.39,Barishal
2022-12-26,21.26,17.07,26.45,0.0,78.33,101.52,Barishal
2022-12-27,21.39,16.62,25.85,0.59,82.44,101.45,Barishal
2022-12-28,21.31,17.57,25.01,11.62,85.09,101.52,Barishal
2022-12-29,17.72,13.53,22.73,0.07,74.19,101.72,Barishal
2022-12-30,17.47,12.91,22.22,0.0,72.42,101.78,Barishal
2022-12-31,18.2,13.79,22.81,0.0,72.32,101.74,Barishal
2023-01-01,17.73,13.79,22.53,0.0,78.77,101.81,Barishal
2023-01-02,17.9,13.16,22.89,0.0,76.7,101.82,Barishal
2023-01-03,17.37,12.8,22.59,0.0,80.38,101.8,Barishal
2023-01-04,16.42,12.37,21.94,0.0,85.37,101.79,Barishal
2023-01-05,16.4,12.02,22.06,0.0,84.74,101.83,Barishal
2023-01-06,16.23,11.49,22.17,0.01,83.55,101.82,Barishal
2023-01-07,16.17,11.09,21.97,0.01,82.71,101.65,Barishal
2023-01-08,17.38,12.11,23.14,0.01,85.84,101.57,Barishal
2023-01-09,18.38,13.01,24.52,0.01,81.93,101.64,Barishal
2023-01-10,18.83,13.12,24.82,0.0,76.93,101.51,Barishal
2023-01-11,17.71,12.44,23.28,0.0,74.2,101.37,Barishal
2023-01-12,17.42,11.67,22.41,0.0,68.78,101.25,Barishal
2023-01-13,18.62,13.48,24.22,0.0,68.61,101.32,Barishal
2023-01-14,19.48,15.29,24.8,0.0,81.85,101.25,Barishal
2023-01-15,19.78,16.28,24.36,0.0,83.68,101.24,Barishal
2023-01-16,18.3,13.9,23.39,0.0,77.7,101.39,Barishal
2023-01-17,17.73,13.19,22.79,0.0,78.17,101.5,Barishal
2023-01-18,16.92,12.65,21.64,0.0,76.13,101.68,Barishal
2023-01-19,16.36,11.93,21.71,0.0,72.04,101.68,Barishal
2023-01-20,16.26,10.83,21.87,0.0,70.66,101.59,Barishal
2023-01-21,17.39,11.4,22.78,0.09,71.75,101.46,Barishal
2023-01-22,18.19,12.59,23.43,0.0,69.83,101.41,Barishal
2023-01-23,19.16,13.64,24.12,0.0,74.32,101.37,Barishal
2023-01-24,20.26,14.87,25.67,0.0,75.65,101.37,Barishal
2023-01-25,20.93,15.51,25.79,0.0,68.58,101.36,Barishal
2023-01-26,21.41,16.17,26.26,0.0,70.45,101.27,Barishal
2023-01-27,21.21,16.91,25.88,0.0,75.66,101.29,Barishal
2023-01-28,20.56,15.91,25.57,0.0,79.5,101.25,Barishal
2023-01-29,20.16,14.99,25.43,0.0,73.99,101.31,Barishal
2023-01-30,20.52,13.97,26.1,0.0,70.36,101.42,Barishal
2023-01-31,21.21,17.75,26.24,0.33,74.24,101.2,Barishal
2023-02-01,20.48,15.87,25.72,0.0,73.56,101.19,Barishal
2023-02-02,19.34,14.57,25.37,0.0,67.82,101.3,Barishal
2023-02-03,18.81,12.8,24.91,0.0,68.21,101.25,Barishal
2023-02-04,19.43,13.02,24.5,0.0,62.15,101.15,Barishal
2023-02-05,20.68,15.25,25.57,0.0,56.2,101.13,Barishal
2023-02-06,20.84,15.59,26.14,0.0,59.75,101.17,Barishal
2023-02-07,20.63,15.68,26.48,0.0,78.86,101.12,Barishal
2023-02-08,21.55,17.48,26.86,0.0,82.47,101.18,Barishal
2023-02-09,22.61,18.54,27.57,0.0,73.72,101.19,Barishal
2023-02-10,22.59,18.63,26.9,0.0,65.91,101.27,Barishal
2023-02-11,22.1,17.3,28.36,0.0,67.55,101.23,Barishal
2023-02-12,22.43,17.61,28.31,0.0,81.2,101.21,Barishal
2023-02-13,20.4,14.18,26.64,0.0,59.55,101.32,Barishal
2023-02-14,20.11,14.85,26.46,0.0,51.62,101.3,Barishal
2023-02-15,20.45,15.39,25.86,0.0,52.9,101.18,Barishal
2023-02-16,20.97,16.68,26.51,0.0,65.38,101.3,Barishal
2023-02-17,21.81,17.48,26.97,0.0,69.4,101.45,Barishal
2023-02-18,22.89,19.17,27.82,0.0,70.55,101.43,Barishal
2023-02-19,23.07,18.48,28.16,0.0,72.4,101.32,Barishal
2023-02-20,23.73,19.36,28.97,0.0,71.75,101.23,Barishal
2023-02-21,24.13,19.89,29.49,0.0,77.73,101.25,Barishal
2023-02-22,24.43,20.22,29.97,0.0,80.04,101.17,Barishal
2023-02-23,24.6,20.32,29.93,0.0,79.33,101.19,Barishal
2023-02-24,25.43,20.87,31.12,0.0,73.2,101.28,Barishal
2023-02-25,25.87,21.48,31.02,0.51,64.5,101.5,Barishal
2023-02-26,25.57,19.91,31.83,0.77,54.84,101.64,Barishal
2023-02-27,25.06,19.77,31.9,0.51,57.86,101.59,Barishal
2023-02-28,25.38,20.06,32.02,0.0,58.82,101.61,Barishal
2023-03-01,25.23,19.91,31.54,0.0,57.06,101.62,Barishal
2023-03-02,25.97,19.99,32.31,0.0,50.06,101.59,Barishal
2023-03-03,26.65,20.93,32.87,0.0,49.23,101.58,Barishal
2023-03-04,26.8,21.41,33.42,0.0,53.91,101.54,Barishal
2023-03-05,27.27,21.69,34.13,0.0,61.65,101.41,Barishal
2023-03-06,27.04,21.67,34.03,0.0,61.01,101.33,Barishal
2023-03-07,26.86,20.67,33.3,0.0,56.48,101.37,Barishal
2023-03-08,26.82,22.22,32.54,0.0,53.01,101.44,Barishal
2023-03-09,26.73,21.73,32.73,0.0,49.9,101.32,Barishal
2023-03-10,25.29,21.46,28.96,0.0,50.11,101.35,Barishal
2023-03-11,26.6,21.65,32.04,0.0,50.12,101.33,Barishal
2023-03-12,26.97,20.56,33.9,0.0,49.74,101.23,Barishal
2023-03-13,27.61,20.82,34.33,0.0,49.28,101.08,Barishal
2023-03-14,26.58,21.78,32.43,0.02,67.3,100.99,Barishal
2023-03-15,26.77,22.04,32.75,0.24,70.62,100.96,Barishal
2023-03-16,26.07,22.52,31.09,0.39,71.29,101.16,Barishal
2023-03-17,26.32,22.71,30.99,0.52,64.81,101.2,Barishal
2023-03-18,25.41,21.63,29.92,4.13,66.86,101.1,Barishal
2023-03-19,24.13,22.04,27.64,12.35,78.13,101.03,Barishal
2023-03-20,24.13,22.12,27.37,8.11,78.03,100.92,Barishal
2023-03-21,25.09,21.77,29.06,20.41,78.52,100.9,Barishal
2023-03-22,25.03,21.63,28.97,15.54,78.64,100.83,Barishal
2023-03-23,25.05,21.66,29.41,8.17,78.36,100.83,Barishal
2023-03-24,25.75,21.49,30.99,1.44,72.78,100.97,Barishal
2023-03-25,26.58,22.13,31.85,1.73,73.98,101.03,Barishal
2023-03-26,27.26,22.95,32.45,1.85,75.12,100.86,Barishal
2023-03-27,26.9,23.01,31.93,8.01,77.88,100.84,Barishal
2023-03-28,27.61,23.58,32.48,4.64,73.42,100.88,Barishal
2023-03-29,27.12,23.44,31.3,9.6,78.17,101.03,Barishal
2023-03-30,26.72,23.12,30.72,9.72,79.09,100.91,Barishal
2023-03-31,26.25,23.35,29.38,21.84,84.46,100.89,Barishal
2023-04-01,25.68,23.48,28.93,24.39,84.6,100.83,Barishal
2023-04-02,25.83,22.09,29.74,5.95,77.67,100.71,Barishal
2023-04-03,26.59,22.68,30.38,4.37,78.61,100.72,Barishal
2023-04-04,27.47,23.66,31.67,2.03,79.56,100.8,Barishal
2023-04-05,27.56,23.93,31.93,3.51,83.23,100.74,Barishal
2023-04-06,27.87,23.99,32.77,7.16,76.62,100.94,Barishal
2023-04-07,28.07,23.45,32.94,3.87,69.69,101.12,Barishal
2023-04-08,28.45,23.05,34.09,0.02,67.24,101.22,Barishal
2023-04-09,28.73,23.78,34.08,0.38,66.77,101.13,Barishal
2023-04-10,29.08,23.88,34.79,1.46,69.24,100.97,Barishal
2023-04-11,29.54,24.62,35.08,0.02,72.5,100.93,Barishal
2023-04-12,29.57,24.15,36.16,0.0,64.69,100.82,Barishal
2023-04-13,29.51,23.79,36.23,0.0,69.7,100.76,Barishal
2023-04-14,30.47,24.44,37.22,0.0,66.6,100.72,Barishal
2023-04-15,30.88,26.06,37.01,0.0,66.16,100.68,Barishal
2023-04-16,30.74,26.61,35.65,0.02,68.18,100.57,Barishal
2023-04-17,30.02,26.43,34.34,0.07,75.19,100.67,Barishal
2023-04-18,30.41,26.52,35.89,0.09,74.28,100.76,Barishal
2023-04-19,30.04,25.8,35.43,0.1,75.68,100.44,Barishal
2023-04-20,30.41,26.39,35.65,0.15,75.38,100.2,Barishal
2023-04-21,30.65,26.98,35.57,1.05,73.04,100.26,Barishal
2023-04-22,30.42,26.0,35.9,0.6,67.38,100.39,Barishal
2023-04-23,30.12,26.33,34.76,1.33,62.43,100.66,Barishal
2023-04-24,29.9,24.37,34.84,0.56,59.4,100.96,Barishal
2023-04-25,30.05,24.91,35.21,0.16,58.32,100.92,Barishal
2023-04-26,30.41,24.99,36.1,0.04,55.45,100.75,Barishal
2023-04-27,30.61,25.31,36.38,0.51,61.07,100.78,Barishal
2023-04-28,29.33,24.93,34.07,8.14,69.38,100.86,Barishal
2023-04-29,30.16,25.74,35.63,6.12,67.04,100.76,Barishal
2023-04-30,29.89,25.88,35.06,5.01,64.9,100.66,Barishal
2023-05-01,30.27,26.11,35.53,1.06,65.55,100.74,Barishal
2023-05-02,30.09,25.96,34.87,0.05,61.44,100.87,Barishal
2023-05-03,29.61,25.83,34.05,7.45,68.08,100.94,Barishal
2023-05-04,29.67,26.06,34.44,4.87,66.78,100.84,Barishal
2023-05-05,29.04,25.93,32.29,7.25,71.19,100.57,Barishal
2023-05-06,30.02,26.37,34.34,4.71,71.69,100.44,Barishal
2023-05-07,31.05,26.24,36.38,0.59,65.73,100.43,Barishal
2023-05-08,32.36,26.27,38.58,0.04,60.67,100.38,Barishal
2023-05-09,32.6,27.11,38.89,0.06,62.09,100.39,Barishal
2023-05-10,32.39,27.74,38.37,0.52,64.36,100.5,Barishal
2023-05-11,31.53,27.63,36.61,0.16,67.49,100.67,Barishal
2023-05-12,30.4,27.36,34.11,0.12,71.82,100.65,Barishal
2023-05-13,29.55,27.03,33.0,4.75,74.39,100.5,Barishal
2023-05-14,28.7,26.05,32.67,0.21,67.17,99.88,Barishal
2023-05-15,29.57,24.55,35.09,2.78,61.68,100.34,Barishal
2023-05-16,30.12,27.28,34.15,13.17,75.43,100.58,Barishal
2023-05-17,29.0,26.91,32.17,23.88,85.6,100.81,Barishal
2023-05-18,27.99,26.22,30.24,35.54,87.57,100.9,Barishal
2023-05-19,28.02,26.24,30.2,7.04,85.99,100.69,Barishal
2023-05-20,28.49,26.69,30.99,2.75,86.21,100.64,Barishal
2023-05-21,28.59,26.11,31.46,3.04,84.37,100.77,Barishal
2023-05-22,28.62,26.71,31.12,8.59,86.47,100.78,Barishal
2023-05-23,28.41,26.62,31.1,24.75,88.36,100.74,Barishal
2023-05-24,27.37,26.14,29.4,53.47,88.05,100.66,Barishal
2023-05-25,27.91,25.84,30.56,23.14,86.44,100.59,Barishal
2023-05-26,28.43,26.46,31.07,9.69,85.15,100.68,Barishal
2023-05-27,28.36,26.05,31.35,11.72,82.34,100.6,Barishal
2023-05-28,29.38,25.86,32.58,2.48,73.5,100.62,Barishal
2023-05-29,30.01,26.23,33.42,1.47,74.13,100.71,Barishal
2023-05-30,30.34,26.66,34.02,0.01,75.95,100.64,Barishal
2023-05-31,30.46,27.42,33.94,0.05,78.84,100.45,Barishal
2023-06-01,29.99,27.72,32.95,0.69,80.89,100.36,Barishal
2023-06-02,29.36,27.68,31.47,1.31,86.08,100.4,Barishal
2023-06-03,29.44,27.38,31.97,1.29,86.11,100.49,Barishal
2023-06-04,29.73,27.51,31.94,1.2,83.01,100.46,Barishal
2023-06-05,30.6,27.26,34.2,0.69,76.59,100.28,Barishal
2023-06-06,30.01,27.75,32.95,0.63,78.24,100.22,Barishal
2023-06-07,30.28,27.71,33.29,5.44,77.87,100.18,Barishal
2023-06-08,29.52,27.55,32.36,26.12,80.92,100.12,Barishal
2023-06-09,29.7,27.56,32.56,26.36,76.2,100.04,Barishal
2023-06-10,29.65,27.01,33.01,11.49,80.22,99.94,Barishal
2023-06-11,29.41,27.16,31.95,20.87,84.86,99.91,Barishal
2023-06-12,29.04,27.58,30.88,15.04,89.36,99.95,Barishal
2023-06-13,29.02,27.17,31.03,26.64,89.78,99.94,Barishal
2023-06-14,29.23,28.06,31.38,23.45,88.28,100.01,Barishal
2023-06-15,29.02,28.19,30.27,13.95,91.01,100.03,Barishal
2023-06-16,29.11,27.87,31.33,7.62,89.01,100.12,Barishal
2023-06-17,28.91,27.79,30.47,10.77,92.05,100.26,Barishal
2023-06-18,28.83,27.63,30.64,22.02,90.91,100.33,Barishal
2023-06-19,28.81,27.49,30.76,12.3,90.15,100.3,Barishal
2023-06-20,29.01,27.34,31.24,14.98,88.19,100.28,Barishal
2023-06-21,28.92,27.48,31.2,6.8,89.96,100.35,Barishal
2023-06-22,28.56,26.91,31.31,10.58,86.66,100.39,Barishal
2023-06-23,28.38,26.73,30.18,14.28,88.42,100.27,Barishal
2023-06-24,28.48,27.01,30.7,33.8,88.37,100.13,Barishal
2023-06-25,28.48,26.74,30.94,18.88,86.69,100.2,Barishal
2023-06-26,28.33,27.25,30.02,40.75,87.77,100.24,Barishal
2023-06-27,27.84,27.08,29.02,50.17,92.27,100.3,Barishal
2023-06-28,28.39,27.06,30.1,35.43,91.05,100.51,Barishal
2023-06-29,28.41,27.14,30.24,25.81,91.11,100.51,Barishal
2023-06-30,28.64,26.71,30.84,34.13,90.71,100.41,Barishal
2023-07-01,29.08,27.19,31.59,13.28,88.56,100.37,Barishal
2023-07-02,28.88,27.34,30.65,12.84,89.79,100.32,Barishal
2023-07-03,29.18,27.51,31.33,8.19,89.32,100.32,Barishal
2023-07-04,29.33,27.38,31.78,2.71,86.99,100.23,Barishal
2023-07-05,29.01,27.46,31.27,9.48,88.82,100.1,Barishal
2023-07-06,29.07,27.72,30.83,21.27,88.6,100.28,Barishal
2023-07-07,28.69,27.7,30.51,15.66,90.16,100.48,Barishal
2023-07-08,28.74,26.97,30.83,14.87,89.13,100.51,Barishal
2023-07-09,29.06,27.18,31.48,11.06,88.18,100.4,Barishal
2023-07-10,29.08,27.18,31.67,22.14,88.27,100.39,Barishal
2023-07-11,28.68,26.72,31.29,8.6,87.75,100.43,Barishal
2023-07-12,28.28,26.59,30.4,11.14,88.42,100.45,Barishal
2023-07-13,28.62,27.43,30.45,18.59,91.23,100.39,Barishal
2023-07-14,28.22,27.38,29.37,17.38,93.54,100.29,Barishal
2023-07-15,28.64,27.0,30.81,7.88,89.08,100.14,Barishal
2023-07-16,28.56,26.93,30.44,9.44,89.52,100.11,Barishal
2023-07-17,28.46,26.9,30.64,8.89,90.17,100.04,Barishal
2023-07-18,28.6,27.19,30.42,3.53,89.29,100.04,Barishal
2023-07-19,28.84,27.22,31.02,3.86,88.71,99.97,Barishal
2023-07-20,28.9,27.46,31.15,1.41,89.08,99.99,Barishal
2023-07-21,28.96,27.61,31.68,1.86,90.26,100.24,Barishal
2023-07-22,28.96,27.59,31.15,2.48,89.01,100.54,Barishal
2023-07-23,28.86,27.28,30.99,1.85,89.37,100.51,Barishal
2023-07-24,29.01,26.85,31.78,0.78,86.39,100.35,Barishal
2023-07-25,29.24,27.26,31.85,2.32,86.86,100.35,Barishal
2023-07-26,29.13,27.64,31.4,12.23,86.99,100.41,Barishal
2023-07-27,29.23,27.25,31.83,9.06,86.99,100.35,Barishal
2023-07-28,29.12,27.36,31.71,11.44,86.91,100.08,Barishal
2023-07-29,29.35,27.49,31.52,11.88,87.16,99.94,Barishal
2023-07-30,29.83,27.85,32.25,3.77,85.83,99.73,Barishal
2023-07-31,30.22,27.4,33.19,12.93,83.43,99.61,Barishal
2023-08-01,29.35,27.87,31.63,60.65,88.82,99.39,Barishal
2023-08-02,28.74,27.76,29.82,27.41,89.67,99.7,Barishal
2023-08-03,28.91,27.38,31.27,18.91,89.35,99.97,Barishal
2023-08-04,28.57,27.48,30.28,59.3,91.17,100.31,Barishal
2023-08-05,28.39,27.03,30.44,22.08,89.79,100.39,Barishal
2023-08-06,27.92,27.27,29.05,44.93,92.34,100.15,Barishal
2023-08-07,28.01,27.28,29.51,179.93,93.07,99.81,Barishal
2023-08-08,27.67,26.6,29.72,70.25,92.89,99.97,Barishal
2023-08-09,28.34,26.2,30.75,13.3,89.1,100.32,Barishal
2023-08-10,27.95,26.82,29.51,15.79,90.2,100.45,Barishal
2023-08-11,28.59,26.42,31.19,25.32,87.73,100.39,Barishal
2023-08-12,27.99,27.07,28.93,26.24,91.48,100.25,Barishal
2023-08-13,28.2,26.24,30.21,28.96,89.69,100.28,Barishal
2023-08-14,28.33,25.87,30.94,19.6,85.08,100.37,Barishal
2023-08-15,28.55,26.79,30.99,13.85,89.31,100.38,Barishal
2023-08-16,28.79,26.58,31.29,6.3,88.83,100.33,Barishal
2023-08-17,28.31,26.95,29.83,15.01,89.86,100.25,Barishal
2023-08-18,28.32,26.67,30.44,8.6,88.54,100.26,Barishal
2023-08-19,28.7,27.09,31.13,5.83,88.34,100.42,Barishal
2023-08-20,28.81,26.82,31.43,3.2,87.46,100.49,Barishal
2023-08-21,28.29,26.19,30.58,10.77,87.85,100.42,Barishal
2023-08-22,28.07,26.62,29.86,8.18,91.01,100.44,Barishal
2023-08-23,28.2,26.9,29.57,41.28,91.52,100.35,Barishal
2023-08-24,28.69,27.09,30.92,23.64,91.28,100.12,Barishal
2023-08-25,28.17,26.71,30.23,20.17,92.64,100.09,Barishal
2023-08-26,28.3,26.75,30.63,28.08,91.05,100.22,Barishal
2023-08-27,28.52,26.98,30.9,34.38,91.38,100.17,Barishal
2023-08-28,29.2,26.84,32.05,13.3,88.26,100.17,Barishal
2023-08-29,29.81,27.79,31.96,15.63,83.57,100.23,Barishal
2023-08-30,29.79,26.93,32.51,4.62,82.03,100.35,Barishal
2023-08-31,29.04,27.43,31.49,15.67,87.91,100.48,Barishal
2023-09-01,29.15,27.32,31.37,18.91,87.88,100.48,Barishal
2023-09-02,29.65,27.38,32.28,14.48,82.41,100.33,Barishal
2023-09-03,28.15,27.2,29.75,21.56,90.44,100.14,Barishal
2023-09-04,28.32,26.72,29.87,11.42,86.94,100.1,Barishal
2023-09-05,28.67,26.59,31.07,17.64,88.54,100.17,Barishal
2023-09-06,28.21,27.16,29.79,14.45,91.58,100.29,Barishal
2023-09-07,27.98,26.85,29.03,33.71,92.35,100.35,Barishal
2023-09-08,28.0,27.31,28.73,26.13,93.94,100.53,Barishal
2023-09-09,28.63,26.88,30.89,6.54,87.39,100.49,Barishal
2023-09-10,29.12,26.31,32.33,2.63,84.47,100.28,Barishal
2023-09-11,28.43,26.96,30.25,17.3,89.28,100.21,Barishal
2023-09-12,28.44,26.88,30.75,7.82,86.31,100.2,Barishal
2023-09-13,28.32,27.01,29.87,8.21,91.06,100.13,Barishal
2023-09-14,28.29,27.32,29.91,30.07,90.41,100.31,Barishal
2023-09-15,28.24,27.29,29.64,6.07,89.87,100.53,Barishal
2023-09-16,28.76,26.99,31.04,9.38,86.41,100.48,Barishal
2023-09-17,29.49,26.86,32.55,12.35,83.88,100.29,Barishal
2023-09-18,27.8,26.84,28.91,62.01,90.78,100.31,Barishal
2023-09-19,27.91,26.7,29.5,32.61,91.88,100.42,Barishal
2023-09-20,28.16,27.57,29.34,39.4,92.42,100.54,Barishal
2023-09-21,28.26,27.48,29.7,18.13,91.69,100.71,Barishal
2023-09-22,28.23,27.13,29.88,13.89,90.98,100.75,Barishal
2023-09-23,28.35,26.88,30.55,18.07,89.02,100.75,Barishal
2023-09-24,28.26,26.72,30.52,13.7,89.98,100.63,Barishal
2023-09-25,28.53,26.84,30.89,14.11,88.89,100.59,Barishal
2023-09-26,28.97,26.6,31.94,4.55,82.29,100.59,Barishal
2023-09-27,28.45,26.27,30.93,13.57,86.83,100.53,Barishal
2023-09-28,28.79,25.54,31.66,3.82,86.21,100.36,Barishal
2023-09-29,28.01,26.91,29.63,10.09,91.72,100.32,Barishal
2023-09-30,27.81,26.56,29.35,11.08,90.95,100.34,Barishal
2023-10-01,27.77,26.39,29.74,13.52,89.11,100.38,Barishal
2023-10-02,27.88,26.63,29.49,23.78,91.94,100.49,Barishal
2023-10-03,27.87,26.65,29.98,39.17,90.05,100.6,Barishal
2023-10-04,27.9,26.86,29.32,80.61,92.76,100.65,Barishal
2023-10-05,27.9,27.2,29.01,79.14,93.45,100.54,Barishal
2023-10-06,27.84,26.52,29.91,15.64,88.98,100.51,Barishal
2023-10-07,27.87,26.29,30.16,12.84,89.6,100.64,Barishal
2023-10-08,28.12,26.07,30.87,15.59,89.71,100.78,Barishal
2023-10-09,28.39,26.63,30.67,8.09,89.52,100.89,Barishal
2023-10-10,29.02,26.74,31.46,2.04,80.84,100.9,Barishal
2023-10-11,28.53,25.68,31.73,2.18,78.57,100.9,Barishal
2023-10-12,28.33,25.81,31.4,3.53,82.82,101.07,Barishal
2023-10-13,28.32,25.27,30.97,3.79,76.49,101.18,Barishal
2023-10-14,28.44,26.04,30.9,0.02,66.35,101.11,Barishal
2023-10-15,28.24,25.15,31.0,0.02,71.18,100.96,Barishal
2023-10-16,27.57,23.79,30.91,0.0,72.11,101.04,Barishal
2023-10-17,27.53,23.79,30.86,0.0,70.62,101.11,Barishal
2023-10-18,27.35,24.33,30.37,0.02,75.18,101.18,Barishal
2023-10-19,26.2,23.05,29.25,0.02,83.25,101.23,Barishal
2023-10-20,25.77,22.73,29.43,0.0,84.65,101.28,Barishal
2023-10-21,25.73,22.19,29.58,0.0,82.62,101.3,Barishal
2023-10-22,26.41,22.02,30.3,3.91,79.04,101.29,Barishal
2023-10-23,25.61,24.34,28.61,6.71,84.26,101.26,Barishal
2023-10-24,25.71,24.37,27.68,31.13,89.08,101.02,Barishal
2023-10-25,26.47,23.64,29.56,7.25,85.47,101.06,Barishal
2023-10-26,27.33,24.43,30.24,6.72,75.88,101.19,Barishal
2023-10-27,26.37,23.34,29.64,0.32,76.77,101.17,Barishal
2023-10-28,25.18,22.31,28.95,0.01,81.24,101.21,Barishal
2023-10-29,24.3,20.28,28.62,0.0,77.26,101.21,Barishal
2023-10-30,24.64,20.99,28.81,0.0,76.99,101.25,Barishal
2023-10-31,25.29,21.2,29.16,0.0,77.87,101.35,Barishal
2023-11-01,25.7,22.13,29.68,0.0,80.7,101.35,Barishal
2023-11-02,26.03,22.3,29.8,0.04,83.13,101.26,Barishal
2023-11-03,26.06,22.9,29.23,0.05,81.78,101.1,Barishal
2023-11-04,26.44,22.68,29.64,0.37,76.72,101.1,Barishal
2023-11-05,25.62,23.15,28.93,0.7,81.52,101.26,Barishal
2023-11-06,24.39,21.8,28.29,0.05,82.96,101.37,Barishal
2023-11-07,23.45,19.75,27.41,0.0,79.07,101.31,Barishal
2023-11-08,23.21,19.27,27.24,0.0,81.32,101.25,Barishal
2023-11-09,23.4,19.84,27.45,0.0,83.77,101.28,Barishal
2023-11-10,23.41,19.43,27.81,0.0,81.44,101.39,Barishal
2023-11-11,23.29,19.33,27.88,0.0,82.47,101.43,Barishal
2023-11-12,23.43,19.38,28.07,0.0,83.15,101.45,Barishal
2023-11-13,23.41,19.05,27.64,0.05,82.06,101.48,Barishal
2023-11-14,23.74,19.11,27.92,0.01,78.66,101.41,Barishal
2023-11-15,23.84,19.83,27.99,0.07,76.59,101.44,Barishal
2023-11-16,23.97,21.78,26.94,63.72,87.52,101.53,Barishal
2023-11-17,23.93,21.88,25.69,114.86,93.52,101.26,Barishal
2023-11-18,23.41,20.44,26.51,12.35,87.11,101.34,Barishal
2023-11-19,24.09,20.35,27.51,1.37,83.6,101.45,Barishal
2023-11-20,24.42,21.26,27.71,0.08,85.63,101.44,Barishal
2023-11-21,24.01,21.51,26.76,0.2,80.91,101.32,Barishal
2023-11-22,22.55,19.06,26.56,0.02,83.12,101.26,Barishal
2023-11-23,21.38,17.56,25.66,0.03,81.39,101.23,Barishal
2023-11-24,21.71,17.44,25.92,0.0,79.07,101.34,Barishal
2023-11-25,22.03,17.32,26.46,0.0,77.3,101.48,Barishal
2023-11-26,22.18,17.64,26.37,0.0,75.82,101.54,Barishal
2023-11-27,23.07,17.96,27.51,0.0,78.56,101.44,Barishal
2023-11-28,23.8,19.18,27.86,0.0,75.35,101.3,Barishal
2023-11-29,22.71,18.75,25.95,0.0,77.63,101.38,Barishal
2023-11-30,22.77,18.73,27.03,0.0,83.05,101.43,Barishal
2023-12-01,22.64,18.54,27.1,0.0,83.09,101.37,Barishal
2023-12-02,23.03,19.27,27.09,0.0,80.62,101.39,Barishal
2023-12-03,22.98,19.27,27.2,0.0,84.73,101.41,Barishal
2023-12-04,23.01,19.33,26.65,0.1,85.34,101.31,Barishal
2023-12-05,22.37,20.79,24.61,23.52,86.79,101.31,Barishal
2023-12-06,22.13,19.97,24.57,6.78,87.59,101.39,Barishal
2023-12-07,21.8,20.72,23.45,3.07,92.98,101.28,Barishal
2023-12-08,22.1,19.95,25.11,12.86,91.12,101.12,Barishal
2023-12-09,20.99,18.19,24.71,2.45,88.39,101.3,Barishal
2023-12-10,19.34,16.14,23.44,0.02,82.5,101.27,Barishal
2023-12-11,18.82,15.08,23.23,0.0,82.89,101.35,Barishal
2023-12-12,19.0,14.49,23.61,0.09,82.94,101.26,Barishal
2023-12-13,19.0,14.97,23.54,0.0,79.23,101.4,Barishal
2023-12-14,17.9,14.05,22.39,0.0,72.11,101.58,Barishal
2023-12-15,17.28,12.98,22.55,0.0,81.55,101.6,Barishal
2023-12-16,17.57,12.69,22.67,0.0,84.0,101.47,Barishal
2023-12-17,18.07,13.39,23.37,0.0,82.83,101.49,Barishal
2023-12-18,17.97,12.97,23.07,0.0,82.86,101.58,Barishal
2023-12-19,18.19,14.12,23.21,0.0,86.3,101.63,Barishal
2023-12-20,18.43,13.52,23.58,0.0,83.68,101.57,Barishal
2023-12-21,19.62,14.97,23.88,0.0,78.57,101.48,Barishal
2023-12-22,19.96,15.82,24.16,0.0,74.29,101.52,Barishal
2023-12-23,20.83,17.31,24.75,0.0,73.0,101.68,Barishal
2023-12-24,20.87,16.7,25.22,0.0,81.15,101.78,Barishal
2023-12-25,21.29,17.47,25.12,0.0,78.66,101.65,Barishal
2023-12-26,20.84,16.7,24.66,0.0,77.13,101.68,Barishal
2023-12-27,20.68,17.31,24.81,0.0,76.54,101.74,Barishal
2023-12-28,20.1,16.05,24.48,0.0,81.54,101.63,Barishal
2023-12-29,19.85,15.35,24.47,0.0,81.25,101.61,Barishal
2023-12-30,20.18,16.11,24.67,0.0,81.36,101.51,Barishal
2023-12-31,18.97,14.89,24.18,0.0,85.53,101.52,Barishal
2024-01-01,18.45,14.32,23.45,0.0,85.05,101.53,Barishal
2024-01-02,17.68,13.69,22.74,0.01,85.57,101.51,Barishal
2024-01-03,17.53,12.82,22.8,0.0,82.63,101.49,Barishal
2024-01-04,17.71,13.03,22.79,0.0,83.94,101.51,Barishal
2024-01-05,17.71,13.36,22.8,0.0,84.17,101.55,Barishal
2024-01-06,18.28,13.25,23.58,0.0,81.69,101.6,Barishal
2024-01-07,18.52,14.38,23.59,0.0,83.93,101.63,Barishal
2024-01-08,18.43,14.1,23.75,0.0,87.15,101.68,Barishal
2024-01-09,17.51,13.23,22.81,0.0,83.21,101.58,Barishal
2024-01-10,17.04,11.88,22.51,0.0,80.08,101.5,Barishal
2024-01-11,17.61,13.82,22.6,0.0,83.2,101.58,Barishal
2024-01-12,15.87,12.0,20.62,0.0,83.29,101.56,Barishal
2024-01-13,15.58,11.36,20.63,0.0,86.43,101.53,Barishal
2024-01-14,16.09,11.08,21.2,0.0,81.31,101.49,Barishal
2024-01-15,16.41,12.38,20.73,0.0,80.74,101.46,Barishal
2024-01-16,16.31,12.3,20.47,0.0,77.81,101.47,Barishal
2024-01-17,16.12,11.74,20.83,0.0,80.07,101.48,Barishal
2024-01-18,17.23,12.58,21.15,0.93,79.82,101.53,Barishal
2024-01-19,18.22,15.22,22.76,3.3,83.95,101.55,Barishal
2024-01-20,16.97,12.8,22.04,2.69,82.42,101.58,Barishal
2024-01-21,16.76,11.84,21.7,0.0,79.87,101.58,Barishal
2024-01-22,15.33,11.1,20.67,0.0,76.9,101.73,Barishal
2024-01-23,15.71,9.88,20.44,0.0,71.9,101.67,Barishal
2024-01-24,16.48,11.61,21.16,3.75,79.55,101.66,Barishal
2024-01-25,17.65,14.02,21.74,3.82,79.38,101.81,Barishal
2024-01-26,16.45,12.24,21.71,3.32,77.93,101.88,Barishal
2024-01-27,15.63,11.31,20.77,0.01,75.58,101.87,Barishal
2024-01-28,15.79,10.51,21.78,0.0,75.15,101.81,Barishal
2024-01-29,17.02,11.43,22.41,0.0,70.67,101.73,Barishal
2024-01-30,18.36,13.31,23.6,0.09,67.31,101.61,Barishal
2024-01-31,19.51,15.8,24.46,1.61,78.86,101.58,Barishal
2024-02-01,19.97,17.17,24.15,4.39,86.33,101.61,Barishal
2024-02-02,20.4,17.52,24.62,7.35,86.82,101.5,Barishal
2024-02-03,20.23,16.4,25.0,2.46,80.06,101.57,Barishal
2024-02-04,19.96,14.9,24.43,0.09,68.06,101.71,Barishal
2024-02-05,20.91,16.69,25.72,0.19,72.51,101.67,Barishal
2024-02-06,20.89,16.2,26.19,0.0,84.59,101.63,Barishal
2024-02-07,21.08,18.02,24.88,0.0,84.21,101.57,Barishal
2024-02-08,18.77,14.8,23.24,0.0,68.27,101.57,Barishal
2024-02-09,17.25,12.12,22.87,0.0,67.11,101.77,Barishal
2024-02-10,17.75,12.16,23.94,0.0,73.45,101.79,Barishal
2024-02-11,19.06,13.29,24.62,0.0,72.24,101.86,Barishal
2024-02-12,20.48,15.4,24.99,0.0,66.0,101.84,Barishal
2024-02-13,21.09,15.69,26.5,0.0,64.41,101.78,Barishal
2024-02-14,21.66,16.87,26.09,0.0,65.9,101.63,Barishal
2024-02-15,21.83,17.73,26.47,0.08,74.93,101.66,Barishal
2024-02-16,21.51,17.44,26.64,0.04,80.47,101.63,Barishal
2024-02-17,21.6,16.31,26.33,0.07,65.63,101.39,Barishal
2024-02-18,21.62,17.16,26.19,0.0,58.84,101.38,Barishal
2024-02-19,21.37,16.34,26.48,0.0,66.0,101.38,Barishal
2024-02-20,22.63,18.35,27.72,0.07,85.97,101.16,Barishal
2024-02-21,23.96,20.31,28.95,3.08,86.68,101.04,Barishal
2024-02-22,24.29,21.25,29.05,3.95,86.34,101.04,Barishal
2024-02-23,23.22,20.56,27.0,8.55,85.56,101.23,Barishal
2024-02-24,22.74,18.43,26.9,7.7,79.03,101.42,Barishal
2024-02-25,21.61,18.28,26.24,0.0,73.34,101.49,Barishal
2024-02-26,21.09,16.4,26.84,0.04,70.63,101.54,Barishal
2024-02-27,21.83,16.87,27.87,0.0,68.48,101.42,Barishal
2024-02-28,22.77,18.81,27.49,0.0,64.9,101.24,Barishal
2024-02-29,23.78,20.12,28.43,0.0,68.25,101.31,Barishal
2024-03-01,22.46,17.99,27.85,0.0,63.94,101.39,Barishal
2024-03-02,23.02,17.04,27.97,0.0,58.17,101.28,Barishal
2024-03-03,24.16,19.4,28.82,0.0,61.3,101.23,Barishal
2024-03-04,24.09,19.66,28.53,0.0,65.68,101.22,Barishal
2024-03-05,24.58,19.3,29.58,0.0,72.95,101.22,Barishal
2024-03-06,23.99,18.73,28.96,0.0,59.15,101.22,Barishal
2024-03-07,23.7,17.46,28.9,0.0,50.07,101.19,Barishal
2024-03-08,23.7,18.11,28.68,0.0,55.13,101.2,Barishal
2024-03-09,23.14,18.02,29.08,0.0,53.11,101.29,Barishal
2024-03-10,22.28,17.5,28.55,0.0,52.06,101.43,Barishal
2024-03-11,22.97,15.5,28.81,0.0,53.33,101.4,Barishal
2024-03-12,25.05,20.44,31.24,0.01,60.29,101.22,Barishal
2024-03-13,25.43,21.61,30.47,0.35,80.89,101.19,Barishal
2024-03-14,26.04,21.94,30.97,5.22,82.91,101.16,Barishal
2024-03-15,26.39,22.99,31.11,7.11,80.0,101.18,Barishal
2024-03-16,26.97,21.9,32.18,4.66,69.93,101.3,Barishal
2024-03-17,27.13,21.64,32.27,0.01,66.46,101.25,Barishal
2024-03-18,27.57,23.4,32.13,0.09,63.57,101.15,Barishal
2024-03-19,27.83,23.76,32.69,0.5,62.23,101.14,Barishal
2024-03-20,24.99,22.11,29.03,0.25,72.29,101.26,Barishal
2024-03-21,24.06,20.06,29.24,3.78,71.71,101.31,Barishal
2024-03-22,24.06,19.98,28.23,6.73,75.09,100.99,Barishal
2024-03-23,25.47,21.57,30.46,4.88,75.13,100.91,Barishal
2024-03-24,26.49,22.29,31.74,7.31,80.27,101.08,Barishal
2024-03-25,26.84,23.32,32.08,4.08,77.92,101.12,Barishal
2024-03-26,26.98,22.88,32.25,7.21,78.46,101.17,Barishal
2024-03-27,27.61,23.16,33.12,0.16,76.27,101.28,Barishal
2024-03-28,27.86,23.66,33.34,1.38,75.44,101.03,Barishal
2024-03-29,27.54,23.97,32.37,5.88,79.05,100.95,Barishal
2024-03-30,28.26,24.8,33.21,5.89,82.27,101.01,Barishal
2024-03-31,28.31,24.82,33.69,4.69,80.16,100.98,Barishal
2024-04-01,28.97,25.35,34.37,7.97,80.28,100.6,Barishal
2024-04-02,29.12,25.53,33.77,0.02,81.35,100.6,Barishal
2024-04-03,29.43,25.38,34.78,0.01,78.03,100.77,Barishal
2024-04-04,29.34,25.12,34.54,0.0,78.08,100.75,Barishal
2024-04-05,29.31,25.17,34.39,0.01,79.48,100.61,Barishal
2024-04-06,30.25,25.71,36.36,0.07,75.07,100.6,Barishal
2024-04-07,30.17,25.84,36.3,0.41,72.16,100.64,Barishal
2024-04-08,30.2,25.12,36.11,0.37,60.28,100.93,Barishal
2024-04-09,29.67,25.79,35.04,0.0,49.77,100.99,Barishal
2024-04-10,29.59,24.53,35.47,0.0,49.91,100.98,Barishal
2024-04-11,29.55,23.82,35.46,0.0,48.46,101.05,Barishal
2024-04-12,30.56,24.74,36.22,0.0,48.61,100.99,Barishal
2024-04-13,30.81,25.27,36.18,0.0,48.73,100.95,Barishal
2024-04-14,31.09,25.65,36.66,0.0,50.72,100.95,Barishal
2024-04-15,31.69,26.31,38.22,0.0,52.25,100.91,Barishal
2024-04-16,31.88,26.77,38.09,0.33,58.07,100.71,Barishal
2024-04-17,31.37,26.96,37.55,4.17,70.08,100.55,Barishal
2024-04-18,30.65,27.24,35.61,8.85,76.56,100.46,Barishal
2024-04-19,30.93,26.88,36.95,2.32,72.46,100.28,Barishal
2024-04-20,31.43,26.99,38.29,0.4,72.06,100.24,Barishal
2024-04-21,31.08,27.16,37.17,0.18,74.26,100.37,Barishal
2024-04-22,31.04,27.43,36.24,0.0,73.57,100.5,Barishal
2024-04-23,31.78,26.46,38.71,0.0,63.96,100.45,Barishal
2024-04-24,32.48,26.76,39.49,0.0,62.27,100.4,Barishal
2024-04-25,32.17,27.61,38.16,0.0,65.46,100.46,Barishal
2024-04-26,32.03,27.03,38.4,0.03,65.29,100.47,Barishal
2024-04-27,32.05,27.12,38.73,0.06,66.67,100.44,Barishal
2024-04-28,32.39,27.6,39.46,0.05,66.45,100.48,Barishal
2024-04-29,32.59,27.96,39.3,0.09,66.3,100.53,Barishal
2024-04-30,32.52,27.8,39.11,0.06,68.94,100.2,Barishal
2024-05-01,32.31,28.14,39.16,1.31,69.04,100.11,Barishal
2024-05-02,31.75,28.32,37.05,6.18,71.17,100.16,Barishal
2024-05-03,31.42,27.6,36.21,8.0,72.59,100.49,Barishal
2024-05-04,31.18,27.62,35.24,4.59,69.91,100.56,Barishal
2024-05-05,30.53,27.86,34.26,10.15,77.24,100.38,Barishal
2024-05-06,28.99,27.26,31.25,51.24,85.0,100.65,Barishal
2024-05-07,27.94,26.3,30.62,27.93,81.63,100.93,Barishal
2024-05-08,28.12,26.07,30.14,61.48,71.13,100.94,Barishal
2024-05-09,28.79,26.16,31.78,2.17,69.52,100.87,Barishal
2024-05-10,28.36,25.2,31.74,4.16,78.47,100.89,Barishal
2024-05-11,28.12,25.72,31.25,16.34,80.88,100.95,Barishal
2024-05-12,28.22,25.72,31.41,10.78,80.89,100.96,Barishal
2024-05-13,28.65,25.78,32.11,6.96,79.19,100.88,Barishal
2024-05-14,29.56,26.28,33.31,2.23,77.91,100.84,Barishal
2024-05-15,29.13,26.79,32.11,2.49,79.89,100.96,Barishal
2024-05-16,29.78,26.29,33.17,0.24,79.3,100.85,Barishal
2024-05-17,29.98,26.41,33.68,0.41,80.46,100.65,Barishal
2024-05-18,29.28,27.4,32.06,3.15,86.09,100.5,Barishal
2024-05-19,29.77,27.25,33.42,10.13,83.71,100.39,Barishal
2024-05-20,29.68,26.98,33.01,16.74,78.75,100.46,Barishal
2024-05-21,29.91,26.81,33.21,23.16,76.22,100.47,Barishal
2024-05-22,30.3,27.44,33.42,9.47,78.08,100.47,Barishal
2024-05-23,30.58,27.66,34.07,0.66,75.0,100.31,Barishal
2024-05-24,30.81,27.77,34.44,3.87,76.74,100.1,Barishal
2024-05-25,30.47,28.07,34.14,8.17,81.09,99.9,Barishal
2024-05-26,29.61,28.51,30.57,82.12,89.16,99.58,Barishal
2024-05-27,29.52,28.81,30.38,88.93,87.9,99.11,Barishal
2024-05-28,29.8,28.69,31.3,40.75,90.65,99.71,Barishal
2024-05-29,29.96,28.82,32.06,23.1,90.72,99.99,Barishal
2024-05-30,29.83,28.75,31.78,8.93,90.02,100.21,Barishal
2024-05-31,29.87,28.0,32.26,6.24,86.8,100.35,Barishal
2024-06-01,29.65,27.3,32.48,3.43,85.12,100.48,Barishal
2024-06-02,29.62,28.03,31.93,4.13,85.74,100.54,Barishal
2024-06-03,29.21,27.66,31.63,38.32,86.51,100.46,Barishal
2024-06-04,29.03,27.58,31.22,19.58,88.22,100.48,Barishal
2024-06-05,29.6,27.37,32.43,6.43,85.71,100.48,Barishal
2024-06-06,29.55,27.7,31.51,8.24,87.78,100.48,Barishal
2024-06-07,29.43,28.13,31.3,7.72,90.24,100.33,Barishal
2024-06-08,29.47,28.16,31.47,6.93,89.55,100.23,Barishal
2024-06-09,29.33,27.98,31.03,6.68,91.08,100.16,Barishal
2024-06-10,29.37,28.16,30.99,2.75,91.93,100.2,Barishal
2024-06-11,29.32,27.03,32.09,2.49,85.31,100.23,Barishal
2024-06-12,29.36,26.86,32.17,2.05,85.32,100.23,Barishal
2024-06-13,29.09,27.88,30.99,11.51,88.8,100.17,Barishal
2024-06-14,29.56,28.33,31.46,18.1,91.33,100.07,Barishal
2024-06-15,29.53,28.37,31.18,15.32,90.53,100.09,Barishal
2024-06-16,29.8,28.27,31.92,5.72,88.66,100.24,Barishal
2024-06-17,29.37,28.44,30.93,12.23,91.55,100.29,Barishal
2024-06-18,29.26,28.47,31.13,13.7,90.73,100.14,Barishal
2024-06-19,29.2,27.54,31.06,36.21,91.76,100.02,Barishal
2024-06-20,28.55,26.9,30.89,43.99,90.0,100.05,Barishal
2024-06-21,29.01,26.78,31.58,17.48,84.95,100.08,Barishal
2024-06-22,28.95,27.26,31.31,8.61,86.57,100.09,Barishal
2024-06-23,29.09,26.76,31.67,8.28,85.69,100.15,Barishal
2024-06-24,29.05,27.4,31.08,2.88,88.34,100.09,Barishal
2024-06-25,29.4,27.56,31.7,4.93,86.46,100.05,Barishal
2024-06-26,29.4,27.41,32.0,7.03,85.98,100.07,Barishal
2024-06-27,28.89,27.63,30.67,12.53,88.48,100.22,Barishal
2024-06-28,29.23,27.68,31.46,23.88,88.4,100.08,Barishal
2024-06-29,29.09,27.8,31.02,25.88,89.82,100.07,Barishal
2024-06-30,28.66,27.98,29.7,38.1,93.57,100.06,Barishal
2024-07-01,28.3,27.33,29.41,156.1,93.8,100.04,Barishal
2024-07-02,28.37,27.25,30.51,42.94,91.89,99.96,Barishal
2024-07-03,27.9,26.96,29.68,39.96,91.63,100.1,Barishal
2024-07-04,28.15,26.77,29.61,48.96,91.37,100.33,Barishal
2024-07-05,28.39,27.07,30.29,30.61,91.23,100.26,Barishal
2024-07-06,28.31,26.74,30.24,25.45,92.66,100.17,Barishal
2024-07-07,28.5,26.94,30.8,13.27,89.95,100.28,Barishal
2024-07-08,28.41,26.83,30.36,4.84,88.64,100.34,Barishal
2024-07-09,28.82,27.06,31.21,5.29,89.56,100.44,Barishal
2024-07-10,28.7,27.3,30.37,15.86,89.89,100.51,Barishal
2024-07-11,28.57,27.06,30.73,26.9,90.8,100.26,Barishal
2024-07-12,28.59,26.97,31.11,33.72,88.84,100.07,Barishal
2024-07-13,28.72,26.96,31.01,12.25,90.03,99.84,Barishal
2024-07-14,28.98,27.11,31.39,1.91,88.22,99.82,Barishal
2024-07-15,28.97,27.42,31.32,2.56,89.34,100.0,Barishal
2024-07-16,29.1,27.67,31.48,3.05,89.87,100.12,Barishal
2024-07-17,29.34,27.34,31.94,1.59,88.15,100.05,Barishal
2024-07-18,29.43,27.51,31.97,0.87,87.28,99.94,Barishal
2024-07-19,29.18,27.9,31.28,2.63,88.46,99.77,Barishal
2024-07-20,29.04,27.66,31.17,6.45,86.82,99.9,Barishal
2024-07-21,28.9,27.62,31.33,18.26,88.01,99.99,Barishal
2024-07-22,28.57,27.72,29.75,6.16,90.15,100.11,Barishal
2024-07-23,28.79,27.44,31.38,4.78,87.94,99.92,Barishal
2024-07-24,29.13,27.39,32.0,8.31,88.24,99.52,Barishal
2024-07-25,29.21,27.29,31.26,25.6,88.25,99.31,Barishal
2024-07-26,29.1,27.29,31.29,17.2,88.67,99.33,Barishal
2024-07-27,29.09,27.72,31.47,10.96,87.74,99.7,Barishal
2024-07-28,29.09,27.32,31.36,7.35,87.75,99.83,Barishal
2024-07-29,29.01,27.54,31.23,23.5,88.74,99.86,Barishal
2024-07-30,28.81,27.39,30.86,19.46,89.77,100.08,Barishal
2024-07-31,28.53,27.62,30.2,51.88,92.47,100.1,Barishal
2024-08-01,28.07,27.32,29.11,180.25,94.06,99.9,Barishal
2024-08-02,27.9,27.2,28.92,100.29,93.25,100.15,Barishal
2024-08-03,28.17,27.19,29.8,39.39,92.3,100.41,Barishal
2024-08-04,28.55,26.84,30.91,45.61,88.67,100.54,Barishal
2024-08-05,28.2,26.61,30.54,13.01,90.35,100.47,Barishal
2024-08-06,27.94,26.73,29.32,9.49,90.71,100.28,Barishal
2024-08-07,28.03,26.72,30.11,14.67,90.54,100.31,Barishal
2024-08-08,27.81,26.61,29.43,33.29,91.77,100.45,Barishal
2024-08-09,28.12,26.91,29.81,33.95,91.77,100.53,Barishal
2024-08-10,28.42,26.86,30.49,29.95,91.26,100.46,Barishal
2024-08-11,28.53,27.05,30.33,32.43,91.39,100.38,Barishal
2024-08-12,28.43,26.93,30.59,26.4,91.19,100.39,Barishal
2024-08-13,29.0,26.89,31.55,14.11,89.77,100.38,Barishal
2024-08-14,28.52,27.03,30.39,13.31,90.39,100.4,Barishal
2024-08-15,28.24,26.9,30.07,9.39,90.92,100.29,Barishal
2024-08-16,27.7,26.5,29.36,47.09,92.68,100.17,Barishal
2024-08-17,27.75,26.2,29.56,82.72,91.2,100.16,Barishal
2024-08-18,27.84,27.21,28.78,53.83,94.76,100.18,Barishal
2024-08-19,27.55,27.03,28.38,87.83,94.33,100.2,Barishal
2024-08-20,28.09,26.66,29.94,57.36,93.08,100.45,Barishal
2024-08-21,28.05,27.49,28.99,46.16,94.18,100.54,Barishal
2024-08-22,27.84,26.9,29.03,66.29,94.32,100.47,Barishal
2024-08-23,27.34,26.63,28.44,50.45,93.47,100.48,Barishal
2024-08-24,27.22,26.26,28.38,24.32,92.1,100.52,Barishal
2024-08-25,26.89,25.69,29.12,76.81,92.08,100.32,Barishal
2024-08-26,27.24,26.0,28.8,55.4,92.63,100.32,Barishal
2024-08-27,27.53,25.93,29.52,8.46,90.66,100.53,Barishal
2024-08-28,27.72,26.17,30.02,8.35,87.74,100.44,Barishal
2024-08-29,27.75,25.97,30.4,6.55,86.8,100.35,Barishal
2024-08-30,28.31,26.2,30.92,3.21,88.86,100.39,Barishal
2024-08-31,28.43,26.67,30.79,7.25,89.37,100.46,Barishal
2024-09-01,28.32,26.97,30.27,9.88,89.8,100.56,Barishal
2024-09-02,28.3,27.02,29.95,10.39,86.27,100.55,Barishal
2024-09-03,28.2,26.7,29.97,14.34,88.09,100.59,Barishal
2024-09-04,28.57,26.73,30.93,3.06,86.51,100.38,Barishal
2024-09-05,28.6,26.91,30.56,2.96,85.67,100.26,Barishal
2024-09-06,28.85,26.75,31.01,23.25,85.76,100.24,Barishal
2024-09-07,28.29,27.41,29.47,14.81,88.77,100.28,Barishal
2024-09-08,28.88,27.61,30.45,7.77,89.83,100.28,Barishal
2024-09-09,28.84,27.62,30.47,5.54,90.22,100.13,Barishal
2024-09-10,28.77,27.68,30.22,8.84,90.09,100.16,Barishal
2024-09-11,28.84,27.49,30.71,42.36,91.09,100.19,Barishal
2024-09-12,29.2,27.62,31.25,29.69,90.52,100.08,Barishal
2024-09-13,28.43,27.41,29.59,130.21,94.53,99.78,Barishal
2024-09-14,27.87,27.39,28.52,80.28,92.91,99.64,Barishal
2024-09-15,27.75,27.23,28.33,93.36,91.54,99.85,Barishal
2024-09-16,28.17,26.84,30.13,18.05,89.84,100.27,Barishal
2024-09-17,28.44,26.47,31.1,2.45,87.52,100.46,Barishal
2024-09-18,29.08,26.21,31.6,3.1,85.37,100.34,Barishal
2024-09-19,28.96,26.98,31.17,13.22,89.67,100.25,Barishal
2024-09-20,29.73,27.09,32.68,16.62,88.03,100.24,Barishal
2024-09-21,28.83,27.51,30.67,40.24,91.93,100.33,Barishal
2024-09-22,29.29,26.22,31.75,8.22,86.53,100.21,Barishal
2024-09-23,28.92,27.79,30.87,5.82,89.8,100.32,Barishal
2024-09-24,28.34,27.38,30.29,11.34,90.5,100.4,Barishal
2024-09-25,27.44,26.43,28.8,50.02,91.92,100.62,Barishal
2024-09-26,27.99,26.87,29.67,27.5,90.32,100.82,Barishal
2024-09-27,28.1,26.44,30.31,10.78,87.53,100.95,Barishal
2024-09-28,28.44,26.26,31.2,3.3,86.47,100.89,Barishal
2024-09-29,28.87,26.19,31.83,2.37,88.33,100.81,Barishal
2024-09-30,29.0,26.59,31.49,3.25,88.59,100.67,Barishal
2024-10-01,29.37,27.44,31.91,11.38,89.38,100.43,Barishal
2024-10-02,28.14,26.7,29.65,17.21,91.37,100.32,Barishal
2024-10-03,27.47,26.35,28.85,56.79,92.82,100.31,Barishal
2024-10-04,28.07,26.94,29.84,26.25,90.14,100.52,Barishal
2024-10-05,28.0,26.82,29.89,32.64,91.21,100.73,Barishal
2024-10-06,27.83,26.14,30.23,18.09,87.02,100.99,Barishal
2024-10-07,28.11,26.29,30.43,18.75,83.39,101.19,Barishal
2024-10-08,28.63,26.11,31.55,2.82,81.28,101.17,Barishal
2024-10-09,28.25,26.1,30.95,4.68,84.77,100.98,Barishal
2024-10-10,27.78,25.91,30.09,7.06,86.44,100.9,Barishal
2024-10-11,28.3,26.14,31.06,5.25,84.59,100.85,Barishal
2024-10-12,28.59,25.76,31.26,4.79,81.38,100.97,Barishal
2024-10-13,28.33,25.95,31.12,5.1,83.03,101.01,Barishal
2024-10-14,27.27,24.42,30.32,4.26,85.29,101.0,Barishal
2024-10-15,27.88,24.73,30.64,0.17,79.98,100.96,Barishal
2024-10-16,28.78,25.83,31.34,0.48,76.11,100.97,Barishal
2024-10-17,28.53,26.29,30.9,8.2,79.02,100.99,Barishal
2024-10-18,28.59,26.03,31.81,4.3,79.18,100.95,Barishal
2024-10-19,28.17,25.59,30.41,18.92,83.47,101.03,Barishal
2024-10-20,27.17,25.35,29.03,9.8,86.01,101.13,Barishal
2024-10-21,26.51,24.07,29.73,0.06,84.25,101.03,Barishal
2024-10-22,27.41,23.47,30.68,1.04,84.54,100.96,Barishal
2024-10-23,27.14,25.31,29.29,19.76,89.44,100.91,Barishal
2024-10-24,26.42,25.04,27.6,46.18,91.98,100.78,Barishal
2024-10-25,27.65,26.35,29.9,15.34,89.63,100.8,Barishal
2024-10-26,27.47,25.5,30.08,4.44,87.49,100.88,Barishal
2024-10-27,27.67,25.3,30.95,0.41,79.06,100.81,Barishal
2024-10-28,27.11,23.86,30.23,0.04,84.62,100.73,Barishal
2024-10-29,27.88,24.42,30.78,0.12,80.22,100.83,Barishal
2024-10-30,27.84,25.27,30.88,0.34,80.27,100.96,Barishal
2024-10-31,27.44,24.71,30.67,7.18,86.22,101.02,Barishal
2024-11-01,27.46,25.02,30.53,11.93,84.97,101.12,Barishal
2024-11-02,26.19,23.56,29.61,2.47,87.62,101.21,Barishal
2024-11-03,25.63,22.33,28.91,0.01,80.82,101.22,Barishal
2024-11-04,25.82,22.42,29.03,2.27,83.68,101.17,Barishal
2024-11-05,26.65,23.48,29.27,4.8,83.26,101.25,Barishal
2024-11-06,26.12,23.75,28.9,1.63,81.56,101.3,Barishal
2024-11-07,25.37,22.78,28.24,4.63,84.08,101.3,Barishal
2024-11-08,25.09,21.94,28.66,0.0,81.54,101.27,Barishal
2024-11-09,25.22,21.35,28.98,0.0,80.87,101.26,Barishal
2024-11-10,25.27,21.43,29.09,0.01,80.93,101.29,Barishal
2024-11-11,25.52,22.18,29.02,0.01,82.69,101.24,Barishal
2024-11-12,25.35,22.61,28.51,0.04,85.2,101.17,Barishal
2024-11-13,23.94,21.32,27.62,0.0,80.44,101.11,Barishal
2024-11-14,23.17,19.86,27.28,0.0,85.22,101.22,Barishal
2024-11-15,23.0,19.68,27.22,0.0,85.2,101.19,Barishal
2024-11-16,22.64,18.94,26.93,0.0,85.06,101.12,Barishal
2024-11-17,22.09,18.13,26.23,0.0,78.7,101.17,Barishal
2024-11-18,22.42,18.05,25.95,0.0,66.84,101.29,Barishal
2024-11-19,22.27,16.94,26.8,0.0,71.3,101.31,Barishal
2024-11-20,21.68,17.17,26.41,0.0,74.33,101.25,Barishal
2024-11-21,21.84,17.48,26.38,0.0,74.47,101.24,Barishal
2024-11-22,22.35,18.66,25.98,0.0,68.82,101.25,Barishal
2024-11-23,23.0,18.61,26.78,0.0,68.81,101.35,Barishal
2024-11-24,21.48,17.94,25.25,0.0,81.26,101.39,Barishal
2024-11-25,20.94,17.31,25.41,0.0,81.46,101.4,Barishal
2024-11-26,20.89,16.88,25.09,0.0,79.91,101.32,Barishal
2024-11-27,21.46,16.95,25.44,0.0,76.19,101.25,Barishal
2024-11-28,21.61,18.23,24.98,0.0,82.84,101.34,Barishal
2024-11-29,22.8,20.07,26.07,0.0,83.36,101.32,Barishal
2024-11-30,23.08,19.22,27.69,0.14,85.07,101.22,Barishal
2024-12-01,22.36,19.62,26.07,0.9,83.04,101.09,Barishal
2024-12-02,21.65,19.07,25.4,0.11,82.14,101.15,Barishal
2024-12-03,21.66,18.58,26.09,0.01,81.99,101.22,Barishal
2024-12-04,20.39,16.11,24.93,0.0,83.57,101.25,Barishal
2024-12-05,20.46,16.21,25.1,0.0,78.42,101.25,Barishal
2024-12-06,19.57,15.24,24.84,0.0,76.2,101.21,Barishal
2024-12-07,19.21,14.64,24.47,0.0,72.07,101.28,Barishal
2024-12-08,19.35,14.78,23.74,0.0,68.78,101.29,Barishal
2024-12-09,19.02,14.19,22.89,0.0,76.19,101.25,Barishal
2024-12-10,19.48,16.8,23.29,0.02,84.58,101.3,Barishal
2024-12-11,17.91,14.45,22.48,0.01,83.78,101.42,Barishal
2024-12-12,17.06,12.76,22.39,0.0,85.85,101.29,Barishal
2024-12-13,17.22,12.99,22.66,0.0,86.3,101.36,Barishal
2024-12-14,17.46,13.49,23.18,0.0,84.83,101.51,Barishal
2024-12-15,16.83,11.92,22.71,0.0,82.1,101.57,Barishal
2024-12-16,17.39,11.83,22.99,0.0,80.01,101.51,Barishal
2024-12-17,20.05,14.9,24.69,0.0,74.64,101.36,Barishal
2024-12-18,19.86,16.16,24.92,0.0,79.32,101.33,Barishal
2024-12-19,19.02,14.27,24.39,0.0,78.17,101.39,Barishal
2024-12-20,18.67,13.59,23.91,0.0,78.91,101.31,Barishal
2024-12-21,18.65,14.93,23.33,1.77,81.4,101.35,Barishal
2024-12-22,18.84,14.93,24.1,0.54,82.37,101.41,Barishal
2024-12-23,18.17,13.28,23.96,0.21,78.52,101.41,Barishal
2024-12-24,19.03,13.83,23.87,0.0,77.83,101.42,Barishal
2024-12-25,18.51,15.88,22.12,0.0,77.26,101.61,Barishal
2024-12-26,19.08,14.83,24.59,0.0,79.95,101.76,Barishal
2024-12-27,19.11,14.29,24.44,0.0,80.71,101.75,Barishal
2024-12-28,19.5,14.09,24.64,0.0,79.1,101.63,Barishal
2024-12-29,19.67,15.0,24.8,0.0,79.6,101.55,Barishal
2024-12-30,19.6,15.32,24.5,0.0,80.77,101.6,Barishal
2024-12-31,18.18,14.56,22.95,0.0,82.54,101.61,Barishal
2025-01-01,16.84,12.46,22.41,0.0,85.92,101.43,Barishal
2025-01-02,17.23,12.9,22.74,0.0,85.73,101.44,Barishal
2025-01-03,17.13,12.84,22.03,0.0,84.02,101.5,Barishal
2025-01-04,17.68,13.1,22.62,0.0,81.45,101.38,Barishal
2025-01-05,19.31,15.2,24.27,0.0,77.86,101.45,Barishal
2025-01-06,20.19,16.0,25.42,0.0,79.72,101.35,Barishal
2025-01-07,19.7,15.97,24.14,0.01,83.64,101.26,Barishal
2025-01-08,18.54,14.8,23.34,0.0,83.19,101.38,Barishal
2025-01-09,16.55,12.28,21.93,0.0,80.11,101.62,Barishal
2025-01-10,16.56,11.36,22.21,0.0,78.13,101.78,Barishal
2025-01-11,17.99,11.9,23.84,0.0,75.28,101.77,Barishal
2025-01-12,19.74,13.59,25.77,0.0,65.11,101.65,Barishal
2025-01-13,19.56,14.16,25.21,0.0,70.68,101.48,Barishal
2025-01-14,18.67,14.43,23.93,0.0,76.15,101.64,Barishal
2025-01-15,17.81,12.84,23.49,0.0,78.26,101.73,Barishal
2025-01-16,19.35,13.19,25.2,0.01,74.25,101.65,Barishal
2025-01-17,19.44,14.38,25.07,0.0,73.09,101.51,Barishal
2025-01-18,18.62,13.53,24.3,0.0,78.49,101.46,Barishal
2025-01-19,18.1,12.84,23.84,0.0,75.69,101.34,Barishal
2025-01-20,18.09,12.58,23.79,0.0,73.39,101.22,Barishal
2025-01-21,18.4,12.51,23.73,0.0,73.8,101.19,Barishal
2025-01-22,19.07,14.88,23.89,0.0,77.75,101.24,Barishal
2025-01-23,19.12,14.99,24.8,0.0,76.48,101.31,Barishal
2025-01-24,19.26,14.12,24.67,0.0,75.26,101.25,Barishal
2025-01-25,19.33,15.39,24.36,0.0,74.78,101.34,Barishal
2025-01-26,18.26,13.85,23.69,0.0,72.03,101.3,Barishal
2025-01-27,18.47,12.84,23.6,0.0,72.36,101.13,Barishal
2025-01-28,19.13,13.31,23.87,0.0,69.16,101.28,Barishal
2025-01-29,19.8,15.01,24.96,0.0,63.14,101.5,Barishal
2025-01-30,20.36,15.78,25.51,0.05,81.65,101.2,Barishal
2025-01-31,21.88,18.21,26.76,0.11,86.37,101.15,Barishal
2025-02-01,22.52,18.85,27.41,0.21,79.53,101.19,Barishal
2025-02-02,22.04,17.89,27.03,0.0,77.37,101.18,Barishal
2025-02-03,21.85,17.91,27.0,0.0,71.9,101.24,Barishal
2025-02-04,20.84,15.18,26.75,0.0,64.81,101.26,Barishal
2025-02-05,21.26,15.65,27.3,0.0,64.92,101.1,Barishal
2025-02-06,22.92,18.72,28.68,2.03,75.67,101.14,Barishal
2025-02-07,21.1,15.71,27.4,0.0,60.8,101.3,Barishal
2025-02-08,19.5,13.15,26.33,0.0,52.47,101.34,Barishal
2025-02-09,19.95,13.04,26.13,0.0,52.48,101.29,Barishal
2025-02-10,21.18,15.52,27.06,0.34,55.32,101.34,Barishal
2025-02-11,22.09,16.36,28.59,0.0,80.0,101.23,Barishal
2025-02-12,23.57,19.35,29.17,0.02,80.91,101.24,Barishal
2025-02-13,24.18,20.47,29.11,0.28,81.64,101.14,Barishal
2025-02-14,22.66,16.77,28.28,0.1,59.29,101.14,Barishal
2025-02-15,22.72,17.04,28.34,0.0,56.8,101.12,Barishal
2025-02-16,23.24,18.53,29.71,0.0,62.93,101.19,Barishal
2025-02-17,24.29,19.43,30.39,0.0,71.09,101.36,Barishal
2025-02-18,24.54,19.26,30.86,0.03,72.83,101.28,Barishal
2025-02-19,24.45,20.04,30.12,0.21,74.39,101.22,Barishal
2025-02-20,25.21,20.89,30.31,1.11,69.93,101.35,Barishal
2025-02-21,25.07,20.16,30.9,0.27,65.52,101.36,Barishal
2025-02-22,25.48,20.41,31.63,0.04,60.72,101.41,Barishal
2025-02-23,25.47,22.26,29.47,0.26,65.04,101.48,Barishal
2025-02-24,24.75,19.38,30.64,0.0,60.8,101.57,Barishal
2025-02-25,24.45,18.55,30.95,0.01,55.98,101.68,Barishal
2025-02-26,24.08,18.51,30.58,0.0,52.5,101.66,Barishal
2025-02-27,24.21,18.64,30.61,0.0,52.72,101.45,Barishal
2025-02-28,24.9,18.86,31.29,0.0,56.74,101.35,Barishal
2025-03-01,26.12,20.53,33.18,0.53,67.57,101.13,Barishal
2025-03-02,26.96,21.58,34.18,1.44,71.59,100.84,Barishal
2025-03-03,27.23,22.58,33.7,0.0,67.5,100.94,Barishal
2025-03-04,27.02,22.67,32.61,0.0,60.39,100.97,Barishal
2025-03-05,26.23,21.04,32.93,0.0,57.78,100.87,Barishal
2025-03-06,26.07,20.77,32.05,0.0,51.1,101.03,Barishal
2025-03-07,24.48,17.48,31.74,0.0,45.21,100.91,Barishal
2025-03-08,24.9,18.88,31.68,0.0,49.48,100.89,Barishal
2025-03-09,26.29,20.83,32.38,0.0,58.89,101.23,Barishal
2025-03-10,26.99,21.19,33.17,0.0,50.33,101.43,Barishal
2025-03-11,27.41,21.35,34.31,0.0,57.29,101.23,Barishal
2025-03-12,27.69,21.53,34.38,0.0,63.92,100.87,Barishal
2025-03-13,28.36,22.97,34.99,0.0,72.01,100.7,Barishal
2025-03-14,28.76,23.96,35.49,0.0,73.77,100.82,Barishal
2025-03-15,28.67,24.18,34.52,0.0,75.41,101.0,Barishal
2025-03-16,29.09,23.94,35.99,0.0,71.32,100.95,Barishal
2025-03-17,29.2,24.38,35.77,0.03,68.82,100.85,Barishal
2025-03-18,28.92,24.31,35.26,0.67,71.88,100.93,Barishal
2025-03-19,28.98,24.4,35.16,0.32,68.74,101.25,Barishal
2025-03-20,29.19,24.22,35.62,0.72,67.1,101.35,Barishal
2025-03-21,28.35,23.72,34.18,0.75,60.48,101.43,Barishal
2025-03-22,26.9,22.62,32.51,0.58,56.84,101.42,Barishal
2025-03-23,27.23,21.29,33.29,0.67,55.2,101.36,Barishal
2025-03-24,26.98,21.27,33.16,2.81,53.58,101.24,Barishal
2025-03-25,27.67,21.06,33.85,0.0,47.84,100.85,Barishal
2025-03-26,28.56,22.34,35.29,0.05,54.3,100.64,Barishal
2025-03-27,29.08,23.43,35.41,0.02,66.94,100.49,Barishal
2025-03-28,29.77,24.2,36.95,0.0,67.31,100.44,Barishal
2025-03-29,29.63,24.31,36.57,0.0,70.42,100.59,Barishal
2025-03-30,29.46,24.5,35.54,0.0,69.75,100.89,Barishal
2025-03-31,29.62,24.54,35.74,0.0,67.48,100.86,Barishal
2025-04-01,29.15,24.69,34.68,0.0,67.97,100.89,Barishal
2025-04-02,29.39,24.18,36.16,0.01,62.95,100.99,Barishal
2025-04-03,29.56,24.47,35.02,0.5,62.42,101.07,Barishal
2025-04-04,30.87,25.35,37.67,0.0,57.44,100.92,Barishal
2025-04-05,30.37,25.45,36.22,0.08,59.43,100.81,Barishal
2025-04-06,30.04,25.94,35.52,0.56,64.36,100.84,Barishal
2025-04-07,28.46,24.9,33.15,1.72,72.84,101.08,Barishal
2025-04-08,28.21,25.67,31.65,4.03,72.87,101.31,Barishal
2025-04-09,29.33,25.04,34.44,4.35,60.99,101.07,Barishal
2025-04-10,30.45,25.04,36.53,0.06,51.23,100.68,Barishal
2025-04-11,28.6,26.12,31.51,2.71,67.71,100.56,Barishal
2025-04-12,29.39,25.65,33.84,2.96,67.98,100.69,Barishal
2025-04-13,29.08,26.39,31.97,1.27,68.05,100.87,Barishal
2025-04-14,29.34,26.97,32.31,2.41,63.66,100.89,Barishal
2025-04-15,28.22,25.65,30.77,15.08,71.29,100.95,Barishal
2025-04-16,28.64,25.26,33.19,15.07,72.17,100.88,Barishal
2025-04-17,28.09,24.96,32.61,15.15,74.61,100.81,Barishal
2025-04-18,28.12,24.79,32.29,13.67,76.78,100.72,Barishal
2025-04-19,27.73,25.71,30.77,42.33,83.09,100.64,Barishal
2025-04-20,28.57,25.71,32.03,30.34,84.14,100.65,Barishal
2025-04-21,28.83,26.65,31.61,19.23,87.51,100.82,Barishal
2025-04-22,28.8,26.62,32.14,4.72,86.43,100.81,Barishal
2025-04-23,29.35,26.78,33.18,0.22,84.15,100.57,Barishal
2025-04-24,29.44,26.72,33.5,0.26,83.2,100.56,Barishal
2025-04-25,29.16,26.56,32.92,0.29,83.22,100.64,Barishal
2025-04-26,29.1,26.49,33.12,1.19,81.76,100.71,Barishal
2025-04-27,28.36,25.72,31.37,2.59,81.69,100.88,Barishal
2025-04-28,28.16,25.51,32.22,11.3,79.39,100.8,Barishal
2025-04-29,27.27,24.42,30.54,24.67,81.07,100.82,Barishal
2025-04-30,27.36,25.04,30.01,16.97,79.95,100.92,Barishal
2025-05-01,28.39,25.0,32.15,1.89,71.52,100.98,Barishal
2025-05-02,27.97,23.95,31.56,10.1,74.71,100.85,Barishal
2025-05-03,27.89,24.67,31.2,11.46,75.85,100.75,Barishal
2025-05-04,27.68,25.63,30.49,18.88,81.45,100.64,Barishal
2025-05-05,28.01,25.36,30.97,4.26,78.3,100.67,Barishal
2025-05-06,28.09,25.67,30.89,1.35,80.19,100.69,Barishal
2025-05-07,28.48,25.79,31.95,0.32,78.57,100.56,Barishal
2025-05-08,29.38,26.2,33.31,1.97,79.97,100.58,Barishal
2025-05-09,29.38,26.25,33.43,2.14,79.18,100.61,Barishal
2025-05-10,30.13,26.54,34.53,2.18,77.74,100.57,Barishal
2025-05-11,30.49,26.43,35.09,0.42,77.14,100.44,Barishal
2025-05-12,29.58,27.31,32.55,1.19,78.01,100.36,Barishal
2025-05-13,29.46,26.68,32.88,6.1,81.68,100.42,Barishal
2025-05-14,29.54,27.16,32.91,2.77,82.2,100.53,Barishal
2025-05-15,29.45,26.78,32.88,3.08,83.54,100.59,Barishal
2025-05-16,29.19,26.88,32.42,11.31,85.13,100.59,Barishal
2025-05-17,28.52,26.62,30.81,9.64,84.9,100.62,Barishal
2025-05-18,28.97,26.98,32.03,17.45,82.69,100.69,Barishal
2025-05-19,29.11,26.79,32.34,20.73,82.61,100.63,Barishal
2025-05-20,29.09,26.83,32.0,21.33,86.21,100.49,Barishal
2025-05-21,28.65,27.24,31.18,34.16,87.78,100.59,Barishal
2025-05-22,28.02,26.09,30.1,17.59,87.84,100.47,Barishal
2025-05-23,28.19,26.32,30.16,10.52,85.04,100.29,Barishal
2025-05-24,28.33,26.4,30.95,40.73,85.03,100.28,Barishal
2025-05-25,28.92,27.0,31.51,3.76,84.93,100.35,Barishal
2025-05-26,28.83,26.89,31.52,6.64,84.91,100.22,Barishal
2025-05-27,28.24,26.57,30.34,13.23,88.22,99.93,Barishal
2025-05-28,28.17,27.15,29.42,82.01,92.43,99.56,Barishal
2025-05-29,28.5,27.46,29.41,96.27,91.57,99.2,Barishal
2025-05-30,28.87,27.76,30.39,66.45,91.78,99.52,Barishal
2025-05-31,28.88,27.67,30.34,33.84,93.52,100.09,Barishal
2025-06-01,29.04,27.92,30.74,28.99,89.94,100.04,Barishal
2025-06-02,29.26,28.05,31.23,35.58,91.68,100.04,Barishal
2025-06-03,28.81,27.38,30.5,29.2,91.16,100.25,Barishal
2025-06-04,28.27,26.95,30.11,29.8,91.68,100.47,Barishal
2025-06-05,28.33,26.26,30.89,4.95,86.14,100.6,Barishal
2025-06-06,28.71,26.13,31.85,9.46,85.4,100.59,Barishal
2025-06-07,28.84,26.55,31.26,9.94,86.09,100.52,Barishal
2025-06-08,29.42,26.62,32.55,2.05,83.84,100.34,Barishal
2025-06-09,29.49,26.69,32.6,3.86,82.97,100.21,Barishal
2025-06-10,28.91,27.39,31.08,7.34,87.58,100.18,Barishal
2025-06-11,28.93,26.88,31.43,6.61,84.53,100.25,Barishal
2025-06-12,28.58,26.99,30.19,7.05,87.72,100.26,Barishal
2025-06-13,29.32,27.28,31.67,1.79,85.2,100.25,Barishal
2025-06-14,28.65,26.96,30.89,3.04,86.95,100.15,Barishal
2025-06-15,28.46,27.2,30.39,27.14,89.02,100.08,Barishal
2025-06-16,28.49,27.25,30.12,17.63,91.03,99.93,Barishal
2025-06-17,28.01,27.04,29.31,72.87,91.33,99.92,Barishal
2025-06-18,27.98,27.21,29.16,48.73,93.32,99.78,Barishal
2025-06-19,28.34,27.35,29.89,51.68,90.48,100.01,Barishal
2025-06-20,28.43,27.05,30.42,50.6,91.65,100.14,Barishal
2025-06-21,28.33,27.06,30.55,45.36,91.31,100.16,Barishal
2025-06-22,28.3,26.79,30.57,21.49,90.25,100.06,Barishal
2025-06-23,28.11,26.47,30.16,9.0,89.83,99.94,Barishal
2025-06-24,28.6,26.95,30.72,10.55,89.16,99.78,Barishal
2025-06-25,28.2,27.03,29.63,20.71,91.45,100.01,Barishal
2025-06-26,28.28,27.41,29.61,15.26,92.43,100.21,Barishal
2025-06-27,28.35,27.04,30.39,39.3,89.73,100.17,Barishal
2025-06-28,27.83,26.71,29.43,20.72,92.17,99.9,Barishal
2025-06-29,27.7,26.77,28.76,9.19,92.14,99.64,Barishal
2025-06-30,28.11,27.05,29.65,16.98,92.69,99.65,Barishal
2025-07-01,28.4,26.87,30.63,5.05,89.5,99.87,Barishal
2025-07-02,28.52,27.09,30.62,20.49,89.99,99.92,Barishal
2025-07-03,28.5,27.12,30.64,13.64,89.41,100.06,Barishal
2025-07-04,28.25,27.08,29.87,27.08,91.61,100.03,Barishal
2025-07-05,28.33,27.04,30.53,38.16,89.96,99.9,Barishal
2025-07-06,27.9,26.63,29.89,52.08,90.68,99.82,Barishal
2025-07-07,27.34,26.29,28.91,116.88,92.92,99.75,Barishal
2025-07-08,27.31,26.59,28.3,132.1,93.57,99.86,Barishal
2025-07-09,27.54,26.61,28.94,90.82,91.93,100.09,Barishal
2025-07-10,27.41,26.68,28.5,38.56,92.36,100.17,Barishal
2025-07-11,27.91,26.63,29.82,21.33,91.65,100.06,Barishal
2025-07-12,28.54,26.65,30.59,16.78,88.75,100.05,Barishal
2025-07-13,27.94,26.69,30.1,14.64,91.96,100.06,Barishal
2025-07-14,27.55,26.56,28.33,57.06,94.47,99.97,Barishal
2025-07-15,28.13,27.12,29.62,9.54,92.48,100.17,Barishal
2025-07-16,28.25,26.87,30.17,9.53,91.36,100.34,Barishal
2025-07-17,28.2,26.55,30.46,10.44,89.13,100.45,Barishal
2025-07-18,28.21,26.17,30.79,13.47,88.37,100.31,Barishal
2025-07-19,28.27,26.4,30.81,8.44,88.31,99.98,Barishal
2025-07-20,29.0,26.69,31.76,11.73,86.21,99.93,Barishal
2025-07-21,28.83,26.78,31.41,9.35,86.07,99.99,Barishal
2025-07-22,29.23,26.76,32.25,7.85,84.13,99.87,Barishal
2025-07-23,29.55,27.02,32.41,10.93,85.75,99.53,Barishal
2025-07-24,28.3,27.25,29.32,58.62,94.12,99.21,Barishal
2025-07-25,28.46,27.15,30.06,36.83,91.39,99.3,Barishal
2025-07-26,28.77,27.59,30.54,33.4,90.77,99.82,Barishal
2025-07-27,28.33,27.44,29.49,40.04,92.07,99.89,Barishal
2025-07-28,28.16,27.19,29.59,46.42,92.26,99.91,Barishal
2025-07-29,27.94,26.84,29.72,39.68,90.55,99.96,Barishal
2025-07-30,28.12,26.64,29.96,50.97,90.76,100.05,Barishal
2025-07-31,27.76,26.34,29.27,37.1,93.28,100.07,Barishal
2025-08-01,28.78,26.8,31.3,19.25,89.8,100.09,Barishal
2025-08-02,28.58,27.19,30.51,6.87,91.29,100.25,Barishal
2025-08-03,28.54,27.32,30.08,16.8,91.04,100.51,Barishal
2025-08-04,28.49,27.24,29.97,16.76,91.43,100.58,Barishal
2025-08-05,28.47,27.11,30.25,23.82,90.39,100.59,Barishal
2025-08-06,27.99,26.28,30.13,20.65,87.3,100.46,Barishal
2025-08-07,27.74,26.24,29.32,39.06,91.16,100.36,Barishal
2025-08-08,27.0,25.86,28.3,42.15,90.75,100.63,Barishal
2025-08-09,27.96,26.0,30.65,9.25,87.25,100.79,Barishal
2025-08-10,28.32,26.06,31.05,4.45,87.52,100.59,Barishal
2025-08-11,28.87,26.21,31.92,3.29,87.27,100.41,Barishal
2025-08-12,28.94,26.83,31.73,2.09,85.75,100.23,Barishal
2025-08-13,28.1,26.92,29.91,27.67,89.56,100.38,Barishal
2025-08-14,28.23,26.81,30.45,13.28,88.68,100.43,Barishal
2025-08-15,27.92,26.45,29.71,6.39,88.32,100.24,Barishal
2025-08-16,28.37,26.85,30.3,6.92,85.16,100.14,Barishal
2025-08-17,27.88,26.52,29.53,12.0,88.41,100.25,Barishal
2025-08-18,28.19,26.98,30.08,4.94,89.46,100.38,Barishal
2025-08-19,28.38,27.11,30.44,12.08,88.79,100.42,Barishal
2025-08-20,28.14,26.92,30.21,29.01,90.12,100.43,Barishal
2025-08-21,27.89,26.98,29.37,40.85,93.11,100.38,Barishal
2025-08-22,27.55,26.24,29.29,63.51,92.18,100.18,Barishal
2025-08-23,27.75,26.7,29.71,37.58,90.85,100.12,Barishal
2025-08-24,27.56,26.19,29.7,25.87,89.29,100.4,Barishal
2025-08-25,27.92,26.17,30.1,11.83,87.97,100.36,Barishal
2025-08-26,28.09,26.37,30.84,1.28,85.68,100.34,Barishal
2025-08-27,28.15,26.21,30.4,7.31,88.25,100.32,Barishal
2025-08-28,28.23,26.44,30.6,6.52,87.72,100.45,Barishal
2025-08-29,27.99,26.73,29.89,19.45,90.26,100.57,Barishal
2025-08-30,27.79,26.27,29.83,4.94,89.59,100.63,Barishal
2025-08-31,28.41,26.13,30.94,2.64,84.3,100.39,Barishal
2025-09-01,28.2,26.13,30.35,6.05,89.96,99.99,Barishal
2025-09-02,28.57,27.16,30.43,5.36,88.84,100.15,Barishal
2025-09-03,28.09,27.08,29.82,9.1,89.26,100.33,Barishal
2025-09-04,28.04,26.5,30.36,5.66,88.63,100.47,Barishal
2025-09-05,28.03,26.41,30.44,4.98,87.9,100.56,Barishal
2025-09-06,28.36,25.7,31.43,1.44,85.04,100.62,Barishal
2025-09-07,28.37,26.08,30.64,4.22,84.93,100.57,Barishal
2025-09-08,28.6,26.0,31.45,3.28,84.1,100.54,Barishal
2025-09-09,28.24,26.12,30.41,8.13,87.85,100.61,Barishal
2025-09-10,28.54,26.47,30.77,9.54,88.05,100.51,Barishal
2025-09-11,28.72,27.01,31.05,8.9,87.14,100.52,Barishal
2025-09-12,28.15,26.64,30.38,24.18,88.27,100.65,Barishal
2025-09-13,27.99,26.51,29.88,27.88,89.07,100.75,Barishal
2025-09-14,27.82,26.47,29.48,24.1,90.18,100.75,Barishal
2025-09-15,27.29,26.0,29.09,24.32,90.05,100.72,Barishal
2025-09-16,27.16,26.09,28.53,17.02,89.93,100.79,Barishal
2025-09-17,27.83,25.77,30.58,2.05,87.07,100.75,Barishal
2025-09-18,28.16,25.86,30.88,2.41,86.41,100.65,Barishal
2025-09-19,28.9,26.24,31.8,4.02,85.86,100.59,Barishal
2025-09-20,28.59,26.5,30.94,7.65,88.54,100.38,Barishal
2025-09-21,28.35,26.84,30.37,24.47,89.51,100.29,Barishal
2025-09-22,27.53,26.33,29.58,47.24,89.8,100.36,Barishal
2025-09-23,27.77,25.94,30.48,11.49,88.64,100.29,Barishal
2025-09-24,28.1,25.96,30.62,1.99,85.95,100.15,Barishal
2025-09-25,28.08,26.43,30.39,6.0,86.94,100.13,Barishal
2025-09-26,28.34,26.9,30.33,3.62,88.25,100.35,Barishal
2025-09-27,28.41,27.11,30.38,1.28,88.15,100.71,Barishal
2025-09-28,27.61,26.53,28.89,6.63,85.24,100.66,Barishal
2025-09-29,28.6,26.1,30.59,8.87,82.93,100.43,Barishal
2025-09-30,29.16,26.31,31.75,10.88,85.42,100.21,Barishal
2025-10-01,28.32,27.45,29.47,38.76,90.96,100.39,Barishal
2025-10-02,27.96,27.2,29.1,53.19,91.09,100.75,Barishal
2025-10-03,28.07,26.89,29.87,16.73,89.63,100.94,Barishal
2025-10-04,28.17,26.49,30.17,11.42,89.36,100.92,Barishal
2025-10-05,27.99,26.77,29.73,9.83,91.8,100.87,Barishal
2025-10-06,27.09,25.95,28.27,15.84,90.23,100.89,Barishal
2025-10-07,27.34,25.36,30.2,13.94,85.71,100.88,Barishal
2025-10-08,27.07,25.42,29.43,11.13,87.62,100.91,Barishal
2025-10-09,27.6,25.27,29.69,33.74,83.13,100.92,Barishal
2025-10-10,27.64,25.81,29.75,30.64,82.86,100.83,Barishal
2025-10-11,27.19,25.59,29.99,18.41,86.09,100.84,Barishal
2025-10-12,27.32,25.11,30.18,26.92,83.49,100.9,Barishal
2025-10-13,26.49,23.73,29.48,0.22,85.83,100.98,Barishal
2025-10-14,26.58,23.59,30.22,0.04,86.06,100.85,Barishal
2025-10-15,26.17,22.73,29.94,0.12,82.91,100.81,Barishal
2025-10-16,26.38,22.71,30.21,1.49,84.24,100.87,Barishal
2025-10-17,26.81,23.03,30.43,2.59,83.19,101.02,Barishal
2025-10-18,27.7,24.37,30.67,1.48,83.87,100.97,Barishal
2025-10-19,27.77,24.71,30.61,1.05,83.3,100.9,Barishal
2025-10-20,27.62,24.71,30.73,0.33,83.93,100.91,Barishal
2025-10-21,27.52,24.47,31.15,0.33,82.46,101.0,Barishal
2025-10-22,27.42,23.83,31.25,0.03,79.83,101.03,Barishal
2025-10-23,27.52,23.51,31.71,0.22,79.14,101.0,Barishal
2025-10-24,27.84,24.34,31.0,2.31,77.3,101.0,Barishal
2025-10-25,27.72,24.68,30.66,1.34,80.43,100.99,Barishal
2025-10-26,27.59,24.21,30.66,0.03,77.68,101.07,Barishal
2025-10-27,28.12,24.17,31.46,0.02,76.26,101.11,Barishal
2025-10-28,28.75,25.47,32.13,0.25,75.98,101.07,Barishal
2025-10-29,28.68,26.74,31.37,5.97,79.73,101.04,Barishal
2025-10-30,28.14,26.15,30.92,6.18,83.99,101.07,Barishal
2025-10-31,28.25,25.44,31.58,2.58,83.5,100.98,Barishal
2025-11-01,27.58,25.51,30.21,3.06,87.36,100.82,Barishal
2025-11-02,27.18,24.88,29.81,12.92,87.15,100.78,Barishal
2025-11-03,25.62,23.75,28.48,4.02,87.59,100.79,Barishal
2025-11-04,25.42,22.45,28.95,0.25,84.5,100.72,Barishal
2025-11-05,25.27,22.74,28.22,10.74,85.63,100.63,Barishal
2025-11-06,25.61,21.81,29.17,2.17,80.2,100.82,Barishal
2025-11-07,25.58,23.22,28.93,2.26,86.05,100.98,Barishal
2025-11-08,24.43,21.19,28.66,0.0,86.05,101.05,Barishal
2025-11-09,22.71,19.14,27.24,0.0,85.39,101.0,Barishal
2025-11-10,22.78,18.91,27.63,0.0,85.77,101.07,Barishal
2025-11-11,21.95,18.54,26.4,0.0,83.7,101.12,Barishal
2025-11-12,21.12,16.96,25.93,0.0,80.57,101.24,Barishal
2025-11-13,20.92,16.37,25.99,0.0,81.74,101.37,Barishal
2025-11-14,21.0,16.28,25.69,0.0,79.54,101.35,Barishal
2025-11-15,21.01,16.55,26.07,0.0,80.58,101.44,Barishal
2025-11-16,20.84,16.44,25.97,0.0,79.02,101.56,Barishal
2025-11-17,21.21,15.96,26.56,0.0,79.54,101.52,Barishal
2025-11-18,22.39,17.57,27.36,0.0,83.06,101.37,Barishal
2025-11-19,22.53,18.51,26.97,0.0,77.03,101.38,Barishal
2025-11-20,22.26,18.48,26.74,0.0,77.96,101.46,Barishal
2025-11-21,21.91,18.59,26.27,0.0,75.95,101.56,Barishal
2025-11-22,21.08,16.42,25.73,0.02,78.78,101.5,Barishal
2025-11-23,20.78,16.76,25.4,0.0,79.68,101.51,Barishal
2025-11-24,19.81,16.24,24.63,0.0,84.2,101.53,Barishal
2025-11-25,20.02,15.41,25.19,0.01,83.8,101.43,Barishal
2025-11-26,20.36,15.8,25.47,0.0,81.63,101.49,Barishal
2025-11-27,20.85,16.04,25.93,0.0,82.08,101.56,Barishal
2025-11-28,21.08,16.47,25.75,0.0,79.45,101.46,Barishal
2025-11-29,21.0,16.01,25.59,0.0,73.3,101.32,Barishal
2025-11-30,20.9,16.29,25.55,0.0,70.57,101.29,Barishal
2025-12-01,20.41,16.14,25.04,0.0,84.27,101.3,Barishal
2025-12-02,20.11,17.12,23.44,0.0,84.03,101.31,Barishal
2025-12-03,19.24,16.14,23.58,0.0,81.22,101.47,Barishal
2025-12-04,18.89,14.21,24.36,0.0,84.9,101.53,Barishal
2025-12-05,19.09,14.79,24.61,0.0,86.41,101.62,Barishal
2025-12-06,18.38,13.87,24.38,0.0,81.2,101.6,Barishal
2025-12-07,18.19,14.3,23.32,0.0,84.14,101.6,Barishal
2025-12-08,18.75,15.31,23.31,0.0,84.21,101.51,Barishal
2025-12-09,19.63,15.32,24.23,0.0,80.48,101.46,Barishal
2025-12-10,19.54,15.25,24.84,0.0,81.66,101.5,Barishal
2025-12-11,18.68,13.96,23.89,0.0,80.44,101.45,Barishal
2025-12-12,18.68,13.32,24.17,0.0,77.49,101.4,Barishal
2025-12-13,19.52,13.71,25.31,0.0,78.06,101.45,Barishal
2025-12-14,20.0,15.08,25.74,0.0,79.76,101.5,Barishal
2025-12-15,19.32,14.41,24.84,0.0,78.57,101.49,Barishal
2025-12-16,19.09,13.98,24.2,3.23,79.93,101.43,Barishal
2025-12-17,18.66,14.08,23.95,0.02,80.8,101.52,Barishal
2025-12-18,20.2,14.28,25.59,0.0,78.69,101.48,Barishal
2025-12-19,20.49,16.43,24.78,0.0,78.99,101.33,Barishal
2025-12-20,20.34,16.79,24.39,0.0,80.13,101.3,Barishal
2025-12-21,18.98,14.6,23.77,0.0,83.33,101.46,Barishal
2025-12-22,18.65,14.58,23.59,0.0,84.93,101.4,Barishal
2025-12-23,18.25,14.15,23.43,0.0,84.01,101.29,Barishal
2025-12-24,17.76,13.76,23.24,0.0,83.68,101.32,Barishal
2025-12-25,16.65,12.51,21.66,0.0,79.04,101.44,Barishal
2025-12-26,16.29,11.28,21.57,0.0,78.0,101.42,Barishal
2025-12-27,16.5,12.11,21.26,0.0,81.36,101.43,Barishal
2025-12-28,16.46,12.01,21.72,0.0,83.68,101.52,Barishal
2025-12-29,15.76,11.81,20.83,0.0,85.07,101.5,Barishal
2025-12-30,15.0,11.22,20.24,0.0,85.3,101.4,Barishal
2025-12-31,14.89,10.42,20.41,0.0,83.65,101.28,Barishal
2021-12-01,21.04,15.67,27.67,0.0,85.86,101.27,Chattogram
2021-12-02,22.21,16.28,28.43,0.0,79.72,101.25,Chattogram
2021-12-03,22.37,16.48,27.85,0.14,81.61,101.39,Chattogram
2021-12-04,22.44,18.65,26.07,1.9,87.42,101.34,Chattogram
2021-12-05,22.08,20.4,24.21,27.15,93.86,101.35,Chattogram
2021-12-06,22.54,20.39,25.01,36.74,93.62,101.1,Chattogram
2021-12-07,23.91,22.02,26.85,36.15,92.71,101.14,Chattogram
2021-12-08,22.77,19.82,26.13,9.79,91.34,101.39,Chattogram
2021-12-09,22.7,19.66,26.93,2.83,91.04,101.52,Chattogram
2021-12-10,20.38,17.6,24.15,0.53,87.0,101.49,Chattogram
2021-12-11,19.56,15.28,25.24,0.71,85.56,101.54,Chattogram
2021-12-12,17.52,13.7,23.07,0.0,80.72,101.62,Chattogram
2021-12-13,16.48,10.97,22.82,0.0,81.86,101.51,Chattogram
2021-12-14,17.54,12.36,23.84,0.0,87.77,101.38,Chattogram
2021-12-15,17.19,12.41,22.98,0.0,86.88,101.36,Chattogram
2021-12-16,16.88,11.52,23.17,0.0,86.68,101.41,Chattogram
2021-12-17,17.01,12.4,23.44,0.0,85.53,101.38,Chattogram
2021-12-18,17.15,11.45,24.13,0.0,83.61,101.33,Chattogram
2021-12-19,16.09,10.86,22.3,0.0,85.78,101.43,Chattogram
2021-12-20,14.91,9.62,21.39,0.0,84.82,101.47,Chattogram
2021-12-21,16.43,11.68,22.16,0.0,84.44,101.37,Chattogram
2021-12-22,16.67,13.94,21.22,0.01,81.03,101.25,Chattogram
2021-12-23,17.73,12.79,23.11,0.0,76.38,101.24,Chattogram
2021-12-24,17.41,12.11,23.41,0.0,83.66,101.29,Chattogram
2021-12-25,17.92,12.16,24.15,0.0,79.13,101.36,Chattogram
2021-12-26,17.31,11.99,23.93,0.0,83.09,101.57,Chattogram
2021-12-27,16.66,11.77,22.82,0.0,84.53,101.64,Chattogram
2021-12-28,16.98,11.76,23.14,0.0,84.63,101.6,Chattogram
2021-12-29,17.34,11.9,23.71,0.0,81.15,101.6,Chattogram
2021-12-30,17.98,12.72,25.28,0.0,80.98,101.72,Chattogram
2021-12-31,17.4,12.68,23.77,0.0,85.04,101.78,Chattogram
2022-01-01,16.55,11.57,22.2,0.0,85.97,101.73,Chattogram
2022-01-02,16.32,11.37,22.49,0.0,84.76,101.56,Chattogram
2022-01-03,16.34,10.77,22.7,0.0,85.42,101.45,Chattogram
2022-01-04,16.34,10.94,22.89,0.0,85.75,101.52,Chattogram
2022-01-05,16.09,10.12,22.71,0.0,84.01,101.47,Chattogram
2022-01-06,16.5,10.02,23.39,0.0,80.9,101.42,Chattogram
2022-01-07,17.14,11.37,23.63,0.0,82.51,101.48,Chattogram
2022-01-08,17.64,11.71,24.2,0.0,84.9,101.46,Chattogram
2022-01-09,17.98,12.2,24.08,0.0,86.15,101.29,Chattogram
2022-01-10,18.64,13.05,24.45,0.0,86.18,101.32,Chattogram
2022-01-11,18.87,13.57,24.66,0.0,86.38,101.31,Chattogram
2022-01-12,18.49,14.32,23.31,2.27,89.14,101.31,Chattogram
2022-01-13,18.41,14.27,22.82,1.2,88.77,101.42,Chattogram
2022-01-14,17.5,14.65,22.33,3.84,85.1,101.45,Chattogram
2022-01-15,17.23,12.49,22.82,0.25,79.51,101.37,Chattogram
2022-01-16,16.87,12.96,22.67,0.11,83.98,101.57,Chattogram
2022-01-17,16.25,10.14,23.74,0.0,83.92,101.62,Chattogram
2022-01-18,17.07,10.98,23.14,0.0,83.14,101.42,Chattogram
2022-01-19,17.62,13.12,22.71,0.0,78.29,101.24,Chattogram
2022-01-20,17.82,13.76,22.49,0.0,79.11,101.01,Chattogram
2022-01-21,18.41,13.8,22.89,0.0,68.7,101.07,Chattogram
2022-01-22,17.75,11.87,23.63,0.0,73.61,100.98,Chattogram
2022-01-23,18.59,12.63,24.51,0.06,72.62,100.99,Chattogram
2022-01-24,17.59,14.54,21.18,2.89,87.06,101.0,Chattogram
2022-01-25,18.25,15.91,22.43,1.96,86.85,100.97,Chattogram
2022-01-26,18.35,13.0,23.63,1.22,80.09,101.12,Chattogram
2022-01-27,17.46,13.56,21.88,7.78,84.91,101.19,Chattogram
2022-01-28,14.77,10.17,20.74,0.33,77.79,101.42,Chattogram
2022-01-29,13.39,8.14,19.49,0.0,78.74,101.39,Chattogram
2022-01-30,14.64,9.83,20.8,0.0,79.9,101.15,Chattogram
2022-01-31,15.77,8.98,21.66,0.0,69.73,101.13,Chattogram
2022-02-01,16.42,11.03,22.45,0.01,83.98,100.99,Chattogram
2022-02-02,19.03,15.02,23.74,0.02,72.02,101.16,Chattogram
2022-02-03,18.27,11.24,24.66,0.02,70.7,101.2,Chattogram
2022-02-04,18.75,12.87,24.93,0.15,74.97,101.02,Chattogram
2022-02-05,17.88,12.0,22.64,21.24,81.72,101.02,Chattogram
2022-02-06,14.95,9.45,21.63,16.57,78.14,101.45,Chattogram
2022-02-07,14.38,8.48,21.04,0.0,78.6,101.43,Chattogram
2022-02-08,15.26,8.76,21.95,0.0,75.43,101.34,Chattogram
2022-02-09,16.43,9.82,22.96,0.0,72.0,101.42,Chattogram
2022-02-10,17.35,10.81,23.94,0.0,78.43,101.26,Chattogram
2022-02-11,17.78,13.22,23.65,0.0,81.25,101.23,Chattogram
2022-02-12,15.92,11.09,22.26,0.0,72.95,101.26,Chattogram
2022-02-13,16.0,9.73,23.69,0.0,74.95,101.06,Chattogram
2022-02-14,16.5,9.5,24.5,0.0,73.61,101.07,Chattogram
2022-02-15,16.66,9.76,24.01,0.0,69.6,101.04,Chattogram
2022-02-16,17.34,10.4,23.71,0.0,65.19,100.88,Chattogram
2022-02-17,17.33,10.46,24.28,0.0,66.91,100.88,Chattogram
2022-02-18,17.33,10.75,24.55,0.0,64.59,101.03,Chattogram
2022-02-19,18.05,11.85,24.82,0.0,60.76,101.1,Chattogram
2022-02-20,18.92,11.56,25.39,0.97,72.05,100.81,Chattogram
2022-02-21,19.26,13.54,25.34,1.99,73.81,100.84,Chattogram
2022-02-22,19.92,13.1,26.62,2.43,69.77,101.29,Chattogram
2022-02-23,21.33,15.48,27.32,0.0,67.04,101.5,Chattogram
2022-02-24,22.18,15.26,28.04,0.0,70.1,101.49,Chattogram
2022-02-25,22.21,16.88,27.87,0.09,76.44,101.44,Chattogram
2022-02-26,22.62,17.89,28.68,0.01,76.15,101.46,Chattogram
2022-02-27,22.08,15.83,27.62,0.0,69.59,101.41,Chattogram
2022-02-28,23.57,18.35,28.66,0.05,64.75,101.28,Chattogram
2022-03-01,22.15,17.2,28.17,0.03,68.25,101.36,Chattogram
2022-03-02,20.68,14.44,27.83,0.0,67.03,101.31,Chattogram
2022-03-03,20.96,14.02,28.12,0.0,66.07,101.27,Chattogram
2022-03-04,21.58,14.88,28.08,0.0,62.97,101.2,Chattogram
2022-03-05,22.69,16.57,28.79,0.0,57.0,101.07,Chattogram
2022-03-06,21.73,15.65,29.29,0.0,65.5,101.01,Chattogram
2022-03-07,22.32,15.12,30.39,0.0,68.74,100.99,Chattogram
2022-03-08,23.55,17.4,30.05,0.0,60.5,100.9,Chattogram
2022-03-09,23.76,17.73,29.88,0.0,62.54,100.9,Chattogram
2022-03-10,22.81,16.07,30.22,0.0,63.12,100.87,Chattogram
2022-03-11,22.59,14.92,29.62,0.0,62.74,100.83,Chattogram
2022-03-12,22.43,15.94,29.34,0.0,62.97,100.75,Chattogram
2022-03-13,22.66,15.66,30.41,0.0,65.37,100.78,Chattogram
2022-03-14,23.99,16.7,31.36,0.0,61.68,100.75,Chattogram
2022-03-15,25.02,19.0,31.58,0.0,55.41,100.54,Chattogram
2022-03-16,25.01,18.86,32.03,0.0,62.88,100.5,Chattogram
2022-03-17,25.7,19.58,32.07,0.0,64.98,100.63,Chattogram
2022-03-18,25.49,19.36,32.19,0.0,56.59,100.65,Chattogram
2022-03-19,26.28,21.41,32.58,0.0,57.13,100.5,Chattogram
2022-03-20,24.92,20.0,31.8,0.0,74.77,100.46,Chattogram
2022-03-21,24.85,18.79,32.02,0.0,69.25,100.6,Chattogram
2022-03-22,26.4,19.36,33.82,0.0,68.04,100.59,Chattogram
2022-03-23,27.39,20.99,34.58,0.0,62.25,100.53,Chattogram
2022-03-24,26.96,23.3,32.36,0.0,76.04,100.55,Chattogram
2022-03-25,26.66,23.05,31.48,0.01,80.06,100.64,Chattogram
2022-03-26,27.06,24.52,31.06,0.26,80.63,100.75,Chattogram
2022-03-27,26.91,23.33,31.93,1.61,81.35,100.91,Chattogram
2022-03-28,26.52,21.87,31.88,0.86,80.23,100.8,Chattogram
2022-03-29,26.52,22.96,31.59,1.32,80.19,100.68,Chattogram
2022-03-30,27.07,23.65,31.88,2.42,79.6,100.73,Chattogram
2022-03-31,27.56,24.01,32.73,0.96,78.17,100.77,Chattogram
2022-04-01,27.78,24.32,32.52,0.02,76.36,100.78,Chattogram
2022-04-02,27.66,24.11,32.67,0.0,77.12,100.94,Chattogram
2022-04-03,27.27,22.94,32.54,0.01,76.37,100.92,Chattogram
2022-04-04,27.97,24.76,32.66,0.03,71.39,100.96,Chattogram
2022-04-05,27.99,23.65,33.53,0.15,75.09,101.1,Chattogram
2022-04-06,27.89,23.37,33.81,2.14,76.39,101.09,Chattogram
2022-04-07,28.86,23.43,35.92,0.0,67.73,100.97,Chattogram
2022-04-08,28.54,23.15,35.27,0.0,69.2,100.79,Chattogram
2022-04-09,28.34,23.29,34.39,0.0,72.89,100.72,Chattogram
2022-04-10,28.69,23.28,35.36,0.29,71.97,100.64,Chattogram
2022-04-11,29.07,24.8,34.02,0.56,74.63,100.51,Chattogram
2022-04-12,29.24,25.27,34.56,0.09,73.62,100.53,Chattogram
2022-04-13,29.27,25.03,34.82,0.0,71.82,100.43,Chattogram
2022-04-14,28.92,25.62,33.42,0.01,74.82,100.3,Chattogram
2022-04-15,29.63,26.71,34.5,0.01,72.9,100.3,Chattogram
2022-04-16,29.18,26.64,33.27,0.01,73.42,100.33,Chattogram
2022-04-17,28.96,25.63,33.99,0.17,73.7,100.44,Chattogram
2022-04-18,29.19,25.23,34.75,0.13,73.94,100.62,Chattogram
2022-04-19,29.19,24.63,34.58,2.18,72.37,100.75,Chattogram
2022-04-20,27.8,24.55,32.97,16.96,77.82,100.72,Chattogram
2022-04-21,26.92,22.42,32.08,15.02,77.19,100.72,Chattogram
2022-04-22,27.86,24.38,32.97,11.23,78.9,100.7,Chattogram
2022-04-23,28.21,24.46,33.31,17.74,81.85,100.6,Chattogram
2022-04-24,28.61,25.0,33.72,6.66,81.14,100.42,Chattogram
2022-04-25,29.02,24.77,34.2,0.0,80.06,100.42,Chattogram
2022-04-26,28.87,25.25,33.44,0.18,80.85,100.48,Chattogram
2022-04-27,28.95,25.43,33.53,0.48,80.0,100.48,Chattogram
2022-04-28,29.81,24.86,36.21,0.16,74.94,100.52,Chattogram
2022-04-29,30.05,24.67,36.1,0.0,72.7,100.49,Chattogram
2022-04-30,29.75,25.98,35.08,2.37,71.41,100.44,Chattogram
2022-05-01,30.05,24.96,36.32,1.4,64.93,100.36,Chattogram
2022-05-02,29.64,26.04,35.31,5.59,68.06,100.42,Chattogram
2022-05-03,28.65,25.28,33.43,5.77,73.14,100.56,Chattogram
2022-05-04,28.01,25.37,31.49,14.97,77.19,100.69,Chattogram
2022-05-05,28.07,24.78,32.26,4.99,74.47,100.57,Chattogram
2022-05-06,28.54,24.06,33.92,4.61,72.93,100.5,Chattogram
2022-05-07,29.63,25.15,35.73,0.44,66.52,100.43,Chattogram
2022-05-08,29.65,24.32,36.01,2.74,69.71,100.41,Chattogram
2022-05-09,28.36,25.66,31.81,17.06,78.07,100.54,Chattogram
2022-05-10,27.04,24.99,30.4,26.93,86.05,100.53,Chattogram
2022-05-11,28.18,25.71,31.83,29.23,85.02,100.43,Chattogram
2022-05-12,28.85,26.53,31.86,10.11,84.55,100.34,Chattogram
2022-05-13,28.83,26.51,31.95,14.56,85.11,100.12,Chattogram
2022-05-14,29.33,26.9,32.9,7.27,83.59,100.17,Chattogram
2022-05-15,29.29,27.52,32.18,1.14,85.23,100.38,Chattogram
2022-05-16,28.82,27.47,31.07,2.01,87.85,100.34,Chattogram
2022-05-17,28.32,27.08,30.38,4.97,89.69,100.27,Chattogram
2022-05-18,27.72,26.48,30.29,7.41,85.3,100.42,Chattogram
2022-05-19,28.69,27.11,31.19,13.85,89.33,100.4,Chattogram
2022-05-20,28.25,26.45,30.65,26.79,88.06,100.24,Chattogram
2022-05-21,27.8,26.13,30.48,63.93,91.54,99.9,Chattogram
2022-05-22,28.64,25.78,32.87,19.96,82.16,99.81,Chattogram
2022-05-23,28.37,25.59,32.06,35.09,83.51,99.92,Chattogram
2022-05-24,28.61,24.91,32.4,16.5,83.2,100.22,Chattogram
2022-05-25,28.39,25.94,31.37,22.26,84.39,100.34,Chattogram
2022-05-26,28.14,25.35,31.28,16.75,85.24,100.25,Chattogram
2022-05-27,28.41,25.67,32.28,18.26,83.81,100.06,Chattogram
2022-05-28,28.57,25.6,32.57,15.19,85.16,99.97,Chattogram
2022-05-29,27.83,25.79,30.59,27.46,88.17,100.04,Chattogram
2022-05-30,27.57,25.71,29.81,24.84,88.79,100.07,Chattogram
2022-05-31,28.0,25.2,31.23,10.55,84.66,100.01,Chattogram
2022-06-01,27.84,25.93,30.87,12.44,87.1,100.08,Chattogram
2022-06-02,28.3,25.72,31.59,4.1,85.92,100.11,Chattogram
2022-06-03,28.33,26.54,30.89,22.84,88.71,100.09,Chattogram
2022-06-04,28.02,26.41,30.73,33.81,89.41,100.22,Chattogram
2022-06-05,28.31,26.19,31.6,6.51,87.76,100.27,Chattogram
2022-06-06,28.47,25.88,31.9,2.17,88.2,100.2,Chattogram
2022-06-07,28.79,26.28,32.05,2.35,87.47,100.12,Chattogram
2022-06-08,28.58,27.02,31.13,17.33,90.09,100.05,Chattogram
2022-06-09,28.34,26.99,30.63,16.51,91.23,100.05,Chattogram
2022-06-10,29.0,26.37,33.59,20.15,81.0,100.1,Chattogram
2022-06-11,28.16,26.21,31.17,6.33,88.3,100.13,Chattogram
2022-06-12,28.57,26.55,31.54,0.64,88.84,100.24,Chattogram
2022-06-13,28.93,26.7,31.8,6.87,89.02,100.32,Chattogram
2022-06-14,28.5,26.92,30.87,11.81,90.98,100.28,Chattogram
2022-06-15,27.91,26.96,29.77,20.24,91.61,100.33,Chattogram
2022-06-16,27.13,25.49,28.43,33.0,92.09,100.43,Chattogram
2022-06-17,27.31,26.07,28.73,78.52,94.1,100.47,Chattogram
2022-06-18,27.22,26.07,28.58,63.93,93.45,100.46,Chattogram
2022-06-19,26.89,25.76,27.89,54.31,93.4,100.36,Chattogram
2022-06-20,26.84,25.57,28.58,46.52,92.07,100.14,Chattogram
2022-06-21,27.21,25.47,29.33,41.7,91.78,99.99,Chattogram
2022-06-22,27.22,24.78,30.23,4.15,87.31,100.33,Chattogram
2022-06-23,27.45,25.27,29.8,5.23,90.19,100.42,Chattogram
2022-06-24,27.57,26.11,30.09,4.86,91.0,100.3,Chattogram
2022-06-25,27.62,25.49,30.28,11.13,90.0,100.18,Chattogram
2022-06-26,27.49,25.91,29.73,3.28,90.92,100.34,Chattogram
2022-06-27,28.23,25.81,31.17,4.15,88.51,100.4,Chattogram
2022-06-28,27.84,26.15,30.15,5.34,90.51,100.29,Chattogram
2022-06-29,28.05,26.11,30.55,22.88,90.01,100.16,Chattogram
2022-06-30,27.5,26.36,28.94,14.56,93.28,100.12,Chattogram
2022-07-01,27.53,26.15,29.28,5.57,93.68,100.02,Chattogram
2022-07-02,27.94,25.91,30.55,5.68,90.74,99.87,Chattogram
2022-07-03,27.71,26.04,30.29,8.01,90.42,99.97,Chattogram
2022-07-04,27.34,25.65,28.99,20.16,91.61,99.93,Chattogram
2022-07-05,28.08,25.73,31.16,2.09,89.06,99.97,Chattogram
2022-07-06,27.78,26.47,30.17,9.95,91.64,100.3,Chattogram
2022-07-07,27.99,26.03,31.19,7.22,88.79,100.39,Chattogram
2022-07-08,28.08,25.97,31.08,8.76,89.01,100.22,Chattogram
2022-07-09,28.05,25.42,31.73,2.35,87.01,100.07,Chattogram
2022-07-10,28.09,25.97,31.39,1.53,88.74,100.0,Chattogram
2022-07-11,27.62,25.79,30.34,5.95,89.12,100.12,Chattogram
2022-07-12,28.28,25.35,31.52,5.56,88.16,99.95,Chattogram
2022-07-13,28.59,26.23,31.51,0.57,88.18,99.78,Chattogram
2022-07-14,28.33,26.46,30.73,2.32,89.33,99.85,Chattogram
2022-07-15,28.58,26.34,31.82,3.78,87.7,100.06,Chattogram
2022-07-16,28.69,26.26,32.02,3.87,87.87,100.16,Chattogram
2022-07-17,28.56,26.4,31.64,3.15,88.26,100.31,Chattogram
2022-07-18,28.57,26.21,31.76,9.19,87.52,100.28,Chattogram
2022-07-19,28.33,26.4,31.1,11.08,88.95,100.16,Chattogram
2022-07-20,28.38,26.49,30.76,40.39,89.59,100.16,Chattogram
2022-07-21,28.43,26.26,31.16,9.67,88.08,100.24,Chattogram
2022-07-22,28.46,26.61,31.66,4.62,88.98,100.3,Chattogram
2022-07-23,27.72,26.18,29.72,16.52,90.14,100.33,Chattogram
2022-07-24,27.89,25.89,30.88,12.19,89.07,100.43,Chattogram
2022-07-25,27.6,25.48,30.04,29.59,82.45,100.68,Chattogram
2022-07-26,27.19,24.31,30.27,15.23,84.79,100.72,Chattogram
2022-07-27,28.55,24.89,32.01,5.92,83.93,100.6,Chattogram
2022-07-28,28.14,26.22,30.95,0.94,89.35,100.6,Chattogram
2022-07-29,28.46,25.73,31.76,4.77,82.38,100.5,Chattogram
2022-07-30,29.03,26.19,32.53,4.03,85.8,100.34,Chattogram
2022-07-31,28.59,26.4,31.29,2.16,87.0,100.19,Chattogram
2022-08-01,28.87,26.43,31.89,16.7,87.97,100.16,Chattogram
2022-08-02,29.06,26.17,32.59,26.35,86.8,100.12,Chattogram
2022-08-03,28.52,26.46,31.74,29.83,85.62,100.28,Chattogram
2022-08-04,28.97,26.06,32.35,17.76,85.96,100.27,Chattogram
2022-08-05,28.77,26.19,32.16,7.27,87.31,100.08,Chattogram
2022-08-06,28.32,26.16,31.28,16.86,89.72,99.93,Chattogram
2022-08-07,29.03,25.82,33.1,5.68,85.83,99.82,Chattogram
2022-08-08,27.84,26.02,30.48,9.05,90.56,99.82,Chattogram
2022-08-09,27.75,25.13,30.79,14.05,90.73,99.87,Chattogram
2022-08-10,27.13,25.77,28.8,5.5,92.95,99.93,Chattogram
2022-08-11,27.59,25.59,30.14,4.44,91.66,100.06,Chattogram
2022-08-12,28.24,26.01,31.68,3.09,87.59,99.99,Chattogram
2022-08-13,27.29,25.32,29.54,11.4,93.21,99.9,Chattogram
2022-08-14,26.73,24.89,28.61,12.3,93.19,100.26,Chattogram
2022-08-15,27.79,25.6,31.15,8.9,90.3,100.56,Chattogram
2022-08-16,28.63,25.74,31.91,3.04,86.52,100.45,Chattogram
2022-08-17,28.97,26.38,32.21,3.97,87.8,100.18,Chattogram
2022-08-18,29.54,26.4,33.77,26.74,86.12,99.83,Chattogram
2022-08-19,27.97,25.31,31.67,29.24,88.2,99.97,Chattogram
2022-08-20,27.81,25.78,30.94,5.42,88.2,100.19,Chattogram
2022-08-21,27.85,25.69,30.94,4.39,89.06,100.14,Chattogram
2022-08-22,28.76,26.2,32.25,5.52,85.6,100.09,Chattogram
2022-08-23,27.65,25.75,30.08,51.0,89.35,100.33,Chattogram
2022-08-24,27.3,25.1,30.19,2.95,88.37,100.5,Chattogram
2022-08-25,28.33,25.12,32.01,4.11,83.67,100.36,Chattogram
2022-08-26,27.94,25.34,31.37,1.05,88.6,100.23,Chattogram
2022-08-27,27.32,25.33,30.44,1.45,89.73,100.26,Chattogram
2022-08-28,27.24,25.39,30.09,6.61,88.06,100.5,Chattogram
2022-08-29,28.4,25.28,31.9,2.8,84.61,100.69,Chattogram
2022-08-30,28.39,25.81,31.33,0.91,86.18,100.7,Chattogram
2022-08-31,28.56,25.85,31.78,1.23,87.46,100.53,Chattogram
2022-09-01,28.81,26.65,31.63,6.46,84.35,100.6,Chattogram
2022-09-02,27.55,25.64,29.75,34.91,89.49,100.66,Chattogram
2022-09-03,28.44,25.61,31.63,12.83,87.81,100.39,Chattogram
2022-09-04,28.73,26.51,31.71,19.55,89.39,100.36,Chattogram
2022-09-05,28.6,26.64,31.26,16.61,89.88,100.42,Chattogram
2022-09-06,28.65,26.75,30.73,18.63,87.94,100.5,Chattogram
2022-09-07,28.43,25.89,31.38,5.52,89.0,100.6,Chattogram
2022-09-08,29.64,26.02,33.42,21.17,85.34,100.61,Chattogram
2022-09-09,27.91,26.64,30.01,13.56,90.47,100.62,Chattogram
2022-09-10,27.25,25.67,29.25,19.64,92.01,100.62,Chattogram
2022-09-11,27.27,25.97,29.1,27.38,91.54,100.52,Chattogram
2022-09-12,27.07,26.15,28.42,34.6,94.19,100.47,Chattogram
2022-09-13,27.13,25.72,28.84,30.93,94.11,100.61,Chattogram
2022-09-14,27.46,25.27,30.05,22.09,88.19,100.74,Chattogram
2022-09-15,27.71,25.13,30.52,13.88,89.3,100.52,Chattogram
2022-09-16,27.97,26.0,30.69,7.93,90.14,100.21,Chattogram
2022-09-17,28.31,25.88,31.76,4.83,86.55,100.24,Chattogram
2022-09-18,27.89,25.5,31.1,7.8,89.4,100.29,Chattogram
2022-09-19,27.44,25.56,30.18,16.65,92.0,100.41,Chattogram
2022-09-20,27.51,25.35,30.33,1.56,89.72,100.47,Chattogram
2022-09-21,27.51,25.66,30.28,3.55,89.81,100.53,Chattogram
2022-09-22,27.4,25.71,30.19,7.1,90.92,100.55,Chattogram
2022-09-23,27.82,25.46,30.87,6.94,86.93,100.54,Chattogram
2022-09-24,27.5,25.43,30.27,11.07,86.59,100.49,Chattogram
2022-09-25,28.14,25.66,30.91,9.97,84.36,100.52,Chattogram
2022-09-26,26.66,24.95,28.16,4.36,91.28,100.59,Chattogram
2022-09-27,27.79,24.68,31.13,16.92,85.58,100.46,Chattogram
2022-09-28,27.84,25.83,30.6,4.99,88.83,100.36,Chattogram
2022-09-29,27.8,24.48,31.83,1.23,84.76,100.33,Chattogram
2022-09-30,28.2,24.64,32.0,3.84,85.29,100.27,Chattogram
2022-10-01,29.13,25.87,33.89,25.1,82.66,100.19,Chattogram
2022-10-02,27.57,26.02,29.22,40.81,91.69,100.15,Chattogram
2022-10-03,27.14,25.94,29.31,30.53,92.87,100.42,Chattogram
2022-10-04,27.78,25.59,30.94,9.81,88.17,100.77,Chattogram
2022-10-05,27.68,24.98,31.49,12.16,88.06,100.87,Chattogram
2022-10-06,27.79,24.94,31.23,8.19,86.25,100.93,Chattogram
2022-10-07,27.48,23.97,31.01,0.8,82.31,100.87,Chattogram
2022-10-08,28.02,24.23,31.74,2.82,83.53,100.88,Chattogram
2022-10-09,27.53,25.65,30.43,13.46,88.42,101.04,Chattogram
2022-10-10,27.33,25.22,30.2,17.2,87.21,101.08,Chattogram
2022-10-11,26.82,25.07,29.14,13.21,91.73,100.94,Chattogram
2022-10-12,26.81,24.94,29.22,6.85,89.55,100.94,Chattogram
2022-10-13,27.53,24.72,30.75,6.33,81.78,100.91,Chattogram
2022-10-14,27.04,24.26,29.86,5.22,83.92,100.85,Chattogram
2022-10-15,26.71,23.76,30.64,2.86,87.99,100.76,Chattogram
2022-10-16,26.61,22.47,31.32,1.25,87.87,100.92,Chattogram
2022-10-17,27.36,23.62,31.44,0.3,85.1,100.98,Chattogram
2022-10-18,27.52,24.21,30.59,4.08,81.54,100.91,Chattogram
2022-10-19,26.55,23.53,30.0,4.57,85.38,100.9,Chattogram
2022-10-20,26.35,22.55,30.96,0.59,85.99,100.98,Chattogram
2022-10-21,26.56,22.75,31.32,0.09,86.59,101.08,Chattogram
2022-10-22,27.05,22.71,32.3,0.1,83.0,101.07,Chattogram
2022-10-23,25.15,23.66,27.44,27.93,91.89,100.98,Chattogram
2022-10-24,24.42,23.19,26.14,67.15,95.03,100.24,Chattogram
2022-10-25,24.53,21.62,27.75,23.27,88.06,100.54,Chattogram
2022-10-26,23.9,20.05,28.22,0.76,84.36,101.16,Chattogram
2022-10-27,23.49,19.74,28.52,0.0,83.69,101.12,Chattogram
2022-10-28,23.08,17.96,28.35,0.0,80.58,101.04,Chattogram
2022-10-29,23.97,18.21,29.54,0.01,82.52,101.0,Chattogram
2022-10-30,25.18,20.97,30.32,2.75,85.19,100.99,Chattogram
2022-10-31,25.83,21.77,30.63,1.48,86.27,101.05,Chattogram
2022-11-01,25.63,22.03,30.25,0.0,87.77,101.08,Chattogram
2022-11-02,25.61,21.47,30.21,0.0,86.23,100.95,Chattogram
2022-11-03,25.11,22.48,28.77,0.0,86.16,100.96,Chattogram
2022-11-04,23.99,20.11,28.51,0.0,83.1,101.16,Chattogram
2022-11-05,25.02,20.75,30.48,0.71,76.38,101.32,Chattogram
2022-11-06,24.79,21.28,29.52,1.71,77.26,101.31,Chattogram
2022-11-07,23.89,19.17,28.82,0.58,76.81,101.28,Chattogram
2022-11-08,23.83,18.79,28.68,0.0,71.9,101.27,Chattogram
2022-11-09,23.84,18.9,28.6,0.0,73.13,101.28,Chattogram
2022-11-10,23.42,18.35,28.2,0.0,72.85,101.25,Chattogram
2022-11-11,22.48,17.39,28.07,0.0,79.9,101.24,Chattogram
2022-11-12,22.18,17.67,27.51,0.0,81.34,101.18,Chattogram
2022-11-13,20.98,16.67,26.4,0.1,85.59,101.18,Chattogram
2022-11-14,21.09,16.1,26.92,0.91,83.38,101.19,Chattogram
2022-11-15,21.54,16.66,26.88,0.0,79.78,101.15,Chattogram
2022-11-16,21.33,16.41,26.49,0.0,79.9,101.03,Chattogram
2022-11-17,21.01,15.77,27.05,0.0,83.78,101.02,Chattogram
2022-11-18,20.02,15.16,25.93,0.0,85.03,101.16,Chattogram
2022-11-19,20.3,14.24,26.77,0.0,85.62,101.11,Chattogram
2022-11-20,22.36,17.1,27.57,1.04,85.38,100.98,Chattogram
2022-11-21,22.03,17.99,27.38,0.01,85.57,100.93,Chattogram
2022-11-22,20.27,15.29,26.23,0.0,84.71,101.0,Chattogram
2022-11-23,19.75,14.87,25.75,0.0,87.21,101.03,Chattogram
2022-11-24,20.02,14.67,26.34,0.0,85.9,101.05,Chattogram
2022-11-25,21.07,14.85,27.51,1.58,84.36,101.12,Chattogram
2022-11-26,21.86,17.04,27.99,0.0,85.04,100.97,Chattogram
2022-11-27,21.69,17.45,26.99,0.05,80.67,100.82,Chattogram
2022-11-28,22.48,16.97,28.29,0.14,85.28,100.89,Chattogram
2022-11-29,23.96,20.44,28.52,0.13,85.01,101.03,Chattogram
2022-11-30,23.35,19.63,28.33,0.07,83.42,101.12,Chattogram
2022-12-01,21.54,17.72,26.93,0.07,82.8,101.08,Chattogram
2022-12-02,20.06,15.16,26.02,0.0,86.55,101.07,Chattogram
2022-12-03,19.62,14.39,25.23,0.0,84.17,101.12,Chattogram
2022-12-04,19.67,14.69,25.84,0.0,83.47,101.17,Chattogram
2022-12-05,19.24,13.62,25.65,0.0,85.53,101.23,Chattogram
2022-12-06,19.68,14.52,25.51,0.0,84.15,101.12,Chattogram
2022-12-07,19.32,14.24,25.45,0.0,85.16,101.11,Chattogram
2022-12-08,19.4,14.21,25.03,0.0,82.33,101.12,Chattogram
2022-12-09,19.47,13.87,24.73,0.0,76.91,101.13,Chattogram
2022-12-10,19.86,15.09,25.32,0.0,79.43,101.12,Chattogram
2022-12-11,19.35,14.84,25.12,0.0,80.38,101.16,Chattogram
2022-12-12,18.83,13.38,24.7,0.0,82.29,101.14,Chattogram
2022-12-13,18.49,13.03,24.13,0.0,82.57,101.17,Chattogram
2022-12-14,18.85,13.53,24.53,0.0,82.82,101.19,Chattogram
2022-12-15,18.07,12.98,23.94,0.0,81.79,101.1,Chattogram
2022-12-16,17.01,11.51,23.8,0.0,85.46,101.07,Chattogram
2022-12-17,17.69,12.15,24.21,0.0,85.61,101.18,Chattogram
2022-12-18,19.0,13.26,24.73,0.0,76.87,101.19,Chattogram
2022-12-19,19.3,14.25,25.23,0.0,76.23,101.07,Chattogram
2022-12-20,19.83,15.71,24.75,0.0,77.49,101.06,Chattogram
2022-12-21,18.59,14.1,24.25,0.0,81.96,101.09,Chattogram
2022-12-22,18.66,13.5,24.08,0.0,80.6,101.07,Chattogram
2022-12-23,17.94,13.08,23.97,0.0,78.97,101.12,Chattogram
2022-12-24,17.51,11.22,23.7,0.0,71.83,101.18,Chattogram
2022-12-25,19.52,12.09,25.41,0.0,69.51,101.29,Chattogram
2022-12-26,20.36,14.99,26.18,0.0,74.19,101.43,Chattogram
2022-12-27,20.43,16.25,24.45,2.57,86.11,101.36,Chattogram
2022-12-28,20.17,16.27,24.55,14.05,89.27,101.43,Chattogram
2022-12-29,16.73,12.41,22.51,0.07,78.85,101.63,Chattogram
2022-12-30,15.8,10.62,21.76,0.0,74.13,101.7,Chattogram
2022-12-31,16.25,10.46,22.26,0.0,76.43,101.67,Chattogram
2023-01-01,16.05,10.83,22.41,0.0,78.75,101.74,Chattogram
2023-01-02,16.27,10.33,22.64,0.0,77.71,101.74,Chattogram
2023-01-03,15.85,10.16,22.65,0.0,78.02,101.71,Chattogram
2023-01-04,14.8,9.37,21.91,0.0,83.53,101.68,Chattogram
2023-01-05,14.99,9.13,22.33,0.0,85.06,101.72,Chattogram
2023-01-06,15.4,9.37,22.67,0.0,85.18,101.7,Chattogram
2023-01-07,16.12,9.89,23.06,0.0,86.6,101.55,Chattogram
2023-01-08,17.52,11.73,24.59,0.0,85.98,101.49,Chattogram
2023-01-09,18.03,11.77,25.24,0.0,81.15,101.55,Chattogram
2023-01-10,18.37,12.41,25.4,0.0,76.31,101.41,Chattogram
2023-01-11,16.73,10.98,23.69,0.0,76.79,101.28,Chattogram
2023-01-12,15.72,10.12,22.09,0.0,74.71,101.15,Chattogram
2023-01-13,17.3,9.78,23.69,0.0,68.9,101.24,Chattogram
2023-01-14,18.2,11.62,24.24,0.0,74.44,101.17,Chattogram
2023-01-15,18.02,13.98,23.89,0.0,80.27,101.16,Chattogram
2023-01-16,16.87,11.57,23.28,0.0,77.84,101.3,Chattogram
2023-01-17,16.11,11.04,22.8,0.0,78.92,101.4,Chattogram
2023-01-18,15.19,10.11,21.69,0.0,77.21,101.58,Chattogram
2023-01-19,14.52,9.25,21.56,0.0,74.75,101.59,Chattogram
2023-01-20,14.54,8.27,21.89,0.0,72.39,101.5,Chattogram
2023-01-21,15.81,9.08,23.11,0.1,71.21,101.35,Chattogram
2023-01-22,16.72,10.27,23.73,0.0,70.17,101.31,Chattogram
2023-01-23,17.77,10.84,24.29,0.0,75.49,101.27,Chattogram
2023-01-24,18.69,12.57,25.79,0.0,74.04,101.28,Chattogram
2023-01-25,19.23,13.17,25.85,0.0,71.38,101.26,Chattogram
2023-01-26,19.58,13.53,26.04,0.0,75.46,101.17,Chattogram
2023-01-27,19.78,15.31,26.04,0.0,79.72,101.18,Chattogram
2023-01-28,19.52,14.28,25.96,0.0,82.8,101.15,Chattogram
2023-01-29,18.95,13.32,25.6,0.0,77.1,101.22,Chattogram
2023-01-30,19.35,12.47,26.72,0.0,74.72,101.31,Chattogram
2023-01-31,20.15,14.65,26.41,0.35,75.46,101.09,Chattogram
2023-02-01,19.59,14.48,25.91,0.0,78.99,101.06,Chattogram
2023-02-02,17.92,13.01,25.17,0.0,69.22,101.19,Chattogram
2023-02-03,17.17,10.32,25.05,0.0,71.3,101.13,Chattogram
2023-02-04,17.8,11.08,24.57,0.0,70.89,101.05,Chattogram
2023-02-05,18.75,12.98,25.35,0.0,62.99,101.04,Chattogram
2023-02-06,19.52,13.04,25.6,0.0,57.58,101.08,Chattogram
2023-02-07,19.58,13.08,25.72,0.0,73.06,101.04,Chattogram
2023-02-08,20.2,15.04,26.54,0.0,83.01,101.11,Chattogram
2023-02-09,21.61,15.83,27.29,0.0,75.14,101.11,Chattogram
2023-02-10,20.71,15.23,26.51,0.0,66.42,101.17,Chattogram
2023-02-11,20.56,13.98,26.91,0.0,63.78,101.14,Chattogram
2023-02-12,21.07,16.03,27.23,0.0,79.68,101.11,Chattogram
2023-02-13,19.41,13.58,25.91,0.0,63.62,101.22,Chattogram
2023-02-14,17.79,11.09,25.99,0.0,55.71,101.21,Chattogram
2023-02-15,18.84,12.11,25.72,0.0,52.92,101.09,Chattogram
2023-02-16,19.81,12.36,26.43,0.0,54.93,101.22,Chattogram
2023-02-17,20.84,14.69,26.76,0.0,66.42,101.37,Chattogram
2023-02-18,22.2,16.16,27.42,0.0,64.14,101.37,Chattogram
2023-02-19,22.44,17.02,27.88,0.0,67.2,101.25,Chattogram
2023-02-20,23.09,18.23,28.08,0.0,70.55,101.15,Chattogram
2023-02-21,22.63,17.66,28.56,0.0,82.31,101.17,Chattogram
2023-02-22,23.05,18.72,29.11,0.0,85.26,101.09,Chattogram
2023-02-23,23.3,19.52,28.85,0.0,83.97,101.13,Chattogram
2023-02-24,24.16,18.69,30.24,0.01,77.0,101.21,Chattogram
2023-02-25,23.92,19.13,30.78,0.01,63.57,101.43,Chattogram
2023-02-26,24.3,16.48,31.33,0.01,51.17,101.55,Chattogram
2023-02-27,24.89,18.27,31.15,0.0,51.7,101.5,Chattogram
2023-02-28,24.74,18.04,31.04,0.0,56.46,101.53,Chattogram
2023-03-01,23.25,16.26,31.31,0.0,52.93,101.54,Chattogram
2023-03-02,24.14,16.73,31.76,0.0,52.45,101.5,Chattogram
2023-03-03,24.23,17.13,32.44,0.0,51.63,101.5,Chattogram
2023-03-04,25.85,17.81,33.23,0.0,46.43,101.43,Chattogram
2023-03-05,26.59,18.91,33.3,0.0,47.89,101.32,Chattogram
2023-03-06,26.86,20.19,33.64,0.0,55.91,101.23,Chattogram
2023-03-07,26.65,19.63,33.49,0.0,55.0,101.27,Chattogram
2023-03-08,25.43,18.92,32.61,0.0,46.12,101.33,Chattogram
2023-03-09,25.55,19.87,33.15,0.0,49.96,101.21,Chattogram
2023-03-10,23.8,18.41,28.85,0.0,53.31,101.25,Chattogram
2023-03-11,25.59,19.78,32.74,0.0,50.51,101.22,Chattogram
2023-03-12,25.95,18.45,35.15,0.0,49.67,101.11,Chattogram
2023-03-13,26.81,18.71,34.68,0.0,45.87,100.99,Chattogram
2023-03-14,26.08,20.6,32.74,0.0,65.71,100.9,Chattogram
2023-03-15,26.1,21.06,32.83,0.13,70.57,100.89,Chattogram
2023-03-16,25.18,20.68,30.96,0.32,73.29,101.1,Chattogram
2023-03-17,25.88,21.0,32.21,0.09,62.85,101.11,Chattogram
2023-03-18,25.03,19.93,31.54,2.65,64.62,100.99,Chattogram
2023-03-19,23.79,20.99,28.01,9.99,78.73,100.93,Chattogram
2023-03-20,22.94,20.54,26.35,17.78,82.59,100.84,Chattogram
2023-03-21,23.69,20.23,27.84,38.57,83.48,100.83,Chattogram
2023-03-22,23.73,20.91,27.67,20.47,82.29,100.76,Chattogram
2023-03-23,23.41,19.75,27.94,9.29,82.46,100.76,Chattogram
2023-03-24,24.65,19.92,30.05,2.69,74.51,100.9,Chattogram
2023-03-25,25.37,20.83,30.54,3.62,75.25,100.96,Chattogram
2023-03-26,26.04,22.0,31.44,1.15,79.24,100.77,Chattogram
2023-03-27,26.09,21.79,31.65,1.64,78.64,100.74,Chattogram
2023-03-28,26.46,22.53,31.5,2.09,77.77,100.8,Chattogram
2023-03-29,26.36,21.77,30.7,13.79,78.09,100.96,Chattogram
2023-03-30,25.61,21.09,30.01,10.03,78.89,100.83,Chattogram
2023-03-31,25.34,21.88,29.19,35.33,86.2,100.81,Chattogram
2023-04-01,25.0,22.89,28.2,44.13,87.16,100.73,Chattogram
2023-04-02,25.03,21.37,29.27,7.81,80.62,100.61,Chattogram
2023-04-03,25.51,21.17,30.18,2.01,81.44,100.64,Chattogram
2023-04-04,26.38,21.72,31.25,0.94,81.87,100.72,Chattogram
2023-04-05,26.56,22.65,31.3,1.49,85.83,100.66,Chattogram
2023-04-06,27.27,22.84,31.82,11.05,76.73,100.88,Chattogram
2023-04-07,27.84,22.85,32.19,3.61,64.14,101.05,Chattogram
2023-04-08,27.83,22.15,33.13,0.02,63.3,101.15,Chattogram
2023-04-09,28.04,23.24,32.98,0.5,64.69,101.05,Chattogram
2023-04-10,28.01,21.9,33.47,2.01,69.0,100.88,Chattogram
2023-04-11,28.4,23.2,34.43,0.0,73.7,100.86,Chattogram
2023-04-12,28.79,23.89,34.49,0.0,70.35,100.75,Chattogram
2023-04-13,28.13,23.22,34.17,0.0,75.42,100.69,Chattogram
2023-04-14,29.01,23.21,34.73,0.0,71.15,100.67,Chattogram
2023-04-15,29.83,24.37,35.59,0.0,65.64,100.61,Chattogram
2023-04-16,29.18,24.24,34.31,0.0,73.1,100.49,Chattogram
2023-04-17,28.37,24.48,33.32,0.0,84.65,100.59,Chattogram
2023-04-18,28.73,24.56,34.1,0.0,83.03,100.7,Chattogram
2023-04-19,28.36,24.45,33.43,0.0,83.15,100.37,Chattogram
2023-04-20,28.52,24.9,33.53,0.02,82.39,100.14,Chattogram
2023-04-21,28.76,25.23,33.7,2.42,81.23,100.21,Chattogram
2023-04-22,28.47,23.64,34.21,2.34,75.41,100.32,Chattogram
2023-04-23,28.55,24.36,33.23,2.86,69.6,100.59,Chattogram
2023-04-24,27.87,22.14,33.12,0.17,67.61,100.88,Chattogram
2023-04-25,28.84,23.78,34.29,0.0,59.44,100.83,Chattogram
2023-04-26,29.09,22.34,35.1,0.0,57.21,100.67,Chattogram
2023-04-27,29.53,23.86,35.42,0.18,60.88,100.69,Chattogram
2023-04-28,28.46,23.42,33.78,3.85,71.27,100.76,Chattogram
2023-04-29,29.6,25.2,35.55,3.43,67.47,100.67,Chattogram
2023-04-30,29.35,24.46,34.01,0.97,66.45,100.58,Chattogram
2023-05-01,29.44,25.02,34.63,0.11,62.97,100.64,Chattogram
2023-05-02,29.13,24.38,34.45,0.0,62.59,100.77,Chattogram
2023-05-03,28.87,24.45,33.85,3.26,68.74,100.85,Chattogram
2023-05-04,29.07,25.71,33.66,6.03,69.35,100.75,Chattogram
2023-05-05,28.7,25.39,32.66,3.8,70.91,100.47,Chattogram
2023-05-06,29.62,25.53,34.39,2.03,71.37,100.35,Chattogram
2023-05-07,30.73,25.3,36.35,0.36,63.28,100.35,Chattogram
2023-05-08,31.74,25.27,38.35,0.0,56.17,100.3,Chattogram
2023-05-09,32.15,25.56,38.83,0.0,58.89,100.29,Chattogram
2023-05-10,32.1,27.13,38.69,0.0,64.7,100.41,Chattogram
2023-05-11,31.36,26.66,37.63,0.01,66.08,100.57,Chattogram
2023-05-12,30.23,25.8,34.81,0.03,69.44,100.55,Chattogram
2023-05-13,29.6,26.18,34.59,5.13,73.75,100.42,Chattogram
2023-05-14,27.86,24.12,33.73,1.05,66.82,99.85,Chattogram
2023-05-15,28.22,22.48,34.07,4.43,65.55,100.25,Chattogram
2023-05-16,29.11,25.99,33.55,15.9,78.89,100.52,Chattogram
2023-05-17,27.79,25.68,30.97,27.05,88.36,100.76,Chattogram
2023-05-18,27.32,25.35,30.13,22.55,89.34,100.83,Chattogram
2023-05-19,27.23,24.58,30.31,3.87,87.4,100.62,Chattogram
2023-05-20,27.63,25.35,30.62,0.48,87.15,100.56,Chattogram
2023-05-21,27.82,24.45,31.88,2.78,83.48,100.7,Chattogram
2023-05-22,27.76,25.37,30.84,13.4,87.59,100.73,Chattogram
2023-05-23,27.62,25.56,30.57,20.22,89.8,100.68,Chattogram
2023-05-24,26.54,24.42,29.36,37.94,88.09,100.61,Chattogram
2023-05-25,27.0,23.77,30.44,15.27,87.37,100.53,Chattogram
2023-05-26,27.88,25.51,31.29,6.58,85.91,100.59,Chattogram
2023-05-27,27.75,24.91,31.21,12.93,84.09,100.51,Chattogram
2023-05-28,28.64,24.47,32.57,0.89,76.56,100.55,Chattogram
2023-05-29,29.61,25.96,33.7,2.66,72.84,100.63,Chattogram
2023-05-30,30.03,25.63,34.46,0.0,74.48,100.55,Chattogram
2023-05-31,30.2,26.6,34.09,0.03,79.12,100.36,Chattogram
2023-06-01,29.07,27.1,31.84,1.56,85.78,100.27,Chattogram
2023-06-02,28.57,26.62,31.02,0.54,88.45,100.32,Chattogram
2023-06-03,28.77,26.13,31.77,0.87,88.38,100.41,Chattogram
2023-06-04,28.9,26.23,31.82,2.69,86.51,100.38,Chattogram
2023-06-05,30.27,26.29,34.19,1.82,77.69,100.21,Chattogram
2023-06-06,29.87,27.09,34.34,0.91,74.92,100.12,Chattogram
2023-06-07,30.13,26.07,34.15,7.05,75.32,100.1,Chattogram
2023-06-08,29.41,26.91,32.57,51.54,84.23,100.04,Chattogram
2023-06-09,27.65,26.06,29.33,29.17,86.37,99.97,Chattogram
2023-06-10,28.69,26.03,31.96,20.47,83.97,99.86,Chattogram
2023-06-11,28.64,26.23,31.83,51.73,87.1,99.85,Chattogram
2023-06-12,28.44,26.71,30.96,23.22,90.93,99.88,Chattogram
2023-06-13,28.68,26.6,31.33,12.56,90.24,99.87,Chattogram
2023-06-14,28.76,27.44,31.32,18.39,89.02,99.94,Chattogram
2023-06-15,28.58,27.6,30.27,18.48,90.41,99.97,Chattogram
2023-06-16,28.5,27.1,30.97,20.03,91.48,100.05,Chattogram
2023-06-17,28.53,26.95,31.05,20.97,91.18,100.19,Chattogram
2023-06-18,28.31,26.53,30.71,58.02,91.82,100.26,Chattogram
2023-06-19,28.12,26.59,30.3,17.14,92.25,100.23,Chattogram
2023-06-20,28.48,25.77,31.79,17.68,88.97,100.2,Chattogram
2023-06-21,28.38,26.69,31.26,10.83,90.13,100.28,Chattogram
2023-06-22,27.99,25.81,31.24,10.62,89.18,100.32,Chattogram
2023-06-23,27.95,25.55,30.52,12.92,90.07,100.23,Chattogram
2023-06-24,27.92,25.88,32.12,23.15,89.76,100.11,Chattogram
2023-06-25,27.84,25.26,31.14,10.98,88.17,100.2,Chattogram
2023-06-26,27.6,25.62,30.19,22.38,89.29,100.23,Chattogram
2023-06-27,27.88,26.39,30.11,40.11,90.67,100.26,Chattogram
2023-06-28,28.06,26.21,30.59,27.38,91.24,100.45,Chattogram
2023-06-29,28.3,26.44,30.83,22.21,90.93,100.44,Chattogram
2023-06-30,28.49,26.15,31.22,35.04,90.41,100.33,Chattogram
2023-07-01,28.85,26.2,32.03,20.1,88.76,100.31,Chattogram
2023-07-02,28.54,26.47,30.96,10.32,90.84,100.25,Chattogram
2023-07-03,28.99,26.83,32.26,2.49,89.61,100.25,Chattogram
2023-07-04,29.22,26.35,32.58,3.21,86.43,100.18,Chattogram
2023-07-05,28.94,26.65,32.11,11.1,88.43,100.08,Chattogram
2023-07-06,28.67,26.98,31.0,12.66,89.51,100.24,Chattogram
2023-07-07,28.19,26.92,30.29,8.45,91.8,100.43,Chattogram
2023-07-08,28.28,26.55,30.53,6.99,89.69,100.46,Chattogram
2023-07-09,28.61,26.29,31.61,10.19,89.28,100.33,Chattogram
2023-07-10,28.71,26.51,31.61,19.55,89.34,100.34,Chattogram
2023-07-11,28.25,26.03,31.1,9.5,89.19,100.37,Chattogram
2023-07-12,27.81,25.87,30.06,16.74,90.57,100.38,Chattogram
2023-07-13,27.99,26.29,30.26,9.01,92.49,100.35,Chattogram
2023-07-14,27.74,26.66,29.96,13.05,94.64,100.21,Chattogram
2023-07-15,28.41,26.48,31.22,5.15,88.46,100.16,Chattogram
2023-07-16,28.23,26.34,30.75,7.31,90.38,100.09,Chattogram
2023-07-17,28.06,25.98,30.24,7.63,91.29,100.03,Chattogram
2023-07-18,28.43,26.38,31.29,4.37,89.31,100.04,Chattogram
2023-07-19,28.67,26.47,31.91,6.88,89.26,99.97,Chattogram
2023-07-20,28.82,26.57,32.25,3.75,89.56,99.98,Chattogram
2023-07-21,29.09,26.09,33.5,0.61,87.33,100.22,Chattogram
2023-07-22,28.98,26.46,32.63,1.16,87.89,100.53,Chattogram
2023-07-23,28.25,26.15,30.66,0.72,91.9,100.47,Chattogram
2023-07-24,29.27,26.25,33.86,0.43,85.48,100.29,Chattogram
2023-07-25,29.12,26.42,32.96,3.19,87.29,100.32,Chattogram
2023-07-26,28.47,26.65,31.64,10.33,90.1,100.38,Chattogram
2023-07-27,28.82,26.24,31.98,10.42,88.65,100.3,Chattogram
2023-07-28,28.73,26.55,31.6,12.2,88.31,100.03,Chattogram
2023-07-29,28.95,26.63,31.96,10.35,88.24,99.9,Chattogram
2023-07-30,29.79,26.66,33.38,0.87,85.11,99.7,Chattogram
2023-07-31,30.26,26.67,34.21,8.1,84.09,99.56,Chattogram
2023-08-01,29.25,26.66,33.18,64.93,87.61,99.43,Chattogram
2023-08-02,28.39,26.33,31.13,15.56,89.82,99.71,Chattogram
2023-08-03,28.36,26.48,31.1,37.34,90.87,99.93,Chattogram
2023-08-04,28.0,26.72,29.91,74.21,93.2,100.25,Chattogram
2023-08-05,28.14,26.23,30.96,16.24,90.87,100.31,Chattogram
2023-08-06,27.66,26.6,29.72,49.07,92.11,100.06,Chattogram
2023-08-07,27.77,26.74,28.84,112.11,94.23,99.7,Chattogram
2023-08-08,27.55,26.04,29.59,38.94,93.41,99.86,Chattogram
2023-08-09,28.23,25.36,31.34,9.07,89.88,100.24,Chattogram
2023-08-10,27.18,26.04,28.35,8.22,93.26,100.4,Chattogram
2023-08-11,27.78,25.62,31.01,13.53,90.31,100.33,Chattogram
2023-08-12,27.09,26.13,28.33,14.44,92.27,100.19,Chattogram
2023-08-13,28.18,25.97,30.91,16.67,90.72,100.2,Chattogram
2023-08-14,27.91,24.2,32.18,20.29,83.36,100.29,Chattogram
2023-08-15,28.43,25.87,31.71,17.65,89.91,100.3,Chattogram
2023-08-16,28.68,26.04,32.06,12.22,89.05,100.27,Chattogram
2023-08-17,28.33,26.5,31.63,14.86,90.25,100.21,Chattogram
2023-08-18,28.17,25.82,31.11,6.82,89.15,100.27,Chattogram
2023-08-19,27.82,25.58,31.07,4.5,91.26,100.4,Chattogram
2023-08-20,28.55,25.98,31.72,3.27,88.57,100.43,Chattogram
2023-08-21,27.8,25.63,30.07,6.46,89.96,100.36,Chattogram
2023-08-22,27.54,26.15,29.37,4.36,92.95,100.37,Chattogram
2023-08-23,27.6,26.14,29.32,12.1,92.58,100.29,Chattogram
2023-08-24,28.55,26.8,31.11,21.94,91.79,100.04,Chattogram
2023-08-25,28.1,25.86,30.62,17.58,92.17,99.99,Chattogram
2023-08-26,28.25,26.26,31.02,44.33,90.92,100.11,Chattogram
2023-08-27,28.24,26.39,30.91,40.34,91.99,100.08,Chattogram
2023-08-28,28.74,26.34,32.02,9.68,89.39,100.1,Chattogram
2023-08-29,29.21,26.06,32.94,10.95,85.1,100.17,Chattogram
2023-08-30,29.42,26.03,32.83,1.09,84.62,100.29,Chattogram
2023-08-31,28.47,26.96,30.49,20.52,90.79,100.42,Chattogram
2023-09-01,28.77,26.49,31.42,12.21,88.85,100.4,Chattogram
2023-09-02,29.85,26.87,33.17,12.81,83.98,100.26,Chattogram
2023-09-03,27.43,26.03,29.0,45.17,94.08,100.07,Chattogram
2023-09-04,28.28,25.49,31.47,18.18,86.42,100.07,Chattogram
2023-09-05,29.06,25.24,32.89,8.96,85.4,100.12,Chattogram
2023-09-06,28.21,26.42,30.91,2.84,91.77,100.27,Chattogram
2023-09-07,27.74,25.6,31.18,25.24,91.68,100.34,Chattogram
2023-09-08,27.63,26.57,29.18,37.64,94.14,100.49,Chattogram
2023-09-09,28.52,26.13,31.44,1.59,87.76,100.44,Chattogram
2023-09-10,28.89,25.95,31.93,6.34,85.04,100.21,Chattogram
2023-09-11,28.65,26.37,31.53,16.51,86.84,100.14,Chattogram
2023-09-12,28.45,26.2,31.48,17.25,88.29,100.15,Chattogram
2023-09-13,28.13,25.67,31.9,4.48,89.01,100.17,Chattogram
2023-09-14,27.61,25.93,30.02,7.97,92.49,100.35,Chattogram
2023-09-15,27.73,26.01,30.75,1.84,90.81,100.52,Chattogram
2023-09-16,28.74,25.6,32.61,5.58,84.85,100.44,Chattogram
2023-09-17,29.36,26.16,32.96,8.39,86.56,100.23,Chattogram
2023-09-18,28.29,26.54,30.58,50.33,88.82,100.23,Chattogram
2023-09-19,27.92,25.8,30.98,21.71,91.23,100.42,Chattogram
2023-09-20,27.48,26.29,29.2,23.17,93.53,100.53,Chattogram
2023-09-21,27.72,26.5,29.94,25.58,92.26,100.66,Chattogram
2023-09-22,27.82,26.17,30.41,13.49,91.39,100.68,Chattogram
2023-09-23,27.96,25.87,31.12,19.64,90.06,100.68,Chattogram
2023-09-24,27.69,24.94,31.12,4.22,89.41,100.57,Chattogram
2023-09-25,28.26,25.71,31.54,11.12,89.56,100.52,Chattogram
2023-09-26,28.8,26.2,32.33,9.11,83.77,100.51,Chattogram
2023-09-27,28.31,25.33,31.75,22.5,86.98,100.46,Chattogram
2023-09-28,28.69,24.9,32.38,9.24,87.94,100.31,Chattogram
2023-09-29,28.71,26.83,31.43,6.87,89.73,100.29,Chattogram
2023-09-30,27.83,25.83,30.74,3.92,91.1,100.35,Chattogram
2023-10-01,27.73,26.01,30.32,8.2,90.58,100.33,Chattogram
2023-10-02,27.55,25.79,30.87,12.38,92.19,100.47,Chattogram
2023-10-03,27.37,25.61,30.21,23.16,91.2,100.57,Chattogram
2023-10-04,27.05,25.27,29.15,37.44,92.89,100.64,Chattogram
2023-10-05,27.42,26.04,28.9,49.47,94.49,100.49,Chattogram
2023-10-06,27.74,25.73,30.11,15.34,91.68,100.43,Chattogram
2023-10-07,27.54,25.43,30.58,7.42,90.02,100.56,Chattogram
2023-10-08,27.67,25.57,30.53,11.34,90.33,100.71,Chattogram
2023-10-09,27.91,25.87,30.9,13.97,90.66,100.81,Chattogram
2023-10-10,28.83,26.22,32.08,0.47,81.94,100.81,Chattogram
2023-10-11,28.15,25.16,31.65,0.13,78.08,100.81,Chattogram
2023-10-12,27.86,25.03,31.34,11.75,84.34,100.97,Chattogram
2023-10-13,27.88,24.95,31.23,2.34,79.25,101.1,Chattogram
2023-10-14,27.18,24.02,30.51,0.01,73.41,101.04,Chattogram
2023-10-15,27.11,23.46,31.09,0.01,76.28,100.89,Chattogram
2023-10-16,26.39,22.48,30.98,0.0,79.28,100.97,Chattogram
2023-10-17,26.22,21.64,30.63,0.0,77.32,101.03,Chattogram
2023-10-18,26.22,22.37,30.26,0.02,77.74,101.11,Chattogram
2023-10-19,25.28,21.35,29.37,0.0,83.39,101.14,Chattogram
2023-10-20,25.08,21.37,29.58,0.0,86.49,101.2,Chattogram
2023-10-21,25.01,20.48,29.93,0.0,84.09,101.2,Chattogram
2023-10-22,26.29,21.28,31.13,4.07,79.12,101.19,Chattogram
2023-10-23,25.67,22.95,29.8,7.99,84.24,101.17,Chattogram
2023-10-24,24.53,22.71,27.53,12.0,90.95,100.99,Chattogram
2023-10-25,25.75,22.08,29.57,17.36,86.56,100.95,Chattogram
2023-10-26,26.77,23.85,30.11,4.41,77.5,101.1,Chattogram
2023-10-27,25.31,21.31,29.49,0.05,79.4,101.09,Chattogram
2023-10-28,24.33,20.85,28.98,0.0,82.74,101.13,Chattogram
2023-10-29,23.31,18.6,28.62,0.0,80.0,101.13,Chattogram
2023-10-30,24.26,19.9,29.26,0.0,82.15,101.16,Chattogram
2023-10-31,25.04,20.26,29.79,0.0,84.09,101.27,Chattogram
2023-11-01,25.32,21.4,30.12,0.0,84.45,101.25,Chattogram
2023-11-02,25.04,21.01,29.79,0.0,84.01,101.17,Chattogram
2023-11-03,24.84,20.8,29.04,0.0,84.43,101.01,Chattogram
2023-11-04,24.85,20.8,29.37,0.0,81.57,101.01,Chattogram
2023-11-05,24.19,20.94,28.76,0.11,84.41,101.18,Chattogram
2023-11-06,23.16,19.4,28.19,0.01,84.41,101.28,Chattogram
2023-11-07,22.49,18.13,27.24,0.0,82.37,101.23,Chattogram
2023-11-08,22.26,17.76,27.07,0.0,83.23,101.16,Chattogram
2023-11-09,22.16,17.77,27.31,0.0,84.48,101.2,Chattogram
2023-11-10,22.56,17.76,27.87,0.0,83.2,101.3,Chattogram
2023-11-11,22.68,18.06,28.08,0.0,81.63,101.33,Chattogram
2023-11-12,22.58,18.3,27.99,0.0,82.28,101.38,Chattogram
2023-11-13,22.74,17.48,27.98,0.0,82.37,101.4,Chattogram
2023-11-14,23.23,18.04,28.37,0.0,81.42,101.32,Chattogram
2023-11-15,23.33,18.87,28.76,0.0,80.16,101.33,Chattogram
2023-11-16,23.22,20.76,27.08,34.25,90.25,101.47,Chattogram
2023-11-17,23.33,21.77,24.84,98.22,95.18,101.18,Chattogram
2023-11-18,23.42,19.83,27.28,12.63,88.26,101.2,Chattogram
2023-11-19,24.02,19.86,28.75,2.54,84.8,101.36,Chattogram
2023-11-20,24.29,20.34,28.66,0.0,86.07,101.36,Chattogram
2023-11-21,23.66,21.12,27.0,0.14,83.07,101.21,Chattogram
2023-11-22,22.12,18.24,26.84,0.02,82.91,101.18,Chattogram
2023-11-23,20.92,16.17,26.29,0.0,83.28,101.16,Chattogram
2023-11-24,21.62,16.95,26.57,0.0,77.84,101.26,Chattogram
2023-11-25,21.41,15.99,26.8,0.0,75.66,101.4,Chattogram
2023-11-26,21.86,15.87,27.32,0.0,76.9,101.47,Chattogram
2023-11-27,22.94,17.17,28.94,0.0,78.1,101.37,Chattogram
2023-11-28,23.98,19.58,28.63,0.0,73.95,101.2,Chattogram
2023-11-29,22.06,17.36,25.95,0.0,78.19,101.29,Chattogram
2023-11-30,21.88,16.95,27.47,0.0,83.39,101.35,Chattogram
2023-12-01,21.36,16.29,27.1,0.0,84.62,101.28,Chattogram
2023-12-02,21.93,16.53,27.42,0.0,81.89,101.28,Chattogram
2023-12-03,22.27,17.82,27.67,0.0,86.25,101.32,Chattogram
2023-12-04,22.7,18.25,27.64,0.0,87.69,101.2,Chattogram
2023-12-05,21.98,20.02,25.02,0.14,88.98,101.21,Chattogram
2023-12-06,21.82,18.97,25.42,0.79,88.23,101.3,Chattogram
2023-12-07,21.47,20.02,23.67,7.75,93.7,101.19,Chattogram
2023-12-08,21.7,19.53,25.33,25.23,92.41,101.0,Chattogram
2023-12-09,20.63,17.35,24.97,3.67,89.84,101.19,Chattogram
2023-12-10,18.62,15.48,23.56,0.0,84.78,101.19,Chattogram
2023-12-11,17.89,13.16,23.42,0.0,85.38,101.26,Chattogram
2023-12-12,18.34,13.33,24.23,0.1,82.74,101.16,Chattogram
2023-12-13,18.08,13.04,23.66,0.0,83.02,101.28,Chattogram
2023-12-14,16.81,12.65,22.17,0.0,77.47,101.48,Chattogram
2023-12-15,16.24,11.23,22.71,0.0,82.16,101.51,Chattogram
2023-12-16,16.95,11.34,22.96,0.0,83.28,101.38,Chattogram
2023-12-17,17.27,11.79,23.59,0.0,82.2,101.4,Chattogram
2023-12-18,17.32,11.6,23.41,0.0,82.84,101.48,Chattogram
2023-12-19,17.64,12.73,23.54,0.0,85.75,101.55,Chattogram
2023-12-20,17.78,12.67,23.83,0.0,81.52,101.49,Chattogram
2023-12-21,18.96,13.47,24.88,0.0,75.23,101.4,Chattogram
2023-12-22,19.64,15.6,24.72,0.0,76.93,101.45,Chattogram
2023-12-23,20.21,15.53,25.26,0.0,78.63,101.62,Chattogram
2023-12-24,21.3,16.97,25.78,0.0,77.69,101.69,Chattogram
2023-12-25,21.33,17.8,25.35,0.0,78.28,101.58,Chattogram
2023-12-26,20.66,15.99,25.42,0.0,78.16,101.62,Chattogram
2023-12-27,20.55,16.09,25.65,0.0,76.38,101.66,Chattogram
2023-12-28,20.19,15.75,25.18,0.0,77.82,101.55,Chattogram
2023-12-29,19.64,15.01,25.03,0.0,78.07,101.54,Chattogram
2023-12-30,19.72,14.82,25.17,0.0,77.56,101.43,Chattogram
2023-12-31,18.59,13.98,24.75,0.0,82.68,101.43,Chattogram
2024-01-01,17.69,12.68,23.89,0.0,86.38,101.43,Chattogram
2024-01-02,16.88,12.12,23.08,0.15,87.81,101.42,Chattogram
2024-01-03,16.74,11.23,23.38,0.0,84.94,101.39,Chattogram
2024-01-04,16.63,10.8,23.01,0.0,85.52,101.41,Chattogram
2024-01-05,16.52,11.12,23.06,0.0,85.97,101.46,Chattogram
2024-01-06,17.27,10.97,23.96,0.0,81.1,101.52,Chattogram
2024-01-07,17.46,12.61,23.9,0.0,82.35,101.54,Chattogram
2024-01-08,17.02,11.27,23.86,0.0,86.06,101.6,Chattogram
2024-01-09,16.39,10.95,23.19,0.0,85.19,101.49,Chattogram
2024-01-10,15.82,9.88,22.75,0.0,82.62,101.4,Chattogram
2024-01-11,16.05,11.24,22.51,0.0,84.82,101.49,Chattogram
2024-01-12,14.91,9.56,21.22,0.0,85.38,101.46,Chattogram
2024-01-13,14.74,9.47,21.13,0.0,87.2,101.43,Chattogram
2024-01-14,15.56,9.42,22.28,0.0,81.23,101.38,Chattogram
2024-01-15,15.82,10.97,21.92,0.0,82.82,101.35,Chattogram
2024-01-16,15.5,11.02,20.57,0.0,79.95,101.4,Chattogram
2024-01-17,14.87,9.21,20.36,0.0,81.56,101.4,Chattogram
2024-01-18,15.61,9.48,21.63,0.1,83.05,101.44,Chattogram
2024-01-19,17.34,12.75,23.31,1.35,82.87,101.46,Chattogram
2024-01-20,15.91,10.8,22.44,1.88,83.94,101.49,Chattogram
2024-01-21,15.4,9.62,21.67,0.0,81.73,101.49,Chattogram
2024-01-22,14.09,8.96,20.73,0.0,77.25,101.65,Chattogram
2024-01-23,14.25,7.49,20.64,0.0,76.66,101.57,Chattogram
2024-01-24,15.42,8.75,21.88,1.69,81.74,101.56,Chattogram
2024-01-25,16.65,11.76,22.52,0.84,81.87,101.7,Chattogram
2024-01-26,15.48,10.32,22.14,2.52,79.08,101.78,Chattogram
2024-01-27,14.52,9.34,21.02,0.03,78.85,101.76,Chattogram
2024-01-28,14.64,8.44,22.32,0.0,76.97,101.71,Chattogram
2024-01-29,15.66,8.94,22.69,0.0,71.55,101.65,Chattogram
2024-01-30,17.31,9.83,23.34,0.0,64.5,101.53,Chattogram
2024-01-31,18.91,12.8,25.19,0.04,69.53,101.5,Chattogram
2024-02-01,19.58,15.42,24.31,0.61,79.37,101.53,Chattogram
2024-02-02,19.51,15.67,24.63,3.35,88.04,101.39,Chattogram
2024-02-03,20.02,16.52,25.08,1.66,78.97,101.45,Chattogram
2024-02-04,19.17,14.12,24.03,0.0,65.38,101.62,Chattogram
2024-02-05,19.66,13.01,25.6,0.0,70.57,101.57,Chattogram
2024-02-06,20.33,16.11,25.86,0.0,80.58,101.53,Chattogram
2024-02-07,20.45,16.49,25.37,0.0,85.28,101.44,Chattogram
2024-02-08,17.24,12.65,23.06,0.0,71.65,101.45,Chattogram
2024-02-09,15.66,9.56,22.8,0.0,70.22,101.68,Chattogram
2024-02-10,16.65,9.85,24.37,0.0,75.15,101.7,Chattogram
2024-02-11,17.95,11.13,25.18,0.0,75.26,101.76,Chattogram
2024-02-12,19.32,13.44,25.61,0.0,70.1,101.75,Chattogram
2024-02-13,19.72,13.23,26.81,0.0,66.84,101.7,Chattogram
2024-02-14,20.45,14.82,26.59,0.0,68.23,101.53,Chattogram
2024-02-15,21.1,16.23,27.0,0.09,76.64,101.55,Chattogram
2024-02-16,20.92,16.18,27.39,0.04,80.45,101.53,Chattogram
2024-02-17,19.98,14.37,26.26,0.08,70.03,101.29,Chattogram
2024-02-18,20.0,14.16,25.93,0.0,59.4,101.31,Chattogram
2024-02-19,19.91,12.9,26.12,0.0,58.99,101.31,Chattogram
2024-02-20,21.24,15.96,27.37,0.0,80.08,101.09,Chattogram
2024-02-21,22.87,18.61,28.63,1.0,88.1,100.96,Chattogram
2024-02-22,23.36,19.46,28.62,3.88,87.92,100.95,Chattogram
2024-02-23,22.95,18.94,27.44,13.36,85.91,101.11,Chattogram
2024-02-24,21.67,16.32,27.99,11.38,79.12,101.31,Chattogram
2024-02-25,20.43,15.89,26.74,0.0,74.65,101.36,Chattogram
2024-02-26,19.92,14.25,27.26,0.0,71.09,101.44,Chattogram
2024-02-27,20.3,14.35,27.8,0.0,67.64,101.32,Chattogram
2024-02-28,21.42,16.05,26.97,0.0,63.89,101.14,Chattogram
2024-02-29,22.6,18.34,28.15,0.0,62.94,101.22,Chattogram
2024-03-01,20.77,15.05,27.86,0.0,66.58,101.3,Chattogram
2024-03-02,21.03,13.97,27.76,0.0,60.62,101.19,Chattogram
2024-03-03,22.04,15.58,28.4,0.0,62.46,101.14,Chattogram
2024-03-04,23.06,17.43,28.58,0.0,63.65,101.12,Chattogram
2024-03-05,23.79,19.04,29.4,0.0,68.86,101.1,Chattogram
2024-03-06,22.65,17.05,28.68,0.0,59.12,101.12,Chattogram
2024-03-07,21.77,14.07,28.46,0.0,52.69,101.09,Chattogram
2024-03-08,21.6,15.61,28.79,0.0,58.7,101.09,Chattogram
2024-03-09,20.99,14.98,28.68,0.0,56.66,101.2,Chattogram
2024-03-10,20.33,14.24,28.17,0.0,55.02,101.34,Chattogram
2024-03-11,21.26,12.7,28.73,0.0,58.0,101.31,Chattogram
2024-03-12,23.18,16.5,29.96,0.0,61.03,101.13,Chattogram
2024-03-13,24.49,19.8,30.43,0.0,81.4,101.1,Chattogram
2024-03-14,25.24,21.06,30.84,5.95,81.14,101.08,Chattogram
2024-03-15,26.04,21.31,31.07,13.81,76.85,101.09,Chattogram
2024-03-16,26.46,20.2,31.94,16.99,67.73,101.22,Chattogram
2024-03-17,26.66,20.61,31.71,0.0,61.9,101.16,Chattogram
2024-03-18,26.05,20.6,31.85,0.01,66.81,101.05,Chattogram
2024-03-19,26.2,20.96,32.35,0.52,68.2,101.03,Chattogram
2024-03-20,23.93,20.54,29.06,0.14,74.3,101.13,Chattogram
2024-03-21,22.8,18.48,28.32,2.67,76.47,101.2,Chattogram
2024-03-22,22.75,19.34,27.44,4.68,78.0,100.94,Chattogram
2024-03-23,23.53,18.85,28.39,8.08,82.19,100.85,Chattogram
2024-03-24,24.99,20.55,30.2,15.86,84.89,101.03,Chattogram
2024-03-25,25.53,21.86,30.78,7.05,82.93,101.04,Chattogram
2024-03-26,26.75,21.43,31.81,12.69,73.14,101.09,Chattogram
2024-03-27,26.89,22.48,31.71,0.01,72.1,101.22,Chattogram
2024-03-28,26.51,22.24,31.24,4.93,78.59,100.99,Chattogram
2024-03-29,25.88,22.05,30.64,16.27,80.21,100.9,Chattogram
2024-03-30,26.74,23.19,31.21,10.27,87.67,100.95,Chattogram
2024-03-31,27.08,24.22,31.97,11.26,85.47,100.89,Chattogram
2024-04-01,27.44,24.54,31.77,13.79,87.02,100.53,Chattogram
2024-04-02,27.79,24.7,32.21,0.04,86.0,100.53,Chattogram
2024-04-03,27.97,24.38,32.8,0.05,84.32,100.7,Chattogram
2024-04-04,27.84,23.96,32.59,0.03,84.9,100.68,Chattogram
2024-04-05,27.7,23.99,32.18,0.03,85.37,100.54,Chattogram
2024-04-06,28.64,24.83,33.97,0.07,83.02,100.51,Chattogram
2024-04-07,28.3,24.4,33.05,0.26,80.58,100.56,Chattogram
2024-04-08,28.02,23.56,33.4,0.18,68.83,100.84,Chattogram
2024-04-09,27.68,22.93,33.27,0.0,58.59,100.89,Chattogram
2024-04-10,27.45,22.13,33.91,0.0,62.33,100.88,Chattogram
2024-04-11,26.72,20.54,33.94,0.0,61.19,100.95,Chattogram
2024-04-12,28.44,21.85,34.89,0.0,56.7,100.9,Chattogram
2024-04-13,28.3,21.9,35.1,0.0,58.72,100.87,Chattogram
2024-04-14,29.02,22.99,35.29,0.0,56.44,100.88,Chattogram
2024-04-15,30.74,25.09,36.33,0.0,51.78,100.84,Chattogram
2024-04-16,30.23,24.9,36.65,0.8,62.39,100.65,Chattogram
2024-04-17,29.46,25.44,34.85,10.19,79.08,100.5,Chattogram
2024-04-18,28.91,25.88,33.23,19.37,83.89,100.42,Chattogram
2024-04-19,29.01,25.93,33.61,7.45,82.13,100.21,Chattogram
2024-04-20,29.47,26.4,34.58,0.28,81.53,100.18,Chattogram
2024-04-21,29.4,26.32,34.05,0.07,81.4,100.31,Chattogram
2024-04-22,29.58,26.02,34.48,0.18,79.07,100.43,Chattogram
2024-04-23,29.68,25.5,36.09,0.01,72.25,100.38,Chattogram
2024-04-24,30.54,25.18,37.25,0.0,67.82,100.33,Chattogram
2024-04-25,30.75,26.21,36.85,0.01,70.71,100.38,Chattogram
2024-04-26,30.34,25.35,36.66,0.24,71.39,100.4,Chattogram
2024-04-27,30.59,25.77,36.76,0.12,72.15,100.38,Chattogram
2024-04-28,30.91,26.45,37.41,0.14,73.4,100.41,Chattogram
2024-04-29,31.26,27.16,37.43,0.23,71.07,100.46,Chattogram
2024-04-30,31.05,26.64,37.08,0.05,74.1,100.15,Chattogram
2024-05-01,30.83,27.26,36.5,1.04,73.99,100.06,Chattogram
2024-05-02,30.15,27.5,35.19,16.17,78.52,100.1,Chattogram
2024-05-03,30.03,26.17,34.88,11.42,78.09,100.43,Chattogram
2024-05-04,29.65,26.59,33.84,8.48,74.78,100.51,Chattogram
2024-05-05,28.64,25.84,31.77,19.65,85.14,100.32,Chattogram
2024-05-06,27.83,26.11,30.22,58.0,89.67,100.61,Chattogram
2024-05-07,26.9,24.34,30.18,24.51,84.93,100.89,Chattogram
2024-05-08,25.98,23.63,29.63,28.96,78.41,100.88,Chattogram
2024-05-09,26.96,21.35,31.48,0.08,75.69,100.8,Chattogram
2024-05-10,27.91,24.9,31.17,3.8,77.64,100.81,Chattogram
2024-05-11,27.51,24.91,30.86,29.06,81.4,100.88,Chattogram
2024-05-12,27.64,22.99,32.19,5.24,77.83,100.89,Chattogram
2024-05-13,28.44,24.26,33.04,2.21,76.56,100.79,Chattogram
2024-05-14,28.98,25.2,33.63,0.44,79.25,100.75,Chattogram
2024-05-15,28.92,26.07,32.79,0.04,82.05,100.87,Chattogram
2024-05-16,29.23,25.94,33.28,0.0,77.84,100.75,Chattogram
2024-05-17,29.47,25.75,33.62,0.05,82.51,100.55,Chattogram
2024-05-18,28.57,26.43,32.0,4.64,87.89,100.43,Chattogram
2024-05-19,28.88,26.33,32.57,16.61,86.04,100.32,Chattogram
2024-05-20,29.6,25.5,33.61,19.21,77.88,100.38,Chattogram
2024-05-21,29.45,25.64,33.23,8.32,79.0,100.39,Chattogram
2024-05-22,30.5,26.72,34.56,3.9,75.29,100.39,Chattogram
2024-05-23,30.33,26.99,34.14,1.35,77.99,100.24,Chattogram
2024-05-24,30.88,27.04,35.29,8.53,78.7,100.03,Chattogram
2024-05-25,30.56,27.29,35.28,13.74,81.31,99.86,Chattogram
2024-05-26,29.11,26.87,32.04,70.19,88.59,99.67,Chattogram
2024-05-27,28.97,27.66,30.19,96.49,89.92,99.21,Chattogram
2024-05-28,29.52,28.49,31.37,55.38,90.43,99.59,Chattogram
2024-05-29,29.71,28.37,32.12,23.25,90.27,99.94,Chattogram
2024-05-30,29.37,28.05,31.55,6.91,90.13,100.16,Chattogram
2024-05-31,29.43,27.67,32.11,5.55,88.04,100.27,Chattogram
2024-06-01,29.55,26.81,32.9,2.88,84.83,100.38,Chattogram
2024-06-02,29.35,27.32,32.2,4.08,86.75,100.46,Chattogram
2024-06-03,28.7,26.76,31.45,34.4,88.24,100.38,Chattogram
2024-06-04,28.59,26.78,31.38,11.2,88.37,100.42,Chattogram
2024-06-05,29.31,26.53,32.86,12.06,86.75,100.4,Chattogram
2024-06-06,28.75,26.53,31.06,16.43,90.79,100.4,Chattogram
2024-06-07,29.11,27.51,31.35,18.87,91.33,100.24,Chattogram
2024-06-08,28.93,27.48,31.09,25.82,91.31,100.15,Chattogram
2024-06-09,29.1,27.5,31.42,30.8,91.2,100.09,Chattogram
2024-06-10,29.04,27.49,31.28,9.97,92.36,100.13,Chattogram
2024-06-11,29.34,26.87,32.6,7.76,87.78,100.15,Chattogram
2024-06-12,28.98,26.28,32.26,6.02,87.14,100.17,Chattogram
2024-06-13,28.48,27.2,30.71,28.97,91.3,100.11,Chattogram
2024-06-14,29.06,27.57,31.03,30.91,92.63,100.02,Chattogram
2024-06-15,29.22,27.83,31.41,20.68,90.92,100.04,Chattogram
2024-06-16,29.35,27.69,31.95,11.85,89.98,100.18,Chattogram
2024-06-17,29.24,28.0,31.16,7.93,91.91,100.22,Chattogram
2024-06-18,28.97,27.87,30.86,12.7,91.17,100.06,Chattogram
2024-06-19,28.7,26.58,30.98,40.57,92.15,99.94,Chattogram
2024-06-20,28.14,26.37,30.7,15.04,91.32,99.97,Chattogram
2024-06-21,29.12,26.01,32.53,9.38,85.23,99.99,Chattogram
2024-06-22,28.39,26.45,31.17,13.91,88.75,100.01,Chattogram
2024-06-23,28.89,25.92,32.21,13.27,87.2,100.09,Chattogram
2024-06-24,28.56,26.84,31.01,2.6,89.99,100.03,Chattogram
2024-06-25,29.3,26.7,32.45,3.01,86.91,99.99,Chattogram
2024-06-26,29.55,26.88,32.78,6.14,85.85,100.02,Chattogram
2024-06-27,28.36,26.51,31.24,19.35,89.82,100.21,Chattogram
2024-06-28,28.75,26.65,31.23,23.12,90.39,100.04,Chattogram
2024-06-29,28.86,27.44,31.05,48.29,90.48,100.02,Chattogram
2024-06-30,28.36,27.74,29.32,34.45,94.73,99.98,Chattogram
2024-07-01,28.06,26.76,29.49,91.69,94.46,99.94,Chattogram
2024-07-02,28.12,26.65,30.71,44.23,92.22,99.88,Chattogram
2024-07-03,27.62,26.35,29.38,29.98,92.26,100.03,Chattogram
2024-07-04,27.75,26.18,29.61,19.68,91.73,100.27,Chattogram
2024-07-05,27.87,26.41,29.95,24.06,92.3,100.19,Chattogram
2024-07-06,27.93,26.12,29.94,13.54,92.92,100.13,Chattogram
2024-07-07,28.45,26.48,31.46,8.38,90.45,100.21,Chattogram
2024-07-08,28.16,25.97,31.26,3.14,89.96,100.27,Chattogram
2024-07-09,28.57,26.49,31.22,6.44,90.5,100.37,Chattogram
2024-07-10,28.58,26.68,31.62,26.69,91.11,100.43,Chattogram
2024-07-11,28.45,26.64,31.2,29.65,91.16,100.19,Chattogram
2024-07-12,28.28,26.42,31.39,46.31,89.34,100.0,Chattogram
2024-07-13,28.1,26.02,30.31,15.74,92.47,99.79,Chattogram
2024-07-14,28.87,26.29,31.88,1.32,89.11,99.79,Chattogram
2024-07-15,29.16,26.81,33.16,1.06,88.34,100.0,Chattogram
2024-07-16,28.81,26.35,32.48,1.87,89.92,100.12,Chattogram
2024-07-17,29.74,26.72,33.83,1.29,86.36,100.01,Chattogram
2024-07-18,29.91,27.31,33.04,1.37,85.25,99.92,Chattogram
2024-07-19,29.01,27.04,32.03,2.49,89.44,99.79,Chattogram
2024-07-20,28.62,26.66,31.42,6.08,89.35,99.91,Chattogram
2024-07-21,28.35,26.66,31.06,6.49,90.29,99.99,Chattogram
2024-07-22,28.2,26.93,30.23,5.26,91.68,100.09,Chattogram
2024-07-23,28.44,26.66,31.25,3.42,89.47,99.9,Chattogram
2024-07-24,28.8,26.53,31.82,8.48,90.35,99.48,Chattogram
2024-07-25,29.23,26.88,31.71,7.49,89.47,99.28,Chattogram
2024-07-26,29.08,26.77,31.99,3.18,89.19,99.34,Chattogram
2024-07-27,28.8,26.76,31.7,1.81,88.7,99.71,Chattogram
2024-07-28,28.84,26.54,32.35,1.56,88.78,99.83,Chattogram
2024-07-29,28.65,26.76,31.48,22.39,88.87,99.86,Chattogram
2024-07-30,28.63,26.65,31.47,20.45,90.06,100.03,Chattogram
2024-07-31,28.28,26.9,30.37,14.35,93.0,100.05,Chattogram
2024-08-01,27.64,26.75,29.05,146.6,94.34,99.94,Chattogram
2024-08-02,27.45,26.24,28.6,115.83,93.82,100.12,Chattogram
2024-08-03,27.89,26.33,29.69,45.89,93.48,100.37,Chattogram
2024-08-04,28.3,26.04,31.16,55.02,89.53,100.47,Chattogram
2024-08-05,27.59,25.79,29.98,15.4,91.5,100.42,Chattogram
2024-08-06,27.59,26.09,30.04,6.34,91.5,100.23,Chattogram
2024-08-07,27.26,26.02,29.19,15.57,92.9,100.29,Chattogram
2024-08-08,27.46,25.91,30.1,34.94,93.41,100.4,Chattogram
2024-08-09,27.74,26.09,29.97,19.86,92.43,100.47,Chattogram
2024-08-10,28.07,25.94,30.69,37.84,91.22,100.41,Chattogram
2024-08-11,28.26,26.48,30.73,51.99,91.84,100.31,Chattogram
2024-08-12,28.19,26.29,31.0,37.34,91.83,100.33,Chattogram
2024-08-13,28.51,26.1,31.67,3.99,89.93,100.35,Chattogram
2024-08-14,28.76,26.74,32.26,8.69,89.78,100.35,Chattogram
2024-08-15,27.82,26.36,30.29,2.56,92.11,100.27,Chattogram
2024-08-16,27.54,25.97,30.05,57.82,92.94,100.12,Chattogram
2024-08-17,27.4,25.56,30.09,60.8,90.54,100.16,Chattogram
2024-08-18,27.24,26.21,28.48,64.66,95.44,100.22,Chattogram
2024-08-19,27.22,26.62,28.09,123.46,95.16,100.18,Chattogram
2024-08-20,27.85,26.41,30.18,81.03,92.88,100.39,Chattogram
2024-08-21,27.72,26.87,29.06,88.14,94.03,100.48,Chattogram
2024-08-22,27.45,26.34,28.7,128.77,95.43,100.39,Chattogram
2024-08-23,27.02,26.01,28.64,20.54,93.64,100.46,Chattogram
2024-08-24,26.93,25.68,28.59,5.7,92.75,100.49,Chattogram
2024-08-25,26.54,24.99,28.55,38.88,92.99,100.27,Chattogram
2024-08-26,26.76,25.01,28.69,48.32,93.44,100.31,Chattogram
2024-08-27,27.39,25.37,30.24,9.37,91.16,100.5,Chattogram
2024-08-28,27.71,25.45,31.15,20.14,89.1,100.4,Chattogram
2024-08-29,28.14,25.4,31.15,10.61,87.75,100.3,Chattogram
2024-08-30,28.34,25.37,32.46,6.26,88.17,100.37,Chattogram
2024-08-31,27.99,26.38,30.72,11.06,92.05,100.43,Chattogram
2024-09-01,28.28,26.11,31.5,7.42,89.68,100.53,Chattogram
2024-09-02,27.97,26.16,30.48,21.72,89.29,100.5,Chattogram
2024-09-03,27.48,26.0,29.53,26.13,91.35,100.54,Chattogram
2024-09-04,28.35,25.78,31.45,3.88,86.89,100.29,Chattogram
2024-09-05,27.79,25.9,30.1,5.93,88.81,100.21,Chattogram
2024-09-06,28.51,25.42,31.75,31.51,87.48,100.19,Chattogram
2024-09-07,28.7,26.95,31.81,32.54,86.51,100.24,Chattogram
2024-09-08,28.54,26.2,30.76,7.08,90.34,100.25,Chattogram
2024-09-09,28.47,26.43,30.98,3.5,91.35,100.12,Chattogram
2024-09-10,28.29,26.85,30.39,5.9,92.55,100.14,Chattogram
2024-09-11,28.65,26.8,31.04,21.37,90.96,100.17,Chattogram
2024-09-12,29.13,26.98,32.45,19.2,90.22,99.97,Chattogram
2024-09-13,28.23,26.82,29.94,75.07,94.61,99.62,Chattogram
2024-09-14,27.5,25.79,28.63,37.47,95.26,99.63,Chattogram
2024-09-15,26.18,24.42,28.13,38.19,93.87,99.91,Chattogram
2024-09-16,27.72,25.26,31.03,5.91,90.3,100.27,Chattogram
2024-09-17,28.56,25.71,32.1,2.43,88.04,100.43,Chattogram
2024-09-18,28.84,25.91,32.12,6.15,89.37,100.3,Chattogram
2024-09-19,29.07,26.61,31.86,24.66,91.48,100.22,Chattogram
2024-09-20,30.15,26.85,33.95,22.82,87.73,100.19,Chattogram
2024-09-21,28.51,26.67,30.51,38.62,92.87,100.29,Chattogram
2024-09-22,29.74,25.21,33.89,2.18,85.62,100.17,Chattogram
2024-09-23,28.87,27.08,32.15,2.2,91.46,100.29,Chattogram
2024-09-24,28.05,26.53,30.36,8.08,90.63,100.4,Chattogram
2024-09-25,26.63,25.38,28.51,47.71,93.88,100.6,Chattogram
2024-09-26,27.27,25.48,29.58,13.54,91.44,100.78,Chattogram
2024-09-27,27.4,24.51,30.73,7.17,88.27,100.87,Chattogram
2024-09-28,28.07,25.35,31.45,2.07,87.28,100.82,Chattogram
2024-09-29,28.49,25.57,31.68,3.72,89.18,100.73,Chattogram
2024-09-30,28.66,26.55,31.32,6.1,90.55,100.57,Chattogram
2024-10-01,29.62,26.86,32.78,11.05,87.78,100.34,Chattogram
2024-10-02,28.34,26.59,30.12,13.26,90.97,100.22,Chattogram
2024-10-03,27.01,26.16,28.77,69.97,93.65,100.22,Chattogram
2024-10-04,27.62,25.92,29.97,22.55,91.12,100.46,Chattogram
2024-10-05,27.33,26.11,29.08,34.67,93.07,100.67,Chattogram
2024-10-06,27.96,25.49,31.37,19.62,86.85,100.9,Chattogram
2024-10-07,28.08,25.95,30.78,8.79,84.97,101.1,Chattogram
2024-10-08,28.37,25.48,31.38,1.13,81.84,101.08,Chattogram
2024-10-09,27.9,25.33,30.94,13.78,85.18,100.88,Chattogram
2024-10-10,26.95,25.52,29.15,4.07,89.34,100.81,Chattogram
2024-10-11,27.77,25.6,30.87,9.08,86.75,100.75,Chattogram
2024-10-12,28.09,25.09,31.11,5.53,83.76,100.88,Chattogram
2024-10-13,27.37,24.45,31.25,0.58,85.55,100.93,Chattogram
2024-10-14,26.21,22.58,30.21,0.08,86.24,100.92,Chattogram
2024-10-15,26.76,23.07,30.48,0.01,82.74,100.88,Chattogram
2024-10-16,27.33,23.63,31.23,0.0,82.61,100.9,Chattogram
2024-10-17,27.03,24.27,30.18,1.65,84.12,100.92,Chattogram
2024-10-18,27.27,23.46,31.01,2.31,81.98,100.87,Chattogram
2024-10-19,27.68,24.48,30.49,16.76,82.34,100.94,Chattogram
2024-10-20,26.53,24.13,29.51,2.55,87.8,101.04,Chattogram
2024-10-21,26.43,23.11,30.53,0.21,85.77,100.94,Chattogram
2024-10-22,27.58,23.13,31.4,13.39,84.57,100.88,Chattogram
2024-10-23,26.39,23.83,30.06,48.28,91.27,100.83,Chattogram
2024-10-24,25.83,23.77,29.7,19.93,90.81,100.77,Chattogram
2024-10-25,26.53,23.5,30.2,4.96,91.05,100.78,Chattogram
2024-10-26,27.21,24.39,31.07,2.61,86.99,100.82,Chattogram
2024-10-27,27.26,24.42,30.86,0.33,81.8,100.74,Chattogram
2024-10-28,26.41,22.72,30.47,0.0,86.52,100.65,Chattogram
2024-10-29,26.66,22.48,30.75,0.0,84.21,100.75,Chattogram
2024-10-30,27.11,22.83,30.96,0.09,80.52,100.88,Chattogram
2024-10-31,27.47,24.52,30.77,2.46,85.59,100.93,Chattogram
2024-11-01,27.59,25.06,31.04,2.55,83.34,101.03,Chattogram
2024-11-02,26.05,22.98,30.14,0.47,87.24,101.12,Chattogram
2024-11-03,24.94,20.84,29.53,0.16,85.72,101.13,Chattogram
2024-11-04,25.62,21.5,30.18,4.26,86.13,101.08,Chattogram
2024-11-05,26.27,22.31,29.66,3.15,82.78,101.17,Chattogram
2024-11-06,24.99,22.77,28.2,3.38,86.44,101.22,Chattogram
2024-11-07,24.26,21.45,27.89,5.08,87.15,101.2,Chattogram
2024-11-08,24.21,19.7,28.93,0.0,81.49,101.18,Chattogram
2024-11-09,24.97,19.83,29.5,0.0,78.72,101.19,Chattogram
2024-11-10,24.68,20.2,29.57,0.01,80.78,101.22,Chattogram
2024-11-11,24.79,20.71,29.43,0.02,85.15,101.15,Chattogram
2024-11-12,24.78,21.11,28.97,0.05,85.81,101.08,Chattogram
2024-11-13,23.2,19.85,28.14,0.0,83.05,101.02,Chattogram
2024-11-14,22.02,17.53,27.25,0.0,83.88,101.13,Chattogram
2024-11-15,21.97,17.33,27.36,0.0,85.59,101.09,Chattogram
2024-11-16,21.81,16.91,27.25,0.0,83.9,101.03,Chattogram
2024-11-17,21.38,16.47,26.75,0.0,81.68,101.08,Chattogram
2024-11-18,21.0,15.32,26.81,0.0,79.09,101.21,Chattogram
2024-11-19,21.49,15.54,27.53,0.0,79.94,101.21,Chattogram
2024-11-20,21.68,16.98,27.08,0.0,78.53,101.15,Chattogram
2024-11-21,21.45,16.88,27.14,0.0,77.85,101.14,Chattogram
2024-11-22,21.3,16.85,26.04,0.0,71.7,101.17,Chattogram
2024-11-23,21.89,16.52,26.67,0.0,69.17,101.28,Chattogram
2024-11-24,20.53,15.88,25.21,0.0,78.83,101.31,Chattogram
2024-11-25,20.14,15.46,25.52,0.0,81.88,101.32,Chattogram
2024-11-26,19.96,14.71,25.2,0.0,79.73,101.24,Chattogram
2024-11-27,20.15,14.58,25.63,0.0,78.12,101.15,Chattogram
2024-11-28,20.37,15.32,24.92,0.0,85.71,101.24,Chattogram
2024-11-29,22.44,19.04,26.72,0.0,85.78,101.22,Chattogram
2024-11-30,22.77,18.29,28.55,0.16,85.47,101.12,Chattogram
2024-12-01,21.59,18.23,26.19,3.39,86.2,101.0,Chattogram
2024-12-02,20.73,17.72,24.85,0.04,84.11,101.07,Chattogram
2024-12-03,20.92,17.22,26.18,0.0,83.39,101.12,Chattogram
2024-12-04,18.9,13.81,24.61,0.0,86.08,101.15,Chattogram
2024-12-05,19.11,13.72,24.46,0.0,80.25,101.16,Chattogram
2024-12-06,18.33,14.0,24.12,0.0,77.24,101.12,Chattogram
2024-12-07,17.33,11.54,23.89,0.0,75.48,101.2,Chattogram
2024-12-08,17.42,11.59,23.29,0.0,74.55,101.2,Chattogram
2024-12-09,17.25,11.03,22.66,0.0,82.62,101.14,Chattogram
2024-12-10,18.05,14.69,22.55,0.0,86.41,101.2,Chattogram
2024-12-11,16.48,11.92,22.32,0.0,85.62,101.31,Chattogram
2024-12-12,15.78,10.22,22.49,0.0,87.87,101.17,Chattogram
2024-12-13,16.03,10.56,22.8,0.0,87.95,101.25,Chattogram
2024-12-14,16.1,10.78,23.19,0.0,86.64,101.42,Chattogram
2024-12-15,15.54,9.45,22.91,0.0,83.7,101.49,Chattogram
2024-12-16,17.56,10.45,25.35,0.0,78.52,101.4,Chattogram
2024-12-17,19.78,14.35,25.8,0.0,76.72,101.26,Chattogram
2024-12-18,19.58,15.23,25.68,0.01,80.73,101.23,Chattogram
2024-12-19,18.58,13.47,24.93,0.0,77.06,101.3,Chattogram
2024-12-20,17.41,11.68,24.07,0.0,80.27,101.22,Chattogram
2024-12-21,17.73,12.76,23.99,0.38,83.02,101.23,Chattogram
2024-12-22,17.62,12.74,24.36,0.29,85.02,101.32,Chattogram
2024-12-23,16.71,10.67,23.96,0.04,81.31,101.33,Chattogram
2024-12-24,17.52,10.78,24.26,0.0,79.68,101.32,Chattogram
2024-12-25,17.54,13.71,22.5,0.0,79.05,101.51,Chattogram
2024-12-26,18.02,12.69,24.85,0.0,85.26,101.66,Chattogram
2024-12-27,18.32,12.22,24.37,0.0,77.35,101.66,Chattogram
2024-12-28,19.07,12.55,24.89,0.0,73.51,101.52,Chattogram
2024-12-29,18.98,13.91,24.84,0.0,75.53,101.43,Chattogram
2024-12-30,18.28,13.28,24.31,0.0,80.76,101.5,Chattogram
2024-12-31,16.92,12.3,22.92,0.0,84.7,101.52,Chattogram
2025-01-01,15.99,10.73,22.68,0.0,87.03,101.33,Chattogram
2025-01-02,16.26,10.89,22.93,0.0,86.75,101.35,Chattogram
2025-01-03,16.69,10.82,23.78,0.0,82.2,101.41,Chattogram
2025-01-04,17.65,12.2,24.26,0.0,86.08,101.3,Chattogram
2025-01-05,19.89,13.84,25.64,0.0,80.57,101.37,Chattogram
2025-01-06,20.39,16.03,26.02,0.0,80.6,101.25,Chattogram
2025-01-07,19.56,16.18,24.2,0.0,86.68,101.16,Chattogram
2025-01-08,18.09,13.56,23.37,0.0,85.31,101.29,Chattogram
2025-01-09,15.52,10.32,21.97,0.0,82.46,101.53,Chattogram
2025-01-10,15.43,9.43,22.35,0.0,79.91,101.7,Chattogram
2025-01-11,16.8,10.15,24.27,0.0,76.67,101.69,Chattogram
2025-01-12,19.07,11.9,25.94,0.0,65.2,101.56,Chattogram
2025-01-13,19.62,14.58,25.03,0.0,65.9,101.38,Chattogram
2025-01-14,17.63,12.94,23.98,0.0,77.54,101.55,Chattogram
2025-01-15,16.88,10.77,23.81,0.0,79.89,101.63,Chattogram
2025-01-16,18.72,12.9,25.66,0.0,76.89,101.55,Chattogram
2025-01-17,18.67,13.41,25.32,0.0,77.03,101.4,Chattogram
2025-01-18,17.58,11.84,24.44,0.0,80.48,101.35,Chattogram
2025-01-19,16.52,10.57,23.44,0.0,79.67,101.24,Chattogram
2025-01-20,16.7,10.22,23.3,0.0,77.76,101.12,Chattogram
2025-01-21,16.92,10.28,23.22,0.0,77.78,101.08,Chattogram
2025-01-22,17.03,12.14,22.86,0.0,84.16,101.15,Chattogram
2025-01-23,17.16,11.72,23.79,0.0,81.24,101.21,Chattogram
2025-01-24,17.31,11.78,23.82,0.0,78.28,101.16,Chattogram
2025-01-25,17.42,12.49,23.63,0.0,76.9,101.25,Chattogram
2025-01-26,16.51,11.4,22.94,0.0,76.05,101.22,Chattogram
2025-01-27,17.09,10.71,23.33,0.0,75.69,101.05,Chattogram
2025-01-28,18.56,12.57,23.62,0.0,70.89,101.2,Chattogram
2025-01-29,18.53,13.38,24.07,0.0,62.82,101.42,Chattogram
2025-01-30,18.88,12.92,24.47,0.1,76.27,101.13,Chattogram
2025-01-31,20.88,17.35,26.05,0.58,88.88,101.08,Chattogram
2025-02-01,21.72,18.26,26.19,0.74,81.65,101.1,Chattogram
2025-02-02,20.76,16.79,26.11,0.0,80.39,101.08,Chattogram
2025-02-03,19.89,14.66,26.25,0.0,75.74,101.16,Chattogram
2025-02-04,19.28,12.95,25.42,0.0,67.35,101.17,Chattogram
2025-02-05,19.29,13.22,25.37,0.0,69.99,101.01,Chattogram
2025-02-06,21.22,15.83,27.4,0.0,75.1,101.05,Chattogram
2025-02-07,19.57,14.48,26.18,0.0,68.06,101.2,Chattogram
2025-02-08,17.02,9.98,24.68,0.0,59.86,101.26,Chattogram
2025-02-09,17.77,10.33,24.53,0.0,57.29,101.2,Chattogram
2025-02-10,18.8,12.33,25.05,0.68,58.29,101.26,Chattogram
2025-02-11,19.97,13.5,26.76,0.0,81.9,101.14,Chattogram
2025-02-12,21.87,17.75,27.79,0.0,85.23,101.16,Chattogram
2025-02-13,22.52,18.55,27.63,0.01,87.08,101.06,Chattogram
2025-02-14,21.96,17.35,26.9,0.02,61.51,101.03,Chattogram
2025-02-15,20.75,13.37,26.66,0.0,51.53,101.06,Chattogram
2025-02-16,21.21,15.23,27.42,0.0,64.75,101.13,Chattogram
2025-02-17,22.16,16.96,28.69,0.0,69.54,101.3,Chattogram
2025-02-18,23.07,18.52,29.41,0.0,77.38,101.2,Chattogram
2025-02-19,23.15,18.8,28.56,0.04,78.07,101.14,Chattogram
2025-02-20,23.56,18.02,29.64,0.14,72.37,101.28,Chattogram
2025-02-21,23.88,18.84,29.63,0.0,62.76,101.26,Chattogram
2025-02-22,24.66,17.94,30.51,0.0,62.81,101.33,Chattogram
2025-02-23,23.96,19.39,29.08,0.03,65.23,101.4,Chattogram
2025-02-24,22.89,16.73,29.9,0.0,66.17,101.49,Chattogram
2025-02-25,22.16,15.8,29.99,0.0,60.52,101.61,Chattogram
2025-02-26,21.87,15.72,29.67,0.0,56.87,101.59,Chattogram
2025-02-27,22.2,16.69,29.91,0.0,58.18,101.37,Chattogram
2025-02-28,23.54,16.4,29.89,0.0,56.52,101.28,Chattogram
2025-03-01,24.04,17.8,30.99,0.64,68.3,101.06,Chattogram
2025-03-02,25.53,20.24,32.77,0.0,77.65,100.76,Chattogram
2025-03-03,26.21,20.75,32.27,0.0,68.77,100.86,Chattogram
2025-03-04,25.63,20.28,31.53,0.0,57.35,100.9,Chattogram
2025-03-05,24.85,18.17,31.58,0.0,56.15,100.78,Chattogram
2025-03-06,24.38,19.02,31.32,0.0,50.83,100.97,Chattogram
2025-03-07,22.88,14.58,30.38,0.0,42.74,100.84,Chattogram
2025-03-08,23.8,18.46,31.24,0.0,52.18,100.81,Chattogram
2025-03-09,25.17,20.37,31.52,0.06,57.78,101.19,Chattogram
2025-03-10,24.77,17.69,32.91,0.01,48.75,101.36,Chattogram
2025-03-11,25.62,18.9,33.28,0.0,53.77,101.15,Chattogram
2025-03-12,26.71,20.48,33.74,0.0,65.75,100.79,Chattogram
2025-03-13,27.09,21.14,33.76,0.0,76.09,100.64,Chattogram
2025-03-14,27.56,23.14,33.67,0.01,77.69,100.77,Chattogram
2025-03-15,27.68,22.96,33.63,0.0,76.92,100.94,Chattogram
2025-03-16,27.99,22.75,35.01,0.01,73.15,100.86,Chattogram
2025-03-17,28.03,23.07,34.95,0.0,71.96,100.75,Chattogram
2025-03-18,27.95,23.28,34.42,1.03,73.34,100.84,Chattogram
2025-03-19,28.0,23.19,34.57,0.68,71.3,101.16,Chattogram
2025-03-20,28.09,23.25,34.37,1.16,71.0,101.27,Chattogram
2025-03-21,26.97,21.8,33.38,0.04,63.68,101.34,Chattogram
2025-03-22,25.41,20.65,32.31,0.01,57.88,101.32,Chattogram
2025-03-23,26.23,19.24,33.85,0.15,52.38,101.26,Chattogram
2025-03-24,25.64,19.02,33.58,6.06,54.23,101.15,Chattogram
2025-03-25,25.97,18.25,34.12,0.0,47.55,100.75,Chattogram
2025-03-26,27.49,20.05,34.96,0.0,44.82,100.57,Chattogram
2025-03-27,27.82,22.21,34.45,0.02,69.63,100.43,Chattogram
2025-03-28,28.72,22.61,36.2,0.0,69.09,100.37,Chattogram
2025-03-29,28.58,22.89,35.97,0.0,72.35,100.52,Chattogram
2025-03-30,28.55,22.84,35.74,0.0,70.08,100.81,Chattogram
2025-03-31,28.71,23.33,35.15,0.01,70.2,100.79,Chattogram
2025-04-01,28.52,24.06,34.37,0.01,70.12,100.81,Chattogram
2025-04-02,28.74,23.4,36.02,0.0,64.71,100.91,Chattogram
2025-04-03,29.07,23.58,35.45,0.0,63.15,100.97,Chattogram
2025-04-04,30.14,24.12,37.73,0.0,58.78,100.82,Chattogram
2025-04-05,29.78,24.36,36.97,0.0,59.84,100.72,Chattogram
2025-04-06,29.55,24.32,36.74,0.11,64.38,100.75,Chattogram
2025-04-07,28.36,23.62,35.0,1.06,70.36,100.99,Chattogram
2025-04-08,27.87,24.68,32.09,2.25,72.05,101.24,Chattogram
2025-04-09,29.21,24.24,35.48,3.33,60.09,101.0,Chattogram
2025-04-10,30.26,24.4,36.97,0.24,50.17,100.59,Chattogram
2025-04-11,27.64,24.23,31.37,4.62,68.17,100.48,Chattogram
2025-04-12,28.83,24.37,34.11,5.17,68.46,100.6,Chattogram
2025-04-13,28.56,25.76,32.49,0.16,67.63,100.78,Chattogram
2025-04-14,28.09,24.66,31.84,2.09,65.35,100.81,Chattogram
2025-04-15,27.77,24.09,31.65,7.28,68.89,100.85,Chattogram
2025-04-16,28.23,24.81,32.92,13.75,72.61,100.81,Chattogram
2025-04-17,26.99,23.37,31.8,19.28,77.76,100.75,Chattogram
2025-04-18,27.19,23.48,32.09,16.22,79.26,100.66,Chattogram
2025-04-19,26.84,24.32,30.94,29.39,83.86,100.59,Chattogram
2025-04-20,27.56,24.31,31.36,33.6,86.29,100.58,Chattogram
2025-04-21,28.07,25.62,31.42,34.34,88.94,100.75,Chattogram
2025-04-22,28.05,25.65,31.34,18.75,88.68,100.74,Chattogram
2025-04-23,28.73,26.27,32.36,0.15,85.44,100.49,Chattogram
2025-04-24,28.95,26.06,32.85,0.19,84.42,100.49,Chattogram
2025-04-25,28.42,25.89,32.19,0.12,84.37,100.57,Chattogram
2025-04-26,28.44,25.66,32.5,1.25,83.24,100.63,Chattogram
2025-04-27,27.8,25.01,31.61,3.39,82.5,100.8,Chattogram
2025-04-28,27.1,24.13,31.17,8.22,84.58,100.72,Chattogram
2025-04-29,26.47,23.28,30.27,20.67,83.42,100.73,Chattogram
2025-04-30,27.28,24.62,30.09,13.01,79.75,100.83,Chattogram
2025-05-01,27.73,24.61,31.57,1.51,76.05,100.9,Chattogram
2025-05-02,27.34,23.2,31.28,10.26,77.89,100.76,Chattogram
2025-05-03,27.25,23.74,30.93,20.14,78.05,100.67,Chattogram
2025-05-04,27.12,24.62,30.3,7.98,82.81,100.56,Chattogram
2025-05-05,27.49,24.48,30.84,1.2,81.61,100.58,Chattogram
2025-05-06,27.77,25.04,30.88,0.86,80.8,100.6,Chattogram
2025-05-07,27.78,24.23,31.76,0.51,80.55,100.47,Chattogram
2025-05-08,29.14,25.15,33.64,0.51,80.53,100.48,Chattogram
2025-05-09,29.26,25.77,33.6,0.26,80.51,100.52,Chattogram
2025-05-10,29.66,25.71,34.2,0.36,79.6,100.48,Chattogram
2025-05-11,30.22,25.93,35.03,2.06,78.46,100.35,Chattogram
2025-05-12,29.07,25.9,32.33,8.95,80.91,100.28,Chattogram
2025-05-13,28.73,25.76,32.09,15.2,83.24,100.34,Chattogram
2025-05-14,29.04,26.18,32.96,8.91,83.82,100.44,Chattogram
2025-05-15,29.09,25.91,33.09,7.81,84.97,100.5,Chattogram
2025-05-16,29.02,26.11,32.64,12.46,86.73,100.49,Chattogram
2025-05-17,28.4,26.04,31.31,9.12,86.48,100.51,Chattogram
2025-05-18,28.23,25.84,31.77,39.57,83.94,100.61,Chattogram
2025-05-19,28.52,25.68,32.4,24.76,84.24,100.56,Chattogram
2025-05-20,28.42,25.51,31.83,36.2,88.48,100.41,Chattogram
2025-05-21,28.2,26.62,31.13,54.58,89.96,100.52,Chattogram
2025-05-22,27.97,25.78,30.91,23.96,88.99,100.37,Chattogram
2025-05-23,27.46,25.32,29.62,9.8,90.05,100.22,Chattogram
2025-05-24,28.06,25.54,31.76,17.72,86.91,100.22,Chattogram
2025-05-25,28.54,25.85,31.67,1.18,86.44,100.29,Chattogram
2025-05-26,28.95,25.73,32.96,7.7,83.48,100.15,Chattogram
2025-05-27,29.2,25.51,32.92,19.73,83.14,99.87,Chattogram
2025-05-28,27.87,26.6,29.99,33.31,92.42,99.61,Chattogram
2025-05-29,28.12,26.32,29.61,108.48,92.85,99.28,Chattogram
2025-05-30,28.41,27.34,29.92,87.83,93.12,99.39,Chattogram
2025-05-31,28.53,26.83,30.36,37.3,93.85,100.01,Chattogram
2025-06-01,28.75,26.99,30.9,38.28,91.03,99.94,Chattogram
2025-06-02,28.63,27.0,31.18,37.67,92.1,99.96,Chattogram
2025-06-03,28.08,26.55,30.38,25.94,91.66,100.19,Chattogram
2025-06-04,27.69,26.15,29.73,34.4,92.76,100.41,Chattogram
2025-06-05,27.8,25.47,30.77,11.97,88.57,100.52,Chattogram
2025-06-06,28.3,25.38,31.83,16.77,87.21,100.51,Chattogram
2025-06-07,28.31,25.55,31.38,8.52,88.25,100.43,Chattogram
2025-06-08,29.38,26.07,33.18,0.67,84.2,100.24,Chattogram
2025-06-09,29.06,26.05,32.21,1.64,86.61,100.15,Chattogram
2025-06-10,28.05,26.15,30.33,10.02,90.55,100.13,Chattogram
2025-06-11,28.46,25.08,32.18,15.07,85.53,100.19,Chattogram
2025-06-12,27.96,26.24,30.24,11.34,90.53,100.23,Chattogram
2025-06-13,29.23,26.7,32.4,2.85,87.06,100.18,Chattogram
2025-06-14,28.08,26.51,30.63,1.4,89.88,100.08,Chattogram
2025-06-15,28.06,26.44,30.21,17.66,91.23,100.03,Chattogram
2025-06-16,27.98,26.05,30.75,22.18,91.48,99.91,Chattogram
2025-06-17,28.01,26.9,29.73,70.26,93.24,99.84,Chattogram
2025-06-18,27.86,26.94,29.16,41.49,94.49,99.73,Chattogram
2025-06-19,27.94,26.89,29.76,47.25,91.55,99.96,Chattogram
2025-06-20,28.46,26.83,31.09,24.23,90.96,100.07,Chattogram
2025-06-21,27.92,26.42,29.96,42.0,92.09,100.1,Chattogram
2025-06-22,27.74,26.1,30.38,13.71,90.65,100.01,Chattogram
2025-06-23,27.83,26.11,29.99,11.85,90.31,99.86,Chattogram
2025-06-24,28.31,25.89,31.0,5.2,90.52,99.74,Chattogram
2025-06-25,27.72,26.46,29.4,5.46,93.62,99.97,Chattogram
2025-06-26,27.54,25.47,30.06,11.24,92.79,100.21,Chattogram
2025-06-27,28.04,26.09,30.97,36.35,90.08,100.13,Chattogram
2025-06-28,27.09,25.43,29.63,11.61,92.92,99.86,Chattogram
2025-06-29,27.41,26.1,28.77,5.25,92.52,99.63,Chattogram
2025-06-30,27.61,25.96,29.67,7.62,93.06,99.65,Chattogram
2025-07-01,27.89,25.54,31.34,5.18,90.79,99.83,Chattogram
2025-07-02,28.22,26.14,31.04,11.46,91.5,99.9,Chattogram
2025-07-03,28.24,26.37,30.99,5.98,90.62,100.03,Chattogram
2025-07-04,28.04,26.74,30.3,22.02,91.74,99.98,Chattogram
2025-07-05,28.01,26.26,30.47,15.59,90.95,99.84,Chattogram
2025-07-06,27.43,26.04,29.87,22.45,90.97,99.79,Chattogram
2025-07-07,27.31,25.7,29.66,96.15,92.32,99.69,Chattogram
2025-07-08,27.17,26.07,28.37,139.85,94.38,99.84,Chattogram
2025-07-09,27.07,26.13,28.55,101.58,94.09,100.09,Chattogram
2025-07-10,26.99,25.73,28.74,36.53,92.63,100.17,Chattogram
2025-07-11,27.64,25.35,30.56,33.38,91.75,100.03,Chattogram
2025-07-12,28.23,25.96,30.94,19.6,89.22,100.02,Chattogram
2025-07-13,28.29,26.44,31.57,14.65,90.18,100.02,Chattogram
2025-07-14,27.06,25.78,28.78,30.38,94.66,100.0,Chattogram
2025-07-15,27.71,26.44,29.43,5.87,93.92,100.12,Chattogram
2025-07-16,28.01,26.18,30.54,8.19,91.91,100.28,Chattogram
2025-07-17,28.13,25.97,31.12,14.04,89.06,100.39,Chattogram
2025-07-18,28.14,25.48,31.24,19.69,89.28,100.23,Chattogram
2025-07-19,28.12,25.96,31.07,8.16,88.87,99.91,Chattogram
2025-07-20,28.91,26.09,31.85,12.6,86.67,99.87,Chattogram
2025-07-21,28.79,26.37,32.04,24.29,87.29,99.94,Chattogram
2025-07-22,29.07,26.13,32.51,5.39,85.62,99.83,Chattogram
2025-07-23,29.86,26.21,33.64,14.94,84.83,99.47,Chattogram
2025-07-24,28.3,26.81,29.5,75.83,92.98,99.21,Chattogram
2025-07-25,28.27,26.66,30.91,30.07,92.75,99.29,Chattogram
2025-07-26,28.54,27.25,30.43,29.07,92.45,99.78,Chattogram
2025-07-27,28.33,27.0,30.19,46.49,92.55,99.82,Chattogram
2025-07-28,27.87,26.38,29.82,32.74,93.69,99.85,Chattogram
2025-07-29,27.46,25.9,29.55,27.47,91.65,99.92,Chattogram
2025-07-30,27.46,25.84,29.84,18.34,92.66,100.01,Chattogram
2025-07-31,27.54,25.89,29.35,31.59,93.34,100.01,Chattogram
2025-08-01,28.41,26.2,31.47,30.73,90.93,100.02,Chattogram
2025-08-02,27.99,26.58,29.85,8.14,93.04,100.19,Chattogram
2025-08-03,28.2,26.34,30.5,33.1,91.78,100.45,Chattogram
2025-08-04,27.97,26.6,29.55,28.56,93.92,100.51,Chattogram
2025-08-05,28.18,26.4,30.48,35.71,91.24,100.51,Chattogram
2025-08-06,27.63,25.75,30.22,21.04,88.66,100.38,Chattogram
2025-08-07,27.38,25.79,29.96,28.2,92.01,100.3,Chattogram
2025-08-08,26.5,25.17,27.76,45.35,92.68,100.56,Chattogram
2025-08-09,27.5,25.16,30.7,5.34,89.38,100.71,Chattogram
2025-08-10,27.99,25.18,31.41,2.82,89.1,100.52,Chattogram
2025-08-11,28.6,25.47,32.2,0.43,88.35,100.34,Chattogram
2025-08-12,28.64,26.19,31.97,0.49,88.26,100.17,Chattogram
2025-08-13,27.66,26.16,30.41,64.18,91.07,100.34,Chattogram
2025-08-14,27.76,25.73,30.87,11.22,91.1,100.4,Chattogram
2025-08-15,27.42,25.45,30.09,6.53,90.92,100.21,Chattogram
2025-08-16,28.04,25.57,30.87,12.64,86.58,100.11,Chattogram
2025-08-17,27.68,25.93,29.86,9.25,90.03,100.23,Chattogram
2025-08-18,28.17,26.08,31.18,4.49,90.63,100.38,Chattogram
2025-08-19,27.71,25.42,30.68,8.39,90.22,100.42,Chattogram
2025-08-20,27.67,26.09,30.12,19.31,91.86,100.39,Chattogram
2025-08-21,27.63,26.41,29.82,33.1,93.54,100.33,Chattogram
2025-08-22,27.24,25.53,29.08,35.12,92.81,100.15,Chattogram
2025-08-23,27.41,25.88,30.22,43.09,91.32,100.1,Chattogram
2025-08-24,27.3,25.5,29.81,22.19,90.55,100.35,Chattogram
2025-08-25,27.67,25.32,30.74,17.42,89.74,100.32,Chattogram
2025-08-26,28.41,26.04,32.26,2.74,85.86,100.29,Chattogram
2025-08-27,27.55,24.6,30.94,8.55,89.84,100.31,Chattogram
2025-08-28,27.7,25.79,30.54,8.13,89.3,100.41,Chattogram
2025-08-29,27.53,26.04,30.22,10.8,91.54,100.52,Chattogram
2025-08-30,27.8,25.61,30.81,1.01,89.42,100.57,Chattogram
2025-08-31,27.39,25.44,29.78,2.5,90.31,100.35,Chattogram
2025-09-01,28.02,25.57,30.53,6.16,92.1,99.93,Chattogram
2025-09-02,28.38,25.96,31.38,2.71,88.76,100.15,Chattogram
2025-09-03,27.84,25.58,30.85,4.11,89.35,100.32,Chattogram
2025-09-04,27.72,25.64,31.04,5.19,89.79,100.44,Chattogram
2025-09-05,27.77,25.61,31.06,3.51,88.34,100.51,Chattogram
2025-09-06,28.36,25.22,32.04,6.16,86.47,100.54,Chattogram
2025-09-07,28.19,25.53,30.91,17.53,87.47,100.49,Chattogram
2025-09-08,28.69,25.71,32.17,9.99,84.44,100.46,Chattogram
2025-09-09,28.41,25.87,31.32,17.16,88.71,100.51,Chattogram
2025-09-10,27.81,25.97,29.89,12.35,91.47,100.43,Chattogram
2025-09-11,28.07,26.09,30.68,17.67,89.79,100.46,Chattogram
2025-09-12,27.82,26.01,30.8,21.91,90.44,100.58,Chattogram
2025-09-13,27.66,25.75,30.24,20.61,90.53,100.68,Chattogram
2025-09-14,27.16,25.75,28.9,30.7,92.86,100.68,Chattogram
2025-09-15,26.57,25.3,28.61,20.91,91.68,100.66,Chattogram
2025-09-16,26.59,25.07,28.77,22.45,91.43,100.71,Chattogram
2025-09-17,27.46,24.5,31.02,1.31,87.38,100.67,Chattogram
2025-09-18,27.61,25.26,30.45,1.74,87.92,100.58,Chattogram
2025-09-19,28.92,25.79,32.47,4.31,86.02,100.49,Chattogram
2025-09-20,28.47,26.19,31.54,11.88,90.3,100.31,Chattogram
2025-09-21,28.03,26.23,30.18,12.36,91.61,100.22,Chattogram
2025-09-22,26.85,25.77,28.15,62.53,93.42,100.32,Chattogram
2025-09-23,27.57,25.64,30.45,7.72,90.64,100.25,Chattogram
2025-09-24,28.13,25.54,31.51,2.86,87.93,100.1,Chattogram
2025-09-25,28.46,26.13,31.85,19.05,85.61,100.09,Chattogram
2025-09-26,27.95,25.7,31.08,4.26,89.6,100.36,Chattogram
2025-09-27,27.92,26.0,30.99,3.18,90.1,100.68,Chattogram
2025-09-28,26.97,25.88,28.84,8.1,90.47,100.62,Chattogram
2025-09-29,27.72,25.06,30.57,17.13,89.42,100.36,Chattogram
2025-09-30,28.55,25.62,31.71,14.62,88.6,100.12,Chattogram
2025-10-01,27.77,26.75,29.1,42.64,93.42,100.32,Chattogram
2025-10-02,27.29,26.26,28.91,30.33,93.82,100.72,Chattogram
2025-10-03,27.36,25.62,30.15,15.37,91.78,100.9,Chattogram
2025-10-04,27.83,25.56,30.74,11.42,89.48,100.85,Chattogram
2025-10-05,27.75,26.07,29.97,6.27,91.07,100.8,Chattogram
2025-10-06,26.83,25.37,28.57,5.36,92.23,100.8,Chattogram
2025-10-07,27.02,24.97,30.02,5.86,87.02,100.79,Chattogram
2025-10-08,27.05,24.64,30.4,3.58,88.58,100.81,Chattogram
2025-10-09,27.01,24.85,29.31,28.53,88.18,100.83,Chattogram
2025-10-10,27.44,25.35,30.32,23.58,85.79,100.74,Chattogram
2025-10-11,26.72,24.34,29.83,16.85,89.08,100.75,Chattogram
2025-10-12,26.78,23.92,30.09,7.39,86.45,100.8,Chattogram
2025-10-13,25.9,22.62,29.78,0.15,86.25,100.88,Chattogram
2025-10-14,26.17,22.22,30.76,0.02,86.54,100.75,Chattogram
2025-10-15,26.09,21.74,30.97,0.44,84.88,100.67,Chattogram
2025-10-16,26.38,22.32,30.66,5.01,86.85,100.77,Chattogram
2025-10-17,26.68,22.85,30.54,7.47,87.79,100.91,Chattogram
2025-10-18,27.51,24.09,31.58,1.14,86.28,100.88,Chattogram
2025-10-19,27.23,23.49,30.8,1.95,84.54,100.8,Chattogram
2025-10-20,27.01,23.1,31.45,0.96,84.37,100.82,Chattogram
2025-10-21,27.21,23.36,31.81,0.65,83.78,100.92,Chattogram
2025-10-22,27.24,22.97,31.82,0.07,82.49,100.94,Chattogram
2025-10-23,27.31,23.06,31.9,0.56,84.29,100.9,Chattogram
2025-10-24,27.1,23.25,31.09,0.94,82.44,100.9,Chattogram
2025-10-25,26.81,23.31,30.78,0.27,83.77,100.9,Chattogram
2025-10-26,26.57,22.81,30.74,0.0,82.79,100.97,Chattogram
2025-10-27,27.12,22.67,31.9,0.02,81.87,101.01,Chattogram
2025-10-28,28.04,23.54,32.34,0.39,76.55,100.98,Chattogram
2025-10-29,28.24,25.35,31.92,8.72,78.29,100.97,Chattogram
2025-10-30,27.43,23.57,31.57,3.67,84.67,100.97,Chattogram
2025-10-31,27.98,24.89,31.45,0.58,84.72,100.87,Chattogram
2025-11-01,27.28,25.19,30.11,1.02,87.56,100.72,Chattogram
2025-11-02,26.91,24.59,29.91,6.74,88.57,100.67,Chattogram
2025-11-03,25.44,23.17,28.97,2.67,89.47,100.68,Chattogram
2025-11-04,25.2,21.21,29.54,1.52,86.84,100.59,Chattogram
2025-11-05,25.27,23.08,28.34,23.68,89.71,100.5,Chattogram
2025-11-06,25.55,22.77,28.73,5.63,86.05,100.72,Chattogram
2025-11-07,25.15,22.42,29.04,0.8,88.02,100.88,Chattogram
2025-11-08,23.95,20.53,29.18,0.0,87.84,100.94,Chattogram
2025-11-09,22.45,18.35,27.56,0.0,87.16,100.89,Chattogram
2025-11-10,22.31,18.34,27.64,0.0,86.53,100.97,Chattogram
2025-11-11,21.58,17.43,26.71,0.0,86.28,101.02,Chattogram
2025-11-12,20.71,15.92,26.42,0.0,83.48,101.14,Chattogram
2025-11-13,20.45,15.18,26.72,0.0,84.16,101.27,Chattogram
2025-11-14,20.38,15.19,26.15,0.0,81.3,101.26,Chattogram
2025-11-15,20.16,14.73,26.61,0.0,81.09,101.35,Chattogram
2025-11-16,20.45,14.78,26.99,0.0,79.97,101.45,Chattogram
2025-11-17,21.5,15.4,27.64,0.0,82.76,101.43,Chattogram
2025-11-18,22.53,17.71,28.14,0.0,86.78,101.27,Chattogram
2025-11-19,22.04,18.05,27.29,0.0,82.27,101.29,Chattogram
2025-11-20,21.15,16.68,26.82,0.0,81.05,101.38,Chattogram
2025-11-21,20.75,16.52,26.18,0.0,77.71,101.47,Chattogram
2025-11-22,20.19,15.28,25.39,0.0,80.23,101.4,Chattogram
2025-11-23,19.67,15.27,25.15,0.0,81.31,101.41,Chattogram
2025-11-24,18.81,13.81,24.92,0.0,86.2,101.43,Chattogram
2025-11-25,19.24,13.48,25.65,0.0,83.41,101.34,Chattogram
2025-11-26,19.42,13.87,25.79,0.0,81.68,101.41,Chattogram
2025-11-27,19.99,14.04,26.73,0.0,84.02,101.5,Chattogram
2025-11-28,20.08,14.96,26.14,0.0,84.12,101.38,Chattogram
2025-11-29,19.97,14.79,25.58,0.0,75.83,101.23,Chattogram
2025-11-30,19.73,14.64,25.52,0.0,72.14,101.21,Chattogram
2025-12-01,19.37,13.79,25.19,0.0,84.31,101.21,Chattogram
2025-12-02,19.58,15.91,24.06,0.0,86.56,101.2,Chattogram
2025-12-03,18.32,14.45,23.9,0.0,83.86,101.37,Chattogram
2025-12-04,17.87,12.18,24.51,0.0,85.68,101.42,Chattogram
2025-12-05,18.23,12.82,25.04,0.0,86.39,101.52,Chattogram
2025-12-06,17.46,11.91,24.6,0.0,81.62,101.49,Chattogram
2025-12-07,17.09,11.25,23.33,0.0,82.7,101.5,Chattogram
2025-12-08,17.65,13.03,23.33,0.0,80.03,101.4,Chattogram
2025-12-09,18.52,13.64,24.17,0.0,74.35,101.34,Chattogram
2025-12-10,18.35,13.07,24.95,0.0,78.66,101.41,Chattogram
2025-12-11,17.8,11.66,24.36,0.0,81.89,101.35,Chattogram
2025-12-12,19.01,13.17,25.28,0.0,75.21,101.32,Chattogram
2025-12-13,19.32,12.62,26.23,0.0,78.73,101.37,Chattogram
2025-12-14,19.44,13.52,26.11,0.0,79.96,101.42,Chattogram
2025-12-15,18.92,13.78,25.28,0.12,79.85,101.4,Chattogram
2025-12-16,18.94,13.85,24.59,7.57,77.05,101.35,Chattogram
2025-12-17,18.1,12.67,24.03,0.0,80.75,101.43,Chattogram
2025-12-18,20.08,14.09,26.3,0.0,79.22,101.4,Chattogram
2025-12-19,19.75,14.97,24.78,0.0,80.61,101.25,Chattogram
2025-12-20,19.57,14.69,24.6,0.0,78.95,101.24,Chattogram
2025-12-21,18.43,13.81,24.12,0.0,83.82,101.39,Chattogram
2025-12-22,18.28,13.39,24.44,0.0,84.03,101.31,Chattogram
2025-12-23,17.82,13.55,23.41,0.0,84.29,101.19,Chattogram
2025-12-24,16.99,12.78,23.2,0.0,86.25,101.23,Chattogram
2025-12-25,15.63,10.58,21.91,0.0,83.59,101.35,Chattogram
2025-12-26,15.3,9.34,22.31,0.0,83.27,101.33,Chattogram
2025-12-27,15.62,10.05,21.67,0.0,82.64,101.34,Chattogram
2025-12-28,15.56,10.23,21.95,0.0,85.78,101.42,Chattogram
2025-12-29,14.63,9.63,20.9,0.0,87.7,101.4,Chattogram
2025-12-30,13.91,9.11,20.2,0.02,88.74,101.3,Chattogram
2025-12-31,13.66,8.47,20.1,0.0,87.0,101.19,Chattogram
2021-12-01,21.17,15.02,27.28,0.0,76.08,101.33,Dhaka
2021-12-02,21.36,15.38,27.91,0.0,75.29,101.29,Dhaka
2021-12-03,21.89,15.95,27.47,0.03,79.77,101.42,Dhaka
2021-12-04,22.28,18.09,26.52,1.34,84.84,101.37,Dhaka
2021-12-05,21.67,19.57,24.26,7.33,92.19,101.39,Dhaka
2021-12-06,21.82,20.48,23.46,80.46,94.92,101.08,Dhaka
2021-12-07,22.07,18.86,26.16,14.31,88.58,101.16,Dhaka
2021-12-08,20.99,16.84,26.01,0.74,87.52,101.45,Dhaka
2021-12-09,21.28,16.5,26.5,0.67,82.79,101.58,Dhaka
2021-12-10,19.91,17.7,23.13,1.08,83.86,101.55,Dhaka
2021-12-11,18.82,15.01,24.56,1.54,81.46,101.6,Dhaka
2021-12-12,16.8,12.27,22.83,0.0,75.18,101.69,Dhaka
2021-12-13,16.82,10.91,23.14,0.0,77.36,101.55,Dhaka
2021-12-14,17.28,12.11,23.57,0.0,82.77,101.42,Dhaka
2021-12-15,17.01,12.12,22.75,0.0,83.12,101.4,Dhaka
2021-12-16,16.67,11.92,22.7,0.0,81.88,101.46,Dhaka
2021-12-17,16.94,10.7,23.53,0.0,79.82,101.44,Dhaka
2021-12-18,17.09,11.26,24.35,0.0,77.67,101.38,Dhaka
2021-12-19,16.22,12.13,22.44,0.0,84.73,101.48,Dhaka
2021-12-20,14.54,8.42,21.89,0.0,80.57,101.51,Dhaka
2021-12-21,16.5,10.3,22.71,0.0,83.48,101.38,Dhaka
2021-12-22,17.36,13.99,21.74,0.1,84.63,101.24,Dhaka
2021-12-23,17.86,13.13,23.69,0.04,77.05,101.25,Dhaka
2021-12-24,17.89,12.66,23.62,0.02,79.87,101.32,Dhaka
2021-12-25,18.53,13.43,23.8,0.0,73.17,101.39,Dhaka
2021-12-26,18.06,12.41,23.81,0.0,73.72,101.6,Dhaka
2021-12-27,18.12,13.44,23.17,0.0,71.86,101.68,Dhaka
2021-12-28,18.15,13.17,23.04,0.0,76.13,101.65,Dhaka
2021-12-29,17.51,12.85,23.3,0.0,80.0,101.65,Dhaka
2021-12-30,18.07,13.12,24.46,0.0,79.15,101.8,Dhaka
2021-12-31,17.35,12.1,24.02,0.0,82.09,101.83,Dhaka
2022-01-01,17.24,12.87,24.09,0.0,80.9,101.75,Dhaka
2022-01-02,16.89,11.22,23.37,0.0,81.38,101.6,Dhaka
2022-01-03,17.06,11.62,23.21,0.0,81.87,101.49,Dhaka
2022-01-04,16.71,11.18,23.29,0.0,80.82,101.57,Dhaka
2022-01-05,16.94,11.19,23.34,0.0,75.79,101.5,Dhaka
2022-01-06,17.71,11.47,24.36,0.0,75.92,101.44,Dhaka
2022-01-07,18.38,12.98,24.42,0.0,78.11,101.5,Dhaka
2022-01-08,18.49,13.05,25.22,0.0,82.23,101.48,Dhaka
2022-01-09,19.17,13.43,25.02,0.0,80.02,101.3,Dhaka
2022-01-10,19.75,14.47,25.59,0.0,80.95,101.33,Dhaka
2022-01-11,19.82,14.33,25.57,0.13,81.67,101.34,Dhaka
2022-01-12,19.63,16.12,24.13,3.73,85.06,101.32,Dhaka
2022-01-13,18.6,15.14,23.12,5.21,83.88,101.46,Dhaka
2022-01-14,17.21,12.62,21.8,0.39,76.62,101.51,Dhaka
2022-01-15,17.54,13.07,24.12,0.1,73.98,101.42,Dhaka
2022-01-16,16.81,11.57,23.35,0.04,77.77,101.61,Dhaka
2022-01-17,16.92,10.27,24.35,0.0,77.36,101.67,Dhaka
2022-01-18,17.16,11.81,24.19,0.0,79.84,101.44,Dhaka
2022-01-19,18.29,14.78,23.79,0.0,73.85,101.23,Dhaka
2022-01-20,17.32,13.43,22.39,0.0,79.31,101.0,Dhaka
2022-01-21,17.71,12.32,23.27,0.0,65.88,101.07,Dhaka
2022-01-22,18.52,12.29,24.18,0.0,63.86,100.99,Dhaka
2022-01-23,18.35,12.56,25.17,0.34,72.05,100.99,Dhaka
2022-01-24,17.57,14.49,22.05,4.92,85.13,101.04,Dhaka
2022-01-25,18.64,15.14,22.73,2.11,78.43,101.04,Dhaka
2022-01-26,18.59,13.3,24.07,1.74,75.78,101.13,Dhaka
2022-01-27,17.14,12.72,22.39,4.68,77.92,101.22,Dhaka
2022-01-28,14.42,9.21,20.86,0.51,72.14,101.43,Dhaka
2022-01-29,14.24,8.94,20.72,0.0,73.63,101.4,Dhaka
2022-01-30,15.06,9.01,21.82,0.0,70.88,101.15,Dhaka
2022-01-31,16.6,11.12,22.4,0.0,62.65,101.11,Dhaka
2022-02-01,17.11,10.93,23.4,0.15,74.44,100.93,Dhaka
2022-02-02,18.26,12.93,24.33,0.21,64.03,101.14,Dhaka
2022-02-03,18.08,11.8,25.19,0.16,70.99,101.19,Dhaka
2022-02-04,18.58,13.42,24.33,11.35,78.37,101.0,Dhaka
2022-02-05,17.04,11.75,22.38,12.49,75.77,101.03,Dhaka
2022-02-06,15.35,11.06,21.83,13.06,71.49,101.47,Dhaka
2022-02-07,14.95,9.09,21.7,0.0,70.15,101.45,Dhaka
2022-02-08,16.8,10.95,22.96,0.0,64.21,101.34,Dhaka
2022-02-09,18.14,11.26,24.18,0.0,62.3,101.42,Dhaka
2022-02-10,18.28,12.06,23.98,0.24,73.24,101.28,Dhaka
2022-02-11,18.29,13.48,24.41,0.23,73.48,101.25,Dhaka
2022-02-12,16.86,12.52,23.54,0.01,64.48,101.27,Dhaka
2022-02-13,16.95,9.88,25.0,0.0,66.85,101.12,Dhaka
2022-02-14,17.4,10.45,25.62,0.0,67.56,101.09,Dhaka
2022-02-15,18.13,11.51,25.75,0.0,63.0,101.04,Dhaka
2022-02-16,18.43,12.56,25.36,0.0,59.64,100.86,Dhaka
2022-02-17,18.94,11.91,25.98,0.0,55.72,100.88,Dhaka
2022-02-18,19.33,12.44,25.98,0.0,52.24,101.04,Dhaka
2022-02-19,19.47,13.9,26.55,0.0,52.18,101.08,Dhaka
2022-02-20,18.88,12.47,26.73,1.91,70.3,100.79,Dhaka
2022-02-21,19.32,12.96,26.41,1.83,69.12,100.85,Dhaka
2022-02-22,20.62,13.25,27.35,1.13,61.75,101.3,Dhaka
2022-02-23,21.77,15.3,28.25,0.06,63.46,101.5,Dhaka
2022-02-24,22.39,15.23,29.53,0.01,68.37,101.47,Dhaka
2022-02-25,22.5,17.17,28.66,1.96,72.65,101.45,Dhaka
2022-02-26,22.67,16.73,30.1,0.85,72.29,101.49,Dhaka
2022-02-27,23.31,16.66,29.53,0.0,60.6,101.39,Dhaka
2022-02-28,23.78,17.17,30.08,0.4,63.96,101.26,Dhaka
2022-03-01,23.24,17.11,30.36,0.09,58.92,101.38,Dhaka
2022-03-02,22.54,15.5,30.26,0.0,55.38,101.33,Dhaka
2022-03-03,23.25,15.91,30.96,0.0,51.88,101.28,Dhaka
2022-03-04,23.71,16.62,30.6,0.0,49.15,101.18,Dhaka
2022-03-05,23.86,16.47,31.55,0.0,52.32,101.06,Dhaka
2022-03-06,24.28,17.93,32.08,0.0,50.77,101.06,Dhaka
2022-03-07,24.58,16.4,33.88,0.0,54.25,101.02,Dhaka
2022-03-08,25.18,19.31,33.43,0.0,49.3,100.88,Dhaka
2022-03-09,25.26,18.84,33.67,0.0,51.2,100.89,Dhaka
2022-03-10,24.97,18.13,33.86,0.0,46.04,100.87,Dhaka
2022-03-11,25.07,18.23,33.23,0.0,46.16,100.83,Dhaka
2022-03-12,25.23,18.91,33.56,0.0,44.19,100.76,Dhaka
2022-03-13,25.46,18.15,33.94,0.0,47.45,100.81,Dhaka
2022-03-14,26.03,18.28,34.85,0.0,48.71,100.75,Dhaka
2022-03-15,26.84,19.0,35.36,0.0,45.58,100.52,Dhaka
2022-03-16,27.21,19.29,35.56,0.0,44.58,100.47,Dhaka
2022-03-17,28.08,19.02,35.98,0.0,48.54,100.63,Dhaka
2022-03-18,28.2,19.83,36.71,0.0,45.9,100.63,Dhaka
2022-03-19,28.08,19.69,37.03,0.0,46.59,100.45,Dhaka
2022-03-20,27.01,19.64,35.62,0.0,54.08,100.41,Dhaka
2022-03-21,26.6,18.05,35.95,0.0,56.86,100.55,Dhaka
2022-03-22,28.38,20.89,36.47,0.0,59.49,100.57,Dhaka
2022-03-23,29.83,22.47,37.89,0.0,48.92,100.5,Dhaka
2022-03-24,29.28,22.94,37.15,0.21,55.27,100.4,Dhaka
2022-03-25,28.81,23.04,36.18,0.63,67.92,100.47,Dhaka
2022-03-26,29.17,24.23,36.34,2.64,69.37,100.6,Dhaka
2022-03-27,28.92,23.39,35.76,1.31,67.59,100.83,Dhaka
2022-03-28,28.47,22.91,34.88,2.91,65.87,100.75,Dhaka
2022-03-29,28.18,23.76,34.47,6.09,70.44,100.62,Dhaka
2022-03-30,28.29,23.35,34.46,4.89,71.27,100.68,Dhaka
2022-03-31,29.58,24.18,36.44,1.21,67.78,100.67,Dhaka
2022-04-01,29.86,24.41,36.49,1.96,67.52,100.66,Dhaka
2022-04-02,29.43,24.72,35.57,2.94,67.86,100.88,Dhaka
2022-04-03,29.27,23.72,35.68,0.68,66.12,100.81,Dhaka
2022-04-04,29.71,24.12,37.25,1.29,63.43,100.79,Dhaka
2022-04-05,29.42,23.62,36.67,3.88,64.99,100.99,Dhaka
2022-04-06,29.55,23.35,36.54,2.32,65.61,101.02,Dhaka
2022-04-07,30.71,23.96,38.05,0.0,58.22,100.93,Dhaka
2022-04-08,30.65,23.47,38.1,0.0,49.45,100.72,Dhaka
2022-04-09,30.62,23.52,37.99,0.23,56.61,100.62,Dhaka
2022-04-10,30.56,23.95,37.96,3.43,60.51,100.54,Dhaka
2022-04-11,31.1,25.05,38.39,2.4,62.27,100.39,Dhaka
2022-04-12,30.78,25.39,37.22,3.42,64.45,100.44,Dhaka
2022-04-13,31.17,25.07,38.34,3.22,62.14,100.3,Dhaka
2022-04-14,31.2,25.54,38.95,1.64,62.01,100.12,Dhaka
2022-04-15,32.0,26.04,40.93,0.56,59.08,100.09,Dhaka
2022-04-16,30.88,25.48,37.36,1.05,66.46,100.19,Dhaka
2022-04-17,31.1,25.73,37.83,1.55,61.53,100.31,Dhaka
2022-04-18,31.2,24.86,38.49,1.87,61.57,100.53,Dhaka
2022-04-19,31.07,25.3,37.94,6.48,63.01,100.64,Dhaka
2022-04-20,28.85,25.11,34.08,13.63,69.95,100.68,Dhaka
2022-04-21,28.39,23.31,33.41,8.56,68.11,100.68,Dhaka
2022-04-22,29.79,25.05,36.11,7.62,67.83,100.62,Dhaka
2022-04-23,29.5,24.86,35.99,22.72,74.02,100.51,Dhaka
2022-04-24,30.51,24.92,38.17,12.45,69.77,100.29,Dhaka
2022-04-25,31.24,25.08,38.74,0.72,66.14,100.29,Dhaka
2022-04-26,31.51,25.69,38.88,2.21,66.83,100.35,Dhaka
2022-04-27,31.0,25.9,37.78,7.05,69.01,100.37,Dhaka
2022-04-28,31.63,25.55,38.82,0.59,64.57,100.47,Dhaka
2022-04-29,32.1,25.58,39.06,1.25,61.99,100.4,Dhaka
2022-04-30,31.26,26.03,38.14,3.3,64.42,100.39,Dhaka
2022-05-01,31.51,25.25,37.95,0.57,57.07,100.31,Dhaka
2022-05-02,31.03,25.61,37.78,1.82,58.1,100.35,Dhaka
2022-05-03,29.41,25.22,34.74,11.52,67.62,100.52,Dhaka
2022-05-04,28.3,23.99,33.91,12.6,72.1,100.68,Dhaka
2022-05-05,28.85,25.17,33.17,7.92,72.23,100.53,Dhaka
2022-05-06,29.45,24.24,34.5,13.67,69.08,100.49,Dhaka
2022-05-07,30.74,25.85,36.03,4.54,60.97,100.44,Dhaka
2022-05-08,30.63,24.97,36.74,1.97,62.8,100.39,Dhaka
2022-05-09,29.23,25.39,34.73,8.41,72.47,100.5,Dhaka
2022-05-10,27.94,24.84,32.48,18.99,82.0,100.5,Dhaka
2022-05-11,28.56,25.32,32.37,32.29,83.72,100.37,Dhaka
2022-05-12,29.44,26.15,33.79,17.57,80.9,100.26,Dhaka
2022-05-13,29.09,26.3,33.2,45.1,84.59,100.0,Dhaka
2022-05-14,29.52,26.29,34.41,22.6,83.8,100.04,Dhaka
2022-05-15,29.79,26.96,33.91,3.11,82.72,100.29,Dhaka
2022-05-16,28.94,26.69,32.21,2.85,86.06,100.27,Dhaka
2022-05-17,28.61,26.68,31.5,16.13,87.15,100.19,Dhaka
2022-05-18,27.65,26.09,30.04,19.02,86.83,100.33,Dhaka
2022-05-19,29.14,26.14,33.37,27.61,84.92,100.31,Dhaka
2022-05-20,28.54,26.17,31.88,27.51,86.26,100.17,Dhaka
2022-05-21,27.96,25.79,30.43,50.49,91.03,99.83,Dhaka
2022-05-22,28.42,25.26,31.71,12.27,84.68,99.78,Dhaka
2022-05-23,28.51,25.13,32.23,17.29,83.57,99.9,Dhaka
2022-05-24,29.11,24.7,33.11,4.35,80.43,100.21,Dhaka
2022-05-25,28.99,26.32,31.92,4.95,82.04,100.31,Dhaka
2022-05-26,28.74,25.31,32.06,16.71,80.74,100.21,Dhaka
2022-05-27,28.68,25.51,32.64,8.77,82.61,100.01,Dhaka
2022-05-28,28.79,25.02,32.89,6.64,81.84,99.96,Dhaka
2022-05-29,28.16,25.73,31.17,22.87,87.39,100.03,Dhaka
2022-05-30,27.53,25.41,30.02,16.89,89.3,100.05,Dhaka
2022-05-31,27.96,25.17,30.97,8.46,86.61,99.99,Dhaka
2022-06-01,28.1,25.69,30.97,6.48,88.54,100.03,Dhaka
2022-06-02,28.6,25.98,32.08,4.77,84.61,100.07,Dhaka
2022-06-03,28.09,26.35,30.55,8.43,89.68,100.05,Dhaka
2022-06-04,27.97,25.87,30.81,19.18,87.43,100.17,Dhaka
2022-06-05,28.22,25.67,31.53,7.71,87.2,100.22,Dhaka
2022-06-06,28.65,25.97,32.1,7.86,87.19,100.15,Dhaka
2022-06-07,29.02,26.22,32.41,16.08,86.04,100.06,Dhaka
2022-06-08,28.75,26.86,31.26,22.04,88.69,99.99,Dhaka
2022-06-09,28.39,26.72,30.46,34.68,92.1,99.99,Dhaka
2022-06-10,27.18,25.56,28.83,41.26,88.04,100.08,Dhaka
2022-06-11,28.11,25.23,31.51,0.82,88.55,100.06,Dhaka
2022-06-12,28.7,26.31,31.68,4.73,89.17,100.17,Dhaka
2022-06-13,29.15,26.72,32.07,7.96,89.72,100.22,Dhaka
2022-06-14,28.56,26.9,30.93,10.42,91.92,100.18,Dhaka
2022-06-15,27.86,26.74,29.35,7.5,93.02,100.22,Dhaka
2022-06-16,27.3,25.81,29.32,17.99,92.6,100.31,Dhaka
2022-06-17,27.17,25.8,28.93,49.39,93.91,100.34,Dhaka
2022-06-18,27.29,26.09,29.33,53.5,91.57,100.33,Dhaka
2022-06-19,26.88,25.87,28.31,26.07,93.35,100.23,Dhaka
2022-06-20,27.13,25.57,29.35,19.8,92.36,100.03,Dhaka
2022-06-21,26.97,25.23,28.96,14.53,92.45,99.95,Dhaka
2022-06-22,27.7,25.25,30.96,2.83,86.89,100.29,Dhaka
2022-06-23,27.94,25.16,31.5,14.93,89.49,100.36,Dhaka
2022-06-24,27.56,25.79,29.81,3.01,92.03,100.25,Dhaka
2022-06-25,27.97,25.46,31.07,3.26,89.47,100.12,Dhaka
2022-06-26,27.95,25.83,30.7,4.17,89.99,100.29,Dhaka
2022-06-27,28.47,25.51,31.77,2.48,87.83,100.37,Dhaka
2022-06-28,28.31,26.09,31.48,4.62,89.08,100.25,Dhaka
2022-06-29,28.0,25.99,30.05,8.25,90.47,100.14,Dhaka
2022-06-30,27.84,26.16,29.97,13.82,91.22,100.09,Dhaka
2022-07-01,28.58,25.86,32.02,4.55,88.95,99.97,Dhaka
2022-07-02,28.29,25.94,31.22,3.37,88.98,99.86,Dhaka
2022-07-03,28.29,25.78,31.7,6.55,89.58,99.93,Dhaka
2022-07-04,28.38,25.67,32.27,7.25,88.93,99.9,Dhaka
2022-07-05,28.73,25.53,32.31,0.92,87.29,99.97,Dhaka
2022-07-06,27.62,26.24,29.41,22.11,91.9,100.3,Dhaka
2022-07-07,28.14,25.45,31.11,2.01,88.85,100.36,Dhaka
2022-07-08,28.05,25.86,30.77,2.48,89.14,100.19,Dhaka
2022-07-09,27.76,25.29,30.66,1.0,88.64,100.07,Dhaka
2022-07-10,28.43,25.12,32.36,1.87,88.27,99.99,Dhaka
2022-07-11,27.83,25.68,30.76,3.1,89.44,100.11,Dhaka
2022-07-12,28.63,25.55,32.38,1.05,86.34,99.97,Dhaka
2022-07-13,29.11,26.38,32.52,1.65,86.69,99.77,Dhaka
2022-07-14,29.1,26.46,32.91,3.53,87.71,99.83,Dhaka
2022-07-15,28.91,26.57,32.15,10.59,87.7,100.04,Dhaka
2022-07-16,29.06,26.09,32.93,2.51,86.89,100.14,Dhaka
2022-07-17,29.15,26.48,32.68,6.41,87.25,100.29,Dhaka
2022-07-18,28.82,25.87,32.47,2.05,86.86,100.24,Dhaka
2022-07-19,28.61,26.43,31.65,4.75,88.09,100.1,Dhaka
2022-07-20,28.62,26.4,31.33,8.51,90.2,100.09,Dhaka
2022-07-21,28.73,26.63,32.02,3.11,87.33,100.2,Dhaka
2022-07-22,29.0,26.41,32.49,1.43,87.52,100.28,Dhaka
2022-07-23,28.0,26.13,30.86,14.77,90.21,100.3,Dhaka
2022-07-24,27.4,25.72,29.36,3.91,90.07,100.42,Dhaka
2022-07-25,27.02,25.4,28.83,13.61,87.2,100.69,Dhaka
2022-07-26,28.0,24.62,31.42,5.84,82.72,100.72,Dhaka
2022-07-27,28.56,25.33,31.82,2.91,83.98,100.6,Dhaka
2022-07-28,28.2,26.14,31.51,8.97,85.73,100.61,Dhaka
2022-07-29,27.84,25.62,30.62,10.41,83.11,100.51,Dhaka
2022-07-30,29.11,26.11,32.63,4.74,86.48,100.29,Dhaka
2022-07-31,28.41,26.53,30.87,8.34,87.97,100.13,Dhaka
2022-08-01,29.03,26.55,31.89,19.94,88.28,100.12,Dhaka
2022-08-02,29.49,26.64,32.67,9.14,85.52,100.1,Dhaka
2022-08-03,28.21,26.25,30.23,7.09,88.84,100.28,Dhaka
2022-08-04,28.95,25.76,32.43,18.46,84.51,100.28,Dhaka
2022-08-05,29.25,26.66,32.54,12.77,86.92,100.08,Dhaka
2022-08-06,28.64,26.35,31.66,26.35,88.57,99.93,Dhaka
2022-08-07,29.65,26.08,33.08,13.73,84.46,99.83,Dhaka
2022-08-08,28.03,26.21,29.97,7.72,90.62,99.81,Dhaka
2022-08-09,28.17,25.37,31.82,3.41,88.7,99.87,Dhaka
2022-08-10,27.58,25.66,29.97,1.53,90.86,99.91,Dhaka
2022-08-11,28.05,25.58,31.17,1.85,89.26,100.04,Dhaka
2022-08-12,28.87,25.31,32.74,1.0,85.36,99.95,Dhaka
2022-08-13,27.85,25.96,30.87,9.62,91.16,99.89,Dhaka
2022-08-14,27.63,25.69,30.71,17.9,89.06,100.25,Dhaka
2022-08-15,28.22,25.39,32.05,13.41,88.7,100.53,Dhaka
2022-08-16,28.96,25.55,32.55,3.77,85.46,100.42,Dhaka
2022-08-17,29.78,26.06,32.92,4.45,82.43,100.16,Dhaka
2022-08-18,30.37,27.31,33.25,3.89,81.56,99.84,Dhaka
2022-08-19,28.55,25.29,31.92,13.6,86.25,99.98,Dhaka
2022-08-20,28.07,25.62,31.77,21.35,87.84,100.17,Dhaka
2022-08-21,28.27,25.39,31.84,10.25,87.7,100.13,Dhaka
2022-08-22,28.96,25.97,32.52,1.68,85.66,100.07,Dhaka
2022-08-23,28.23,25.81,31.6,22.87,88.81,100.28,Dhaka
2022-08-24,27.91,25.48,31.61,5.51,87.84,100.47,Dhaka
2022-08-25,28.35,24.68,32.46,3.85,83.87,100.35,Dhaka
2022-08-26,28.61,26.12,32.51,0.85,87.04,100.17,Dhaka
2022-08-27,27.63,25.78,29.81,3.54,90.49,100.2,Dhaka
2022-08-28,27.88,25.58,31.06,6.99,88.09,100.47,Dhaka
2022-08-29,28.54,25.08,32.46,2.98,85.25,100.67,Dhaka
2022-08-30,29.07,25.83,32.56,6.41,80.51,100.69,Dhaka
2022-08-31,28.73,25.62,32.24,2.43,85.88,100.5,Dhaka
2022-09-01,27.33,25.71,29.49,9.67,86.93,100.63,Dhaka
2022-09-02,28.0,25.57,31.03,10.08,87.9,100.63,Dhaka
2022-09-03,28.88,26.02,32.14,23.78,88.34,100.32,Dhaka
2022-09-04,28.84,26.86,31.77,28.11,89.39,100.3,Dhaka
2022-09-05,28.46,26.87,30.89,12.91,90.41,100.39,Dhaka
2022-09-06,28.53,26.35,31.45,15.83,86.38,100.5,Dhaka
2022-09-07,28.6,25.44,31.47,8.98,84.5,100.61,Dhaka
2022-09-08,30.22,26.22,33.68,4.29,80.01,100.63,Dhaka
2022-09-09,28.83,26.85,31.77,16.36,86.09,100.61,Dhaka
2022-09-10,27.42,26.12,29.41,9.86,90.69,100.61,Dhaka
2022-09-11,27.18,25.87,29.59,19.42,90.13,100.51,Dhaka
2022-09-12,26.91,25.75,28.44,14.13,94.28,100.45,Dhaka
2022-09-13,27.1,25.78,29.12,39.0,94.06,100.56,Dhaka
2022-09-14,27.36,25.16,30.05,44.14,89.83,100.71,Dhaka
2022-09-15,27.74,25.32,30.71,25.95,90.18,100.47,Dhaka
2022-09-16,27.88,25.47,30.8,12.38,89.32,100.17,Dhaka
2022-09-17,28.5,25.43,32.43,1.94,86.38,100.2,Dhaka
2022-09-18,28.82,25.77,32.18,1.67,87.36,100.27,Dhaka
2022-09-19,27.99,25.97,31.45,15.07,89.28,100.42,Dhaka
2022-09-20,27.81,25.6,31.13,3.16,89.77,100.44,Dhaka
2022-09-21,27.69,25.41,30.55,3.35,90.34,100.49,Dhaka
2022-09-22,27.66,25.36,30.47,3.27,90.49,100.51,Dhaka
2022-09-23,27.68,25.23,30.51,2.46,88.96,100.51,Dhaka
2022-09-24,27.33,25.36,29.88,2.58,90.0,100.46,Dhaka
2022-09-25,27.98,24.41,31.11,6.24,84.21,100.53,Dhaka
2022-09-26,27.95,25.41,31.3,3.49,86.78,100.56,Dhaka
2022-09-27,27.39,25.2,30.1,13.3,90.77,100.44,Dhaka
2022-09-28,26.89,24.9,29.01,3.33,83.81,100.39,Dhaka
2022-09-29,28.33,24.36,32.05,1.33,80.72,100.35,Dhaka
2022-09-30,29.05,24.29,33.63,0.71,79.61,100.28,Dhaka
2022-10-01,29.24,25.63,32.86,7.12,82.48,100.19,Dhaka
2022-10-02,27.34,25.91,29.01,34.93,92.94,100.18,Dhaka
2022-10-03,26.62,25.54,27.89,21.14,94.55,100.44,Dhaka
2022-10-04,27.59,25.27,30.43,12.19,88.91,100.78,Dhaka
2022-10-05,27.44,24.7,30.23,10.22,89.32,100.88,Dhaka
2022-10-06,27.48,24.82,30.69,2.15,88.98,100.92,Dhaka
2022-10-07,28.02,24.67,31.84,2.09,80.96,100.87,Dhaka
2022-10-08,27.8,24.73,31.02,1.41,84.24,100.89,Dhaka
2022-10-09,27.24,24.6,30.22,6.19,89.28,101.03,Dhaka
2022-10-10,27.11,24.88,29.93,7.11,89.91,101.06,Dhaka
2022-10-11,27.08,24.87,30.31,12.47,91.66,100.89,Dhaka
2022-10-12,26.47,25.1,28.32,8.18,92.3,100.92,Dhaka
2022-10-13,26.74,24.24,29.8,8.06,89.07,100.92,Dhaka
2022-10-14,27.22,24.65,30.19,11.08,86.33,100.85,Dhaka
2022-10-15,26.5,23.2,30.45,1.38,86.21,100.82,Dhaka
2022-10-16,26.31,21.74,31.67,2.1,84.44,100.97,Dhaka
2022-10-17,26.94,22.48,31.97,1.04,83.76,100.98,Dhaka
2022-10-18,27.14,23.35,31.24,0.46,81.99,100.93,Dhaka
2022-10-19,26.32,22.44,30.1,0.13,83.33,100.93,Dhaka
2022-10-20,26.32,22.61,31.14,0.04,83.97,101.03,Dhaka
2022-10-21,26.47,21.92,30.99,0.0,83.4,101.14,Dhaka
2022-10-22,26.47,22.26,31.24,0.0,81.42,101.14,Dhaka
2022-10-23,24.71,22.35,27.2,14.51,89.84,101.03,Dhaka
2022-10-24,22.86,21.06,23.74,144.77,94.57,100.47,Dhaka
2022-10-25,23.39,20.4,27.09,12.64,87.14,100.54,Dhaka
2022-10-26,24.3,19.94,28.25,3.6,81.75,101.18,Dhaka
2022-10-27,24.19,20.07,28.83,0.0,77.0,101.15,Dhaka
2022-10-28,23.56,18.24,28.62,0.0,74.74,101.07,Dhaka
2022-10-29,24.31,19.35,28.86,0.08,73.48,101.06,Dhaka
2022-10-30,25.13,20.48,30.1,2.99,80.15,101.02,Dhaka
2022-10-31,26.1,21.98,30.59,0.04,84.25,101.08,Dhaka
2022-11-01,25.91,21.73,30.39,0.0,83.41,101.12,Dhaka
2022-11-02,25.4,21.93,29.65,0.0,85.2,100.98,Dhaka
2022-11-03,24.22,20.95,28.11,0.0,83.06,101.0,Dhaka
2022-11-04,24.06,18.99,28.84,0.0,75.7,101.19,Dhaka
2022-11-05,25.5,20.47,29.99,0.02,73.19,101.33,Dhaka
2022-11-06,25.32,21.73,29.63,3.08,73.59,101.32,Dhaka
2022-11-07,24.42,20.28,28.73,0.01,70.98,101.28,Dhaka
2022-11-08,23.92,18.8,28.59,0.0,69.41,101.29,Dhaka
2022-11-09,23.25,18.85,27.95,0.0,75.47,101.31,Dhaka
2022-11-10,23.2,18.13,27.8,0.0,74.32,101.3,Dhaka
2022-11-11,22.92,17.47,28.04,0.0,76.38,101.27,Dhaka
2022-11-12,23.37,18.84,28.17,0.0,76.38,101.2,Dhaka
2022-11-13,21.5,17.21,26.42,0.0,81.52,101.23,Dhaka
2022-11-14,21.61,15.76,26.96,0.04,75.01,101.23,Dhaka
2022-11-15,22.34,17.13,26.93,0.0,74.78,101.17,Dhaka
2022-11-16,22.38,17.5,27.17,0.0,77.89,101.06,Dhaka
2022-11-17,22.01,16.72,27.38,0.0,78.69,101.06,Dhaka
2022-11-18,21.05,15.62,26.24,0.0,77.25,101.21,Dhaka
2022-11-19,21.0,14.99,26.75,0.0,76.69,101.17,Dhaka
2022-11-20,22.2,15.67,28.23,0.07,74.56,101.03,Dhaka
2022-11-21,20.78,16.01,26.84,0.92,81.95,100.97,Dhaka
2022-11-22,19.88,14.41,26.37,0.0,83.44,101.04,Dhaka
2022-11-23,19.97,15.07,26.14,0.0,85.49,101.06,Dhaka
2022-11-24,20.46,14.54,26.97,0.0,83.27,101.08,Dhaka
2022-11-25,21.69,15.84,27.68,0.0,78.53,101.16,Dhaka
2022-11-26,21.86,16.19,27.29,0.0,74.1,101.01,Dhaka
2022-11-27,21.65,15.91,26.76,0.0,73.29,100.86,Dhaka
2022-11-28,21.21,15.26,27.32,0.0,77.4,100.95,Dhaka
2022-11-29,22.29,16.77,28.98,0.0,76.56,101.07,Dhaka
2022-11-30,22.14,18.0,28.54,0.0,78.74,101.15,Dhaka
2022-12-01,20.71,15.08,27.69,0.0,81.91,101.11,Dhaka
2022-12-02,20.22,14.89,26.86,0.0,84.02,101.11,Dhaka
2022-12-03,20.18,14.44,26.33,0.0,81.1,101.14,Dhaka
2022-12-04,20.46,14.53,26.77,0.0,77.46,101.19,Dhaka
2022-12-05,20.51,14.66,27.03,0.0,80.45,101.26,Dhaka
2022-12-06,20.27,14.72,26.79,0.0,81.58,101.14,Dhaka
2022-12-07,19.7,14.46,26.17,0.0,82.31,101.14,Dhaka
2022-12-08,20.11,14.37,26.29,0.0,78.79,101.16,Dhaka
2022-12-09,20.49,15.36,25.46,0.0,72.31,101.15,Dhaka
2022-12-10,20.73,15.34,26.13,0.0,68.68,101.15,Dhaka
2022-12-11,19.89,14.9,26.36,0.0,76.13,101.19,Dhaka
2022-12-12,19.27,13.98,25.55,0.0,77.3,101.17,Dhaka
2022-12-13,19.25,13.57,24.98,0.0,76.24,101.19,Dhaka
2022-12-14,19.51,13.88,24.99,0.0,76.53,101.21,Dhaka
2022-12-15,18.71,13.49,25.14,0.0,76.25,101.12,Dhaka
2022-12-16,17.6,12.56,24.53,0.0,77.78,101.12,Dhaka
2022-12-17,18.72,12.48,25.33,0.0,75.04,101.21,Dhaka
2022-12-18,19.58,13.72,25.23,0.0,71.02,101.22,Dhaka
2022-12-19,20.02,15.37,25.61,0.0,66.7,101.07,Dhaka
2022-12-20,19.99,14.76,25.79,0.0,72.95,101.06,Dhaka
2022-12-21,19.0,14.19,25.28,0.0,79.27,101.12,Dhaka
2022-12-22,19.14,13.92,25.8,0.0,74.99,101.08,Dhaka
2022-12-23,18.33,12.51,25.64,0.0,69.09,101.15,Dhaka
2022-12-24,18.68,12.46,25.5,0.0,61.47,101.18,Dhaka
2022-12-25,19.74,14.87,25.26,0.08,64.87,101.29,Dhaka
2022-12-26,20.57,15.36,26.58,0.31,73.14,101.42,Dhaka
2022-12-27,20.57,16.42,25.9,6.78,80.49,101.33,Dhaka
2022-12-28,18.13,13.01,24.01,0.97,80.16,101.49,Dhaka
2022-12-29,15.79,9.97,23.38,0.0,70.79,101.67,Dhaka
2022-12-30,16.84,11.87,22.75,0.0,67.63,101.71,Dhaka
2022-12-31,16.94,10.54,23.08,0.0,70.37,101.69,Dhaka
2023-01-01,16.74,11.38,23.21,0.0,73.99,101.78,Dhaka
2023-01-02,17.14,11.38,23.72,0.0,72.81,101.77,Dhaka
2023-01-03,16.93,11.91,23.97,0.0,77.01,101.75,Dhaka
2023-01-04,15.86,10.49,23.04,0.0,80.78,101.72,Dhaka
2023-01-05,15.93,9.79,23.89,0.0,78.54,101.78,Dhaka
2023-01-06,16.3,9.78,24.64,0.03,78.24,101.75,Dhaka
2023-01-07,17.1,10.27,25.15,0.0,79.76,101.59,Dhaka
2023-01-08,17.98,10.81,26.41,0.0,75.84,101.52,Dhaka
2023-01-09,18.62,12.03,26.91,0.0,73.05,101.59,Dhaka
2023-01-10,18.53,12.3,26.95,0.0,71.19,101.44,Dhaka
2023-01-11,17.0,10.81,24.85,0.0,67.41,101.31,Dhaka
2023-01-12,16.02,9.74,23.29,0.0,67.29,101.15,Dhaka
2023-01-13,17.87,10.57,24.83,0.0,61.69,101.23,Dhaka
2023-01-14,18.62,11.83,25.5,0.0,69.78,101.15,Dhaka
2023-01-15,18.46,14.44,24.93,0.0,73.58,101.17,Dhaka
2023-01-16,17.22,11.79,24.16,0.0,70.39,101.33,Dhaka
2023-01-17,16.37,10.67,23.74,0.0,69.68,101.44,Dhaka
2023-01-18,15.62,9.7,22.78,0.0,63.02,101.63,Dhaka
2023-01-19,14.99,8.88,22.55,0.0,61.4,101.64,Dhaka
2023-01-20,15.66,9.89,23.05,0.0,63.48,101.53,Dhaka
2023-01-21,17.03,9.89,24.28,9.44,66.06,101.38,Dhaka
2023-01-22,17.88,10.69,25.16,0.0,63.02,101.35,Dhaka
2023-01-23,18.58,11.3,25.92,0.0,68.56,101.29,Dhaka
2023-01-24,19.39,12.61,27.56,0.0,69.04,101.32,Dhaka
2023-01-25,20.27,13.1,27.68,0.0,66.98,101.28,Dhaka
2023-01-26,21.03,14.37,28.12,0.0,66.96,101.18,Dhaka
2023-01-27,21.22,15.15,27.76,0.0,70.82,101.22,Dhaka
2023-01-28,21.01,15.56,27.69,0.0,71.98,101.19,Dhaka
2023-01-29,19.89,13.28,27.42,0.0,68.0,101.26,Dhaka
2023-01-30,20.93,13.73,29.16,0.0,66.14,101.33,Dhaka
2023-01-31,21.6,16.29,28.29,0.0,69.72,101.11,Dhaka
2023-02-01,21.06,16.09,27.61,0.0,61.41,101.1,Dhaka
2023-02-02,18.55,11.25,26.79,0.0,57.11,101.25,Dhaka
2023-02-03,18.62,11.44,27.23,0.0,62.69,101.15,Dhaka
2023-02-04,18.95,11.96,26.47,0.0,61.52,101.05,Dhaka
2023-02-05,19.93,14.87,27.06,0.0,51.8,101.04,Dhaka
2023-02-06,21.01,15.17,27.63,0.0,46.34,101.06,Dhaka
2023-02-07,20.88,13.3,28.14,0.0,53.29,100.98,Dhaka
2023-02-08,21.67,14.84,29.41,0.0,72.01,101.03,Dhaka
2023-02-09,21.89,16.52,29.04,0.0,69.58,101.11,Dhaka
2023-02-10,21.15,14.86,28.38,0.0,57.04,101.16,Dhaka
2023-02-11,21.87,13.81,29.59,0.0,49.84,101.08,Dhaka
2023-02-12,21.96,15.14,30.03,0.0,62.94,101.05,Dhaka
2023-02-13,19.42,11.58,27.89,0.0,41.8,101.21,Dhaka
2023-02-14,19.71,12.18,28.48,0.0,40.32,101.23,Dhaka
2023-02-15,20.07,14.21,27.37,0.0,42.87,101.1,Dhaka
2023-02-16,21.53,14.83,29.05,0.0,41.65,101.21,Dhaka
2023-02-17,22.16,15.6,29.23,0.0,49.84,101.37,Dhaka
2023-02-18,23.17,16.62,29.39,0.0,51.3,101.35,Dhaka
2023-02-19,23.81,17.24,29.96,0.0,49.94,101.24,Dhaka
2023-02-20,24.36,17.74,30.21,0.0,55.6,101.13,Dhaka
2023-02-21,24.6,19.36,30.96,0.0,65.66,101.11,Dhaka
2023-02-22,25.3,19.32,33.27,0.17,69.86,100.97,Dhaka
2023-02-23,25.11,20.05,32.68,1.39,69.33,101.03,Dhaka
2023-02-24,24.76,19.05,31.94,1.48,68.2,101.19,Dhaka
2023-02-25,24.53,18.36,32.44,0.46,54.61,101.46,Dhaka
2023-02-26,24.74,16.63,33.22,1.02,42.66,101.55,Dhaka
2023-02-27,24.75,18.41,32.98,0.0,39.46,101.48,Dhaka
2023-02-28,24.03,16.95,32.72,0.0,43.83,101.51,Dhaka
2023-03-01,23.99,15.85,32.65,0.0,47.14,101.55,Dhaka
2023-03-02,25.39,18.05,33.08,0.0,45.87,101.51,Dhaka
2023-03-03,25.88,19.48,33.88,0.0,42.69,101.49,Dhaka
2023-03-04,27.26,19.2,34.78,0.0,39.86,101.43,Dhaka
2023-03-05,27.19,19.48,34.8,0.0,42.32,101.3,Dhaka
2023-03-06,27.65,19.98,35.16,0.0,37.93,101.2,Dhaka
2023-03-07,26.71,19.77,35.04,0.0,37.12,101.26,Dhaka
2023-03-08,26.51,19.37,34.72,0.0,36.72,101.35,Dhaka
2023-03-09,26.89,19.87,33.81,0.0,41.27,101.25,Dhaka
2023-03-10,25.39,19.57,30.99,0.0,43.35,101.26,Dhaka
2023-03-11,27.37,19.72,35.22,0.0,40.76,101.24,Dhaka
2023-03-12,27.26,19.66,36.15,0.02,41.58,101.17,Dhaka
2023-03-13,27.83,20.03,36.12,0.02,40.27,101.0,Dhaka
2023-03-14,28.11,22.11,34.77,0.05,40.97,100.83,Dhaka
2023-03-15,27.27,21.57,34.7,1.54,58.81,100.81,Dhaka
2023-03-16,25.75,20.82,33.63,4.39,69.33,101.08,Dhaka
2023-03-17,24.96,21.11,30.14,1.34,67.36,101.15,Dhaka
2023-03-18,25.72,20.45,32.75,6.5,63.58,100.98,Dhaka
2023-03-19,23.59,20.97,27.75,11.74,77.2,100.91,Dhaka
2023-03-20,23.12,19.91,27.08,11.62,78.96,100.8,Dhaka
2023-03-21,24.28,19.39,29.31,14.17,72.82,100.79,Dhaka
2023-03-22,24.91,19.71,30.48,7.9,68.3,100.7,Dhaka
2023-03-23,25.44,20.17,31.43,1.43,66.18,100.69,Dhaka
2023-03-24,25.64,19.38,32.23,2.15,67.31,100.88,Dhaka
2023-03-25,26.23,20.04,32.67,7.0,66.08,100.92,Dhaka
2023-03-26,27.47,21.02,34.4,3.04,66.39,100.7,Dhaka
2023-03-27,27.65,21.81,34.17,2.33,64.88,100.69,Dhaka
2023-03-28,27.83,22.02,34.31,1.73,64.51,100.76,Dhaka
2023-03-29,26.92,21.81,32.53,13.0,70.47,100.92,Dhaka
2023-03-30,26.26,21.01,31.3,11.5,71.76,100.8,Dhaka
2023-03-31,25.54,21.9,30.24,29.0,81.0,100.81,Dhaka
2023-04-01,23.99,21.28,26.93,41.44,86.11,100.74,Dhaka
2023-04-02,24.91,20.49,30.07,8.11,75.31,100.58,Dhaka
2023-04-03,25.89,20.7,31.63,6.02,72.5,100.58,Dhaka
2023-04-04,27.3,22.12,33.45,2.32,72.67,100.63,Dhaka
2023-04-05,27.87,23.03,33.81,2.72,77.0,100.58,Dhaka
2023-04-06,28.24,22.49,34.03,1.3,66.71,100.85,Dhaka
2023-04-07,28.52,20.45,35.37,2.3,56.14,101.01,Dhaka
2023-04-08,29.4,21.85,36.29,0.0,49.12,101.12,Dhaka
2023-04-09,29.64,23.27,36.16,0.84,47.7,101.02,Dhaka
2023-04-10,29.54,21.71,36.29,3.36,51.42,100.86,Dhaka
2023-04-11,29.71,22.7,36.97,0.0,56.57,100.83,Dhaka
2023-04-12,30.07,22.04,37.52,0.0,53.09,100.72,Dhaka
2023-04-13,29.97,21.77,37.95,0.0,46.98,100.64,Dhaka
2023-04-14,30.8,22.43,38.91,0.0,58.1,100.62,Dhaka
2023-04-15,31.16,24.05,39.3,0.0,55.57,100.58,Dhaka
2023-04-16,31.06,24.17,38.94,0.0,56.8,100.42,Dhaka
2023-04-17,30.99,24.25,38.69,0.0,65.94,100.51,Dhaka
2023-04-18,31.47,25.49,38.89,0.0,65.96,100.63,Dhaka
2023-04-19,31.2,25.44,38.68,0.05,66.43,100.28,Dhaka
2023-04-20,31.45,25.62,39.39,0.89,65.7,100.02,Dhaka
2023-04-21,30.93,25.32,38.32,4.32,67.84,100.11,Dhaka
2023-04-22,30.14,24.33,37.31,2.76,63.12,100.28,Dhaka
2023-04-23,27.74,23.86,32.39,5.57,71.35,100.63,Dhaka
2023-04-24,28.8,22.56,34.92,0.04,58.43,100.91,Dhaka
2023-04-25,29.27,22.86,35.71,0.28,55.96,100.85,Dhaka
2023-04-26,30.16,22.71,36.6,0.02,50.01,100.67,Dhaka
2023-04-27,30.99,23.91,37.02,0.16,50.04,100.67,Dhaka
2023-04-28,29.58,23.53,35.48,7.59,55.88,100.74,Dhaka
2023-04-29,29.93,24.17,35.54,6.73,60.31,100.65,Dhaka
2023-04-30,29.2,24.33,34.38,8.71,64.36,100.59,Dhaka
2023-05-01,28.53,24.23,33.4,1.43,64.46,100.69,Dhaka
2023-05-02,29.56,23.9,35.6,0.4,58.38,100.78,Dhaka
2023-05-03,29.7,24.21,35.41,3.85,59.44,100.81,Dhaka
2023-05-04,28.67,24.69,33.66,18.86,71.17,100.73,Dhaka
2023-05-05,28.57,23.73,32.96,15.12,73.06,100.44,Dhaka
2023-05-06,29.7,24.95,34.99,3.41,68.99,100.32,Dhaka
2023-05-07,30.46,24.72,36.61,6.24,62.45,100.33,Dhaka
2023-05-08,31.26,24.11,38.83,0.0,51.55,100.28,Dhaka
2023-05-09,31.74,24.36,39.12,0.0,49.89,100.26,Dhaka
2023-05-10,32.05,24.99,39.35,0.04,59.52,100.34,Dhaka
2023-05-11,31.92,26.44,38.05,1.57,61.73,100.54,Dhaka
2023-05-12,30.92,26.02,35.85,8.38,62.01,100.56,Dhaka
2023-05-13,31.25,25.5,37.89,0.08,57.86,100.41,Dhaka
2023-05-14,29.27,24.68,35.28,0.11,60.18,100.02,Dhaka
2023-05-15,29.63,23.32,36.48,0.3,57.31,100.19,Dhaka
2023-05-16,30.4,25.46,36.65,10.12,68.32,100.44,Dhaka
2023-05-17,28.96,25.58,33.62,28.32,80.97,100.7,Dhaka
2023-05-18,28.17,25.6,32.13,50.34,85.14,100.78,Dhaka
2023-05-19,28.07,24.71,32.29,11.49,84.03,100.56,Dhaka
2023-05-20,29.1,25.78,34.1,4.07,80.04,100.47,Dhaka
2023-05-21,28.71,24.98,33.17,10.55,80.62,100.63,Dhaka
2023-05-22,28.34,25.69,31.54,22.85,85.26,100.68,Dhaka
2023-05-23,27.86,25.63,30.72,25.04,88.33,100.66,Dhaka
2023-05-24,27.16,24.06,30.9,42.13,86.04,100.58,Dhaka
2023-05-25,27.23,22.89,31.32,4.83,84.84,100.5,Dhaka
2023-05-26,28.37,25.49,31.77,9.41,83.06,100.56,Dhaka
2023-05-27,28.17,25.23,31.68,10.67,82.52,100.5,Dhaka
2023-05-28,28.81,24.18,32.75,10.46,74.91,100.57,Dhaka
2023-05-29,29.78,25.33,33.85,0.27,70.47,100.66,Dhaka
2023-05-30,30.94,26.06,35.2,0.0,66.88,100.56,Dhaka
2023-05-31,31.69,27.1,35.63,0.0,69.61,100.33,Dhaka
2023-06-01,30.41,27.52,34.03,0.04,79.51,100.21,Dhaka
2023-06-02,30.3,27.05,34.42,0.27,79.94,100.24,Dhaka
2023-06-03,30.21,26.71,34.52,1.78,80.24,100.35,Dhaka
2023-06-04,30.18,26.51,34.21,0.34,79.44,100.34,Dhaka
2023-06-05,30.19,25.65,33.58,0.1,75.97,100.21,Dhaka
2023-06-06,30.45,26.31,34.33,0.0,74.13,100.11,Dhaka
2023-06-07,30.98,26.25,35.67,0.21,75.45,100.06,Dhaka
2023-06-08,30.94,26.93,34.66,5.78,72.69,100.02,Dhaka
2023-06-09,28.78,26.8,30.86,39.21,83.47,99.94,Dhaka
2023-06-10,29.42,25.63,33.48,22.33,80.7,99.84,Dhaka
2023-06-11,29.45,26.41,33.47,11.28,84.54,99.8,Dhaka
2023-06-12,28.43,26.51,30.87,16.6,90.67,99.86,Dhaka
2023-06-13,29.48,26.25,33.43,14.06,86.82,99.81,Dhaka
2023-06-14,29.11,27.48,31.74,14.9,90.01,99.81,Dhaka
2023-06-15,28.98,27.35,31.8,21.88,90.51,99.81,Dhaka
2023-06-16,29.21,27.17,32.81,35.34,89.14,99.93,Dhaka
2023-06-17,28.86,26.91,31.52,24.24,91.77,100.08,Dhaka
2023-06-18,28.72,26.79,31.11,28.42,91.39,100.21,Dhaka
2023-06-19,28.24,26.72,30.45,26.08,92.15,100.17,Dhaka
2023-06-20,28.5,26.16,31.22,10.98,89.46,100.15,Dhaka
2023-06-21,28.37,26.83,30.2,13.68,93.47,100.22,Dhaka
2023-06-22,28.02,26.3,30.2,6.29,90.34,100.29,Dhaka
2023-06-23,28.64,25.36,32.37,4.96,86.87,100.2,Dhaka
2023-06-24,28.69,25.96,32.73,9.31,87.46,100.09,Dhaka
2023-06-25,28.26,24.86,32.09,2.49,86.68,100.17,Dhaka
2023-06-26,28.0,25.52,31.37,4.75,87.93,100.19,Dhaka
2023-06-27,27.98,26.02,30.64,22.8,90.4,100.22,Dhaka
2023-06-28,28.21,25.96,31.14,38.24,89.81,100.41,Dhaka
2023-06-29,28.31,26.49,30.63,44.4,90.84,100.4,Dhaka
2023-06-30,28.33,26.32,30.91,33.16,91.41,100.28,Dhaka
2023-07-01,29.28,26.59,32.22,57.04,88.55,100.27,Dhaka
2023-07-02,28.7,26.83,31.28,37.61,91.02,100.21,Dhaka
2023-07-03,29.2,27.1,31.9,17.73,89.87,100.22,Dhaka
2023-07-04,29.55,27.15,32.72,2.89,86.98,100.14,Dhaka
2023-07-05,29.28,26.42,32.64,23.56,87.87,100.06,Dhaka
2023-07-06,28.53,26.5,31.73,11.03,90.62,100.19,Dhaka
2023-07-07,28.44,26.87,30.89,16.86,92.08,100.39,Dhaka
2023-07-08,28.4,26.56,30.63,7.55,90.11,100.43,Dhaka
2023-07-09,29.02,26.02,32.35,3.68,87.49,100.32,Dhaka
2023-07-10,29.23,26.8,32.34,4.47,88.9,100.28,Dhaka
2023-07-11,28.93,26.55,32.14,7.01,89.31,100.29,Dhaka
2023-07-12,28.17,25.84,30.8,5.01,89.38,100.34,Dhaka
2023-07-13,28.37,26.61,30.85,5.29,91.3,100.33,Dhaka
2023-07-14,28.55,26.24,31.47,24.34,90.24,100.23,Dhaka
2023-07-15,28.56,26.17,31.89,6.39,88.99,100.1,Dhaka
2023-07-16,27.95,24.78,31.45,4.13,90.7,100.07,Dhaka
2023-07-17,28.0,26.1,30.27,4.5,91.27,100.05,Dhaka
2023-07-18,28.87,25.99,32.2,1.96,87.96,100.04,Dhaka
2023-07-19,29.19,26.22,32.76,4.54,88.05,99.96,Dhaka
2023-07-20,29.11,26.57,32.23,1.55,88.49,99.97,Dhaka
2023-07-21,29.14,26.75,32.05,2.62,84.65,100.23,Dhaka
2023-07-22,28.73,26.94,30.83,5.27,88.86,100.53,Dhaka
2023-07-23,29.23,26.45,32.3,2.78,87.1,100.47,Dhaka
2023-07-24,29.84,26.92,33.17,0.78,84.86,100.27,Dhaka
2023-07-25,29.17,26.9,31.48,1.84,84.86,100.32,Dhaka
2023-07-26,28.68,26.11,31.41,6.51,89.27,100.36,Dhaka
2023-07-27,29.24,26.33,33.09,5.59,87.86,100.25,Dhaka
2023-07-28,29.24,26.64,32.99,8.32,87.54,99.98,Dhaka
2023-07-29,29.34,26.34,33.08,8.32,87.52,99.88,Dhaka
2023-07-30,30.09,26.08,33.38,0.66,83.04,99.7,Dhaka
2023-07-31,31.56,28.11,34.83,5.33,76.9,99.57,Dhaka
2023-08-01,30.51,27.53,34.39,21.15,83.75,99.44,Dhaka
2023-08-02,28.64,26.34,32.29,8.42,89.06,99.67,Dhaka
2023-08-03,28.74,26.2,32.02,10.99,90.02,99.88,Dhaka
2023-08-04,28.71,26.61,31.42,20.78,89.39,100.17,Dhaka
2023-08-05,28.55,25.98,31.41,10.39,88.69,100.24,Dhaka
2023-08-06,28.15,26.54,30.39,42.3,90.41,99.94,Dhaka
2023-08-07,28.66,26.97,31.69,66.88,91.61,99.58,Dhaka
2023-08-08,28.3,26.79,30.6,41.08,91.2,99.77,Dhaka
2023-08-09,28.35,25.97,31.44,21.71,90.52,100.19,Dhaka
2023-08-10,28.37,26.24,31.28,4.22,88.87,100.34,Dhaka
2023-08-11,28.22,26.18,30.78,20.74,90.68,100.29,Dhaka
2023-08-12,28.01,26.57,30.66,25.47,92.37,100.1,Dhaka
2023-08-13,27.75,26.04,30.28,34.89,85.67,100.18,Dhaka
2023-08-14,28.09,24.59,31.67,7.03,82.28,100.28,Dhaka
2023-08-15,28.94,25.74,32.55,15.22,86.55,100.26,Dhaka
2023-08-16,29.3,26.86,32.13,23.9,88.58,100.23,Dhaka
2023-08-17,28.84,26.67,31.34,10.46,88.46,100.19,Dhaka
2023-08-18,28.68,26.53,32.11,2.93,89.75,100.24,Dhaka
2023-08-19,28.3,25.8,31.55,4.97,91.04,100.37,Dhaka
2023-08-20,28.74,25.77,32.1,1.91,88.22,100.41,Dhaka
2023-08-21,28.21,26.5,30.73,2.69,89.64,100.32,Dhaka
2023-08-22,27.84,26.56,29.78,6.2,92.54,100.32,Dhaka
2023-08-23,28.19,26.14,31.06,15.1,89.94,100.24,Dhaka
2023-08-24,28.16,26.36,30.23,18.28,91.84,100.0,Dhaka
2023-08-25,28.26,26.4,30.99,8.64,90.85,99.96,Dhaka
2023-08-26,28.45,26.2,31.55,29.84,90.45,100.03,Dhaka
2023-08-27,28.69,26.51,31.65,12.98,89.86,100.0,Dhaka
2023-08-28,29.38,26.82,32.63,8.19,87.29,100.05,Dhaka
2023-08-29,29.79,26.42,33.16,2.62,81.42,100.18,Dhaka
2023-08-30,29.76,25.67,33.25,0.33,79.26,100.29,Dhaka
2023-08-31,29.36,26.3,32.29,3.85,82.14,100.39,Dhaka
2023-09-01,29.38,26.85,32.9,5.62,85.87,100.39,Dhaka
2023-09-02,29.96,26.56,33.41,8.73,83.94,100.26,Dhaka
2023-09-03,28.73,26.42,31.33,23.51,90.1,100.08,Dhaka
2023-09-04,27.66,25.58,29.74,26.27,89.88,100.11,Dhaka
2023-09-05,29.37,25.42,33.26,13.97,85.42,100.12,Dhaka
2023-09-06,29.23,26.72,32.45,2.12,87.64,100.25,Dhaka
2023-09-07,28.25,25.82,31.22,18.44,90.02,100.35,Dhaka
2023-09-08,27.63,26.55,29.22,12.72,93.81,100.47,Dhaka
2023-09-09,28.88,25.93,31.92,0.83,86.14,100.42,Dhaka
2023-09-10,29.15,25.98,32.36,4.88,86.33,100.19,Dhaka
2023-09-11,29.03,25.93,32.27,4.55,83.37,100.11,Dhaka
2023-09-12,29.12,26.17,32.09,22.54,87.09,100.13,Dhaka
2023-09-13,28.33,26.34,30.88,5.8,88.93,100.19,Dhaka
2023-09-14,27.91,26.23,30.82,3.62,90.95,100.35,Dhaka
2023-09-15,28.12,26.06,31.23,1.8,89.89,100.5,Dhaka
2023-09-16,28.65,24.99,31.99,0.59,85.83,100.44,Dhaka
2023-09-17,29.89,26.36,33.5,0.9,82.07,100.23,Dhaka
2023-09-18,28.16,26.63,30.54,15.42,89.89,100.25,Dhaka
2023-09-19,27.77,25.87,30.4,17.54,90.76,100.47,Dhaka
2023-09-20,27.56,25.91,29.91,14.88,93.17,100.54,Dhaka
2023-09-21,27.48,26.28,29.42,26.17,94.38,100.65,Dhaka
2023-09-22,27.69,25.88,30.3,23.32,91.98,100.67,Dhaka
2023-09-23,27.9,25.65,31.06,16.07,90.81,100.66,Dhaka
2023-09-24,27.87,25.63,30.68,9.71,90.69,100.54,Dhaka
2023-09-25,28.36,25.91,31.38,8.5,89.53,100.51,Dhaka
2023-09-26,29.43,26.57,32.94,11.62,81.28,100.52,Dhaka
2023-09-27,28.62,26.12,31.09,7.32,83.13,100.47,Dhaka
2023-09-28,29.19,25.21,32.8,0.25,84.38,100.33,Dhaka
2023-09-29,28.48,26.63,30.89,3.92,91.82,100.28,Dhaka
2023-09-30,28.03,26.36,30.52,7.32,90.96,100.36,Dhaka
2023-10-01,27.96,25.86,30.89,5.26,90.34,100.33,Dhaka
2023-10-02,27.42,25.15,30.01,4.29,92.82,100.46,Dhaka
2023-10-03,27.66,25.45,30.8,10.21,91.05,100.54,Dhaka
2023-10-04,26.77,25.38,28.68,18.44,93.54,100.63,Dhaka
2023-10-05,26.97,25.76,28.55,59.59,95.67,100.46,Dhaka
2023-10-06,27.4,26.07,29.61,99.25,92.4,100.35,Dhaka
2023-10-07,27.94,25.65,31.18,24.04,91.65,100.48,Dhaka
2023-10-08,28.57,25.87,31.79,3.25,87.53,100.64,Dhaka
2023-10-09,28.34,25.71,31.53,4.91,89.4,100.77,Dhaka
2023-10-10,28.93,25.94,32.07,0.92,78.98,100.83,Dhaka
2023-10-11,28.58,25.4,31.82,2.28,79.97,100.81,Dhaka
2023-10-12,28.65,25.61,31.54,2.86,76.83,100.98,Dhaka
2023-10-13,28.27,24.66,31.14,7.11,70.52,101.11,Dhaka
2023-10-14,27.35,23.71,30.73,0.93,71.3,101.04,Dhaka
2023-10-15,27.17,23.33,31.73,0.05,74.79,100.89,Dhaka
2023-10-16,26.68,22.4,30.81,0.01,78.43,101.0,Dhaka
2023-10-17,26.69,22.08,31.13,0.15,71.69,101.05,Dhaka
2023-10-18,26.07,21.84,30.01,1.83,76.7,101.13,Dhaka
2023-10-19,25.32,21.45,29.25,0.3,84.02,101.18,Dhaka
2023-10-20,24.81,20.54,29.52,0.0,84.75,101.24,Dhaka
2023-10-21,25.17,19.99,30.23,0.0,77.12,101.25,Dhaka
2023-10-22,25.16,20.89,29.36,0.58,74.11,101.24,Dhaka
2023-10-23,25.76,22.84,30.07,2.36,81.94,101.17,Dhaka
2023-10-24,24.9,22.92,28.29,12.21,90.28,101.03,Dhaka
2023-10-25,25.81,22.0,29.8,3.3,85.15,101.0,Dhaka
2023-10-26,26.04,22.69,29.72,3.82,82.22,101.11,Dhaka
2023-10-27,24.97,21.33,29.13,1.51,82.59,101.12,Dhaka
2023-10-28,23.59,19.48,28.79,0.0,79.87,101.18,Dhaka
2023-10-29,23.74,18.69,28.89,0.0,75.24,101.16,Dhaka
2023-10-30,25.1,20.65,29.35,0.0,73.27,101.21,Dhaka
2023-10-31,25.33,20.22,29.65,0.0,78.17,101.32,Dhaka
2023-11-01,24.98,20.06,30.42,0.0,79.02,101.3,Dhaka
2023-11-02,24.91,20.58,29.72,0.0,82.35,101.2,Dhaka
2023-11-03,24.9,21.25,28.62,0.0,81.05,101.04,Dhaka
2023-11-04,25.31,20.5,29.39,0.0,74.1,101.03,Dhaka
2023-11-05,24.22,20.45,28.23,0.65,80.51,101.23,Dhaka
2023-11-06,22.62,18.26,28.01,0.0,81.51,101.32,Dhaka
2023-11-07,22.38,17.94,27.5,0.0,81.77,101.25,Dhaka
2023-11-08,22.41,17.9,26.91,0.0,81.88,101.18,Dhaka
2023-11-09,22.47,18.51,27.47,0.0,82.18,101.23,Dhaka
2023-11-10,22.6,17.65,28.14,0.0,79.49,101.33,Dhaka
2023-11-11,22.78,17.4,28.41,0.0,78.99,101.36,Dhaka
2023-11-12,22.95,18.62,28.4,0.0,78.31,101.41,Dhaka
2023-11-13,23.15,17.34,28.4,0.0,77.3,101.44,Dhaka
2023-11-14,23.57,18.07,28.36,0.0,73.75,101.36,Dhaka
2023-11-15,23.64,18.05,28.38,0.0,72.38,101.38,Dhaka
2023-11-16,23.32,20.4,26.93,11.36,85.06,101.5,Dhaka
2023-11-17,22.71,20.62,26.02,72.62,92.98,101.31,Dhaka
2023-11-18,22.48,19.28,26.11,7.06,86.99,101.27,Dhaka
2023-11-19,23.42,19.27,27.86,5.32,83.56,101.41,Dhaka
2023-11-20,23.56,19.25,28.04,0.0,82.41,101.4,Dhaka
2023-11-21,23.43,19.59,27.56,0.02,80.69,101.23,Dhaka
2023-11-22,21.66,18.19,26.76,0.03,83.26,101.21,Dhaka
2023-11-23,21.0,15.7,26.53,0.0,78.17,101.19,Dhaka
2023-11-24,22.28,17.57,26.99,0.0,72.76,101.28,Dhaka
2023-11-25,21.97,17.1,27.21,0.0,74.11,101.43,Dhaka
2023-11-26,21.86,16.49,26.9,0.0,76.4,101.52,Dhaka
2023-11-27,22.39,16.93,27.99,0.0,81.84,101.41,Dhaka
2023-11-28,23.61,18.58,28.66,0.0,75.85,101.22,Dhaka
2023-11-29,22.75,17.82,27.57,0.0,78.77,101.3,Dhaka
2023-11-30,22.19,16.98,27.34,0.0,81.34,101.39,Dhaka
2023-12-01,22.25,17.45,27.86,0.0,76.24,101.31,Dhaka
2023-12-02,22.37,17.67,27.29,0.0,75.57,101.31,Dhaka
2023-12-03,22.52,17.51,28.15,0.0,80.11,101.35,Dhaka
2023-12-04,22.23,16.97,27.74,0.0,81.13,101.24,Dhaka
2023-12-05,22.39,18.97,26.89,0.04,78.42,101.24,Dhaka
2023-12-06,21.98,18.76,24.78,2.42,82.72,101.37,Dhaka
2023-12-07,20.7,19.53,22.62,18.85,92.96,101.28,Dhaka
2023-12-08,20.94,18.46,24.69,37.55,91.54,101.04,Dhaka
2023-12-09,19.95,16.62,24.56,4.68,88.8,101.22,Dhaka
2023-12-10,18.52,13.94,23.73,0.0,81.56,101.21,Dhaka
2023-12-11,18.17,13.59,23.64,0.0,82.31,101.3,Dhaka
2023-12-12,18.78,13.42,24.42,0.05,80.87,101.17,Dhaka
2023-12-13,18.0,13.89,23.85,0.0,80.32,101.3,Dhaka
2023-12-14,17.02,12.62,22.13,0.0,68.91,101.51,Dhaka
2023-12-15,16.52,11.26,22.67,0.0,73.59,101.55,Dhaka
2023-12-16,17.33,11.81,23.06,0.0,77.47,101.4,Dhaka
2023-12-17,18.04,12.91,23.96,0.0,75.18,101.42,Dhaka
2023-12-18,17.83,12.29,23.32,0.0,80.85,101.5,Dhaka
2023-12-19,18.04,12.97,23.72,0.0,82.69,101.58,Dhaka
2023-12-20,18.59,13.39,24.2,0.0,78.8,101.52,Dhaka
2023-12-21,19.09,14.57,24.33,0.0,76.43,101.44,Dhaka
2023-12-22,19.63,15.47,24.58,0.0,82.13,101.47,Dhaka
2023-12-23,19.81,15.51,24.08,0.0,83.76,101.64,Dhaka
2023-12-24,20.35,16.51,25.12,0.04,76.71,101.72,Dhaka
2023-12-25,20.33,16.12,24.75,0.06,72.21,101.62,Dhaka
2023-12-26,19.76,14.56,24.85,0.0,75.77,101.66,Dhaka
2023-12-27,20.23,15.28,25.71,0.0,75.65,101.68,Dhaka
2023-12-28,20.15,15.32,25.33,0.0,75.9,101.57,Dhaka
2023-12-29,20.05,14.85,25.51,0.04,75.17,101.56,Dhaka
2023-12-30,20.33,16.1,25.77,0.15,72.98,101.46,Dhaka
2023-12-31,18.61,13.48,24.92,0.0,81.7,101.46,Dhaka
2024-01-01,17.93,12.67,24.25,0.01,82.59,101.46,Dhaka
2024-01-02,16.97,12.01,23.28,0.8,83.71,101.46,Dhaka
2024-01-03,17.18,10.83,24.13,0.0,78.79,101.43,Dhaka
2024-01-04,17.02,11.31,23.26,0.0,80.55,101.45,Dhaka
2024-01-05,17.14,11.8,23.48,0.0,79.4,101.5,Dhaka
2024-01-06,17.72,12.08,24.57,0.0,79.09,101.54,Dhaka
2024-01-07,17.98,13.06,24.62,0.0,79.22,101.58,Dhaka
2024-01-08,17.63,12.64,24.45,0.0,82.54,101.63,Dhaka
2024-01-09,16.65,11.3,23.77,0.0,80.49,101.52,Dhaka
2024-01-10,16.43,10.15,23.29,0.0,76.28,101.42,Dhaka
2024-01-11,16.27,11.42,22.94,0.0,80.2,101.52,Dhaka
2024-01-12,15.22,9.15,22.33,0.0,81.03,101.51,Dhaka
2024-01-13,15.43,9.7,22.14,0.0,80.44,101.47,Dhaka
2024-01-14,15.89,9.45,22.43,0.0,77.33,101.43,Dhaka
2024-01-15,16.16,11.43,22.68,0.0,79.18,101.37,Dhaka
2024-01-16,15.68,10.64,21.2,0.0,78.05,101.41,Dhaka
2024-01-17,15.83,10.47,21.21,0.0,74.3,101.41,Dhaka
2024-01-18,16.36,9.5,22.0,0.16,74.12,101.48,Dhaka
2024-01-19,17.47,12.3,23.84,0.24,76.35,101.49,Dhaka
2024-01-20,15.71,10.57,22.56,23.03,80.02,101.51,Dhaka
2024-01-21,14.54,9.14,21.27,0.04,75.8,101.51,Dhaka
2024-01-22,13.92,7.53,21.23,0.0,71.01,101.67,Dhaka
2024-01-23,14.94,8.51,21.9,0.0,75.46,101.57,Dhaka
2024-01-24,15.84,9.73,22.25,2.35,76.25,101.58,Dhaka
2024-01-25,16.08,10.42,23.35,0.17,72.77,101.74,Dhaka
2024-01-26,15.04,9.48,21.91,0.28,70.4,101.83,Dhaka
2024-01-27,14.64,8.51,21.98,0.0,72.61,101.79,Dhaka
2024-01-28,14.87,8.87,22.76,0.0,69.19,101.74,Dhaka
2024-01-29,16.1,9.77,23.89,0.0,66.0,101.66,Dhaka
2024-01-30,17.68,11.53,24.11,0.0,58.66,101.53,Dhaka
2024-01-31,19.22,12.53,25.46,0.13,66.53,101.5,Dhaka
2024-02-01,20.2,15.26,24.8,0.45,74.65,101.52,Dhaka
2024-02-02,19.93,15.55,25.4,1.02,80.12,101.35,Dhaka
2024-02-03,19.14,13.41,26.08,0.03,68.65,101.43,Dhaka
2024-02-04,18.56,12.57,25.0,0.03,57.59,101.61,Dhaka
2024-02-05,19.71,13.46,26.27,0.0,60.9,101.56,Dhaka
2024-02-06,20.04,14.49,25.88,0.0,72.2,101.52,Dhaka
2024-02-07,19.5,15.03,25.57,0.0,71.86,101.47,Dhaka
2024-02-08,17.48,12.2,23.96,0.0,54.29,101.47,Dhaka
2024-02-09,16.42,9.87,23.85,0.0,59.93,101.71,Dhaka
2024-02-10,17.54,10.77,26.01,0.0,65.66,101.72,Dhaka
2024-02-11,18.52,11.38,27.09,0.0,65.11,101.77,Dhaka
2024-02-12,19.82,13.07,27.23,0.0,57.28,101.76,Dhaka
2024-02-13,20.82,13.26,28.71,0.0,53.5,101.71,Dhaka
2024-02-14,21.66,15.56,28.62,0.0,60.8,101.55,Dhaka
2024-02-15,22.01,16.75,28.34,0.23,70.64,101.6,Dhaka
2024-02-16,21.49,16.05,28.53,0.0,71.68,101.58,Dhaka
2024-02-17,20.78,14.33,28.32,0.2,60.58,101.29,Dhaka
2024-02-18,21.26,16.47,27.84,0.0,49.02,101.31,Dhaka
2024-02-19,21.26,14.69,28.26,0.0,46.54,101.29,Dhaka
2024-02-20,22.42,15.35,29.97,0.0,65.52,101.01,Dhaka
2024-02-21,24.65,18.78,32.21,0.78,72.26,100.87,Dhaka
2024-02-22,24.83,20.04,32.21,19.97,77.89,100.9,Dhaka
2024-02-23,23.12,18.41,28.1,7.81,66.8,101.15,Dhaka
2024-02-24,22.12,15.75,28.96,1.57,63.53,101.37,Dhaka
2024-02-25,20.82,15.9,27.5,1.54,60.41,101.45,Dhaka
2024-02-26,20.54,13.75,28.83,2.34,60.51,101.51,Dhaka
2024-02-27,21.57,16.39,29.53,0.0,53.56,101.35,Dhaka
2024-02-28,22.81,17.33,28.79,0.0,50.74,101.13,Dhaka
2024-02-29,22.81,17.51,29.57,0.0,56.47,101.23,Dhaka
2024-03-01,22.18,15.73,29.72,0.0,52.84,101.32,Dhaka
2024-03-02,22.5,15.18,30.12,0.0,49.16,101.2,Dhaka
2024-03-03,24.0,17.65,30.88,0.01,48.57,101.14,Dhaka
2024-03-04,23.49,18.17,28.92,1.09,57.07,101.13,Dhaka
2024-03-05,23.98,17.49,31.32,1.14,62.05,101.09,Dhaka
2024-03-06,22.99,15.84,30.71,0.0,45.73,101.12,Dhaka
2024-03-07,23.25,15.35,30.93,0.0,40.27,101.1,Dhaka
2024-03-08,23.67,16.82,31.18,0.0,41.22,101.12,Dhaka
2024-03-09,23.63,18.25,30.87,0.0,36.85,101.21,Dhaka
2024-03-10,23.01,17.04,30.6,0.0,38.09,101.36,Dhaka
2024-03-11,22.88,14.63,31.06,0.0,45.63,101.32,Dhaka
2024-03-12,25.3,17.8,33.26,0.0,45.33,101.06,Dhaka
2024-03-13,25.89,18.05,33.94,0.0,62.1,101.03,Dhaka
2024-03-14,26.57,20.2,33.52,2.36,70.6,101.03,Dhaka
2024-03-15,27.55,21.41,33.97,4.51,64.5,101.06,Dhaka
2024-03-16,27.13,20.04,34.07,5.91,62.64,101.2,Dhaka
2024-03-17,27.74,21.41,34.82,1.35,54.17,101.16,Dhaka
2024-03-18,28.28,22.37,34.41,0.97,49.58,101.07,Dhaka
2024-03-19,27.89,23.3,35.0,1.21,53.08,101.07,Dhaka
2024-03-20,24.5,20.86,28.86,8.05,64.58,101.23,Dhaka
2024-03-21,23.94,19.34,29.87,3.11,66.51,101.22,Dhaka
2024-03-22,24.02,18.95,29.6,4.61,67.32,100.9,Dhaka
2024-03-23,24.61,18.53,30.81,8.67,70.72,100.79,Dhaka
2024-03-24,26.45,21.24,33.02,13.54,74.2,100.97,Dhaka
2024-03-25,26.2,21.03,32.08,10.08,75.05,101.03,Dhaka
2024-03-26,26.66,21.29,32.58,11.95,71.73,101.08,Dhaka
2024-03-27,27.23,20.41,33.51,0.09,63.5,101.21,Dhaka
2024-03-28,27.18,21.67,33.21,1.82,66.45,100.98,Dhaka
2024-03-29,26.91,21.46,32.83,3.89,69.66,100.87,Dhaka
2024-03-30,27.58,22.76,32.82,11.93,76.71,100.89,Dhaka
2024-03-31,28.63,24.22,35.58,17.01,76.55,100.77,Dhaka
2024-04-01,28.41,24.09,35.58,25.61,73.05,100.42,Dhaka
2024-04-02,28.88,23.73,35.93,0.35,69.25,100.44,Dhaka
2024-04-03,29.15,24.09,36.46,1.1,65.67,100.6,Dhaka
2024-04-04,29.31,23.7,36.72,0.74,72.05,100.56,Dhaka
2024-04-05,29.33,23.97,35.76,0.72,74.71,100.46,Dhaka
2024-04-06,30.38,24.19,38.04,0.13,65.07,100.43,Dhaka
2024-04-07,29.73,24.22,36.49,3.78,69.6,100.5,Dhaka
2024-04-08,29.04,23.35,36.39,0.12,55.83,100.8,Dhaka
2024-04-09,29.34,22.57,36.16,0.0,50.76,100.88,Dhaka
2024-04-10,29.63,22.61,36.44,0.0,48.73,100.9,Dhaka
2024-04-11,28.88,22.02,36.39,0.0,50.64,100.99,Dhaka
2024-04-12,29.96,23.47,36.96,0.0,48.21,100.94,Dhaka
2024-04-13,29.74,22.54,37.12,0.0,50.56,100.89,Dhaka
2024-04-14,30.58,23.54,37.67,0.0,48.85,100.88,Dhaka
2024-04-15,31.32,24.14,38.22,0.01,48.7,100.82,Dhaka
2024-04-16,31.43,25.38,38.82,1.38,56.36,100.58,Dhaka
2024-04-17,30.87,24.79,38.44,6.58,66.77,100.4,Dhaka
2024-04-18,30.75,25.97,37.25,7.51,69.97,100.33,Dhaka
2024-04-19,31.27,25.71,39.64,3.72,65.04,100.06,Dhaka
2024-04-20,31.72,25.27,40.8,3.13,60.99,99.99,Dhaka
2024-04-21,31.9,24.75,41.29,0.3,62.32,100.14,Dhaka
2024-04-22,32.09,27.03,40.65,1.21,61.93,100.3,Dhaka
2024-04-23,31.32,25.56,38.62,0.63,58.69,100.29,Dhaka
2024-04-24,32.15,25.98,39.89,0.0,52.86,100.24,Dhaka
2024-04-25,32.86,25.5,41.24,0.09,53.97,100.27,Dhaka
2024-04-26,32.64,25.55,40.89,0.29,56.29,100.28,Dhaka
2024-04-27,32.37,25.79,40.83,1.83,60.45,100.27,Dhaka
2024-04-28,33.08,26.24,41.64,1.19,59.34,100.27,Dhaka
2024-04-29,33.14,26.79,41.86,1.52,57.23,100.33,Dhaka
2024-04-30,33.55,26.12,43.27,0.08,58.62,99.97,Dhaka
2024-05-01,33.11,26.64,42.2,1.17,58.65,99.92,Dhaka
2024-05-02,31.92,27.12,39.36,6.5,66.03,99.99,Dhaka
2024-05-03,31.73,24.97,39.35,2.59,59.77,100.36,Dhaka
2024-05-04,31.26,26.38,37.02,5.94,64.68,100.45,Dhaka
2024-05-05,29.89,26.21,35.58,25.11,76.19,100.21,Dhaka
2024-05-06,29.04,26.11,33.89,28.48,81.39,100.57,Dhaka
2024-05-07,27.68,24.62,32.26,14.28,77.52,100.91,Dhaka
2024-05-08,26.5,22.73,29.4,26.34,74.54,100.9,Dhaka
2024-05-09,27.94,22.85,31.93,3.08,68.05,100.81,Dhaka
2024-05-10,28.05,24.14,31.7,8.96,70.67,100.8,Dhaka
2024-05-11,27.47,24.65,30.67,36.95,82.19,100.88,Dhaka
2024-05-12,28.59,23.76,33.08,3.43,73.73,100.89,Dhaka
2024-05-13,29.33,24.63,33.54,0.34,71.45,100.79,Dhaka
2024-05-14,29.86,25.59,34.33,1.09,72.57,100.73,Dhaka
2024-05-15,30.23,26.24,34.47,0.18,73.58,100.84,Dhaka
2024-05-16,30.46,25.81,34.62,0.06,71.17,100.72,Dhaka
2024-05-17,30.45,25.67,35.16,0.1,70.22,100.5,Dhaka
2024-05-18,29.85,26.88,34.41,15.48,79.3,100.38,Dhaka
2024-05-19,29.79,26.33,34.86,9.12,79.33,100.28,Dhaka
2024-05-20,29.56,25.72,33.29,6.28,76.71,100.4,Dhaka
2024-05-21,30.69,25.75,34.62,4.58,69.07,100.4,Dhaka
2024-05-22,31.32,27.08,34.61,8.22,68.75,100.4,Dhaka
2024-05-23,31.9,27.06,35.59,1.81,66.31,100.24,Dhaka
2024-05-24,32.8,27.67,37.56,1.15,66.65,100.02,Dhaka
2024-05-25,32.31,28.02,37.2,0.58,71.3,99.85,Dhaka
2024-05-26,30.23,27.72,34.49,39.02,83.1,99.73,Dhaka
2024-05-27,28.47,26.96,30.47,48.04,89.48,98.93,Dhaka
2024-05-28,27.85,25.16,31.33,130.72,89.78,99.29,Dhaka
2024-05-29,29.92,28.03,33.03,7.05,89.77,99.82,Dhaka
2024-05-30,29.75,28.0,32.64,8.31,89.74,100.06,Dhaka
2024-05-31,29.58,27.58,32.59,4.95,87.73,100.22,Dhaka
2024-06-01,29.78,26.86,33.33,1.94,84.41,100.34,Dhaka
2024-06-02,29.44,26.54,32.79,14.08,87.25,100.39,Dhaka
2024-06-03,28.55,26.76,31.17,38.66,89.48,100.32,Dhaka
2024-06-04,28.71,26.28,32.03,21.42,89.4,100.36,Dhaka
2024-06-05,29.44,26.41,32.96,15.22,85.9,100.38,Dhaka
2024-06-06,29.54,26.83,32.49,29.86,87.61,100.37,Dhaka
2024-06-07,30.07,27.29,33.9,13.86,85.05,100.18,Dhaka
2024-06-08,29.56,27.02,32.89,18.53,88.77,100.07,Dhaka
2024-06-09,29.11,27.48,31.35,28.76,92.22,100.03,Dhaka
2024-06-10,29.07,27.44,31.03,9.26,92.41,100.08,Dhaka
2024-06-11,29.21,27.17,31.94,2.12,89.01,100.1,Dhaka
2024-06-12,29.09,25.73,32.61,5.29,86.55,100.12,Dhaka
2024-06-13,29.03,27.15,31.85,22.35,90.35,100.04,Dhaka
2024-06-14,29.04,27.05,31.21,21.22,92.1,99.94,Dhaka
2024-06-15,29.48,27.77,32.31,16.01,90.53,99.94,Dhaka
2024-06-16,29.85,27.73,32.97,5.59,89.57,100.1,Dhaka
2024-06-17,29.19,27.8,31.32,10.32,92.54,100.12,Dhaka
2024-06-18,29.27,27.82,32.04,17.93,91.08,99.93,Dhaka
2024-06-19,28.74,27.0,31.0,43.58,93.66,99.83,Dhaka
2024-06-20,28.43,26.31,31.97,6.36,89.86,99.93,Dhaka
2024-06-21,29.04,26.14,32.29,7.22,83.86,100.01,Dhaka
2024-06-22,28.81,26.42,31.4,8.97,87.05,100.0,Dhaka
2024-06-23,29.45,26.43,32.94,4.67,86.0,100.05,Dhaka
2024-06-24,29.27,27.05,32.2,2.52,88.08,99.98,Dhaka
2024-06-25,29.23,27.1,31.74,0.75,87.84,99.97,Dhaka
2024-06-26,30.27,27.09,33.54,7.07,82.8,99.99,Dhaka
2024-06-27,28.45,26.94,31.12,9.15,90.74,100.21,Dhaka
2024-06-28,28.72,26.4,31.84,13.89,90.68,100.02,Dhaka
2024-06-29,28.75,26.94,31.13,20.36,91.21,99.95,Dhaka
2024-06-30,28.52,27.47,29.91,111.13,94.9,99.87,Dhaka
2024-07-01,28.09,26.82,29.54,46.61,94.54,99.82,Dhaka
2024-07-02,28.4,26.37,30.96,33.07,91.79,99.79,Dhaka
2024-07-03,28.53,26.45,31.68,20.61,90.39,99.95,Dhaka
2024-07-04,28.06,25.97,30.79,21.55,91.39,100.19,Dhaka
2024-07-05,28.38,26.55,30.91,14.37,91.58,100.12,Dhaka
2024-07-06,28.49,25.92,31.85,4.53,88.86,100.11,Dhaka
2024-07-07,29.13,26.3,32.86,6.19,88.77,100.19,Dhaka
2024-07-08,28.81,26.5,31.68,4.07,88.41,100.25,Dhaka
2024-07-09,28.97,26.45,32.42,4.16,89.65,100.33,Dhaka
2024-07-10,29.39,26.99,32.7,6.97,89.33,100.35,Dhaka
2024-07-11,29.16,26.76,32.37,25.75,89.95,100.1,Dhaka
2024-07-12,28.85,26.81,31.98,53.99,90.13,99.92,Dhaka
2024-07-13,29.15,25.97,32.84,10.99,88.53,99.74,Dhaka
2024-07-14,29.51,26.79,32.57,3.94,87.3,99.78,Dhaka
2024-07-15,29.19,26.72,32.24,4.3,89.24,100.0,Dhaka
2024-07-16,29.04,26.92,31.51,7.49,89.97,100.13,Dhaka
2024-07-17,28.75,26.69,30.77,1.04,87.84,100.04,Dhaka
2024-07-18,29.97,26.76,33.17,1.22,84.21,99.91,Dhaka
2024-07-19,29.62,27.09,33.22,6.68,87.56,99.78,Dhaka
2024-07-20,29.14,26.84,32.62,6.04,88.68,99.89,Dhaka
2024-07-21,28.57,26.7,31.83,6.57,90.52,99.95,Dhaka
2024-07-22,28.58,26.91,31.14,8.26,90.69,100.03,Dhaka
2024-07-23,28.72,26.44,32.11,4.48,89.11,99.85,Dhaka
2024-07-24,28.99,26.02,32.84,5.11,90.32,99.44,Dhaka
2024-07-25,29.54,27.04,32.94,5.94,88.2,99.27,Dhaka
2024-07-26,29.93,27.36,33.52,5.63,87.65,99.31,Dhaka
2024-07-27,29.53,27.05,33.09,2.24,87.72,99.67,Dhaka
2024-07-28,29.56,26.71,33.34,1.92,87.32,99.8,Dhaka
2024-07-29,29.25,26.83,33.21,4.49,87.74,99.81,Dhaka
2024-07-30,28.9,26.92,31.56,8.7,90.66,99.98,Dhaka
2024-07-31,29.03,27.07,31.91,7.74,89.57,100.02,Dhaka
2024-08-01,27.94,26.36,30.42,55.9,91.87,99.85,Dhaka
2024-08-02,27.32,26.18,28.82,72.33,93.85,100.03,Dhaka
2024-08-03,28.09,26.33,30.46,28.88,91.99,100.32,Dhaka
2024-08-04,28.67,25.95,32.05,12.4,87.93,100.42,Dhaka
2024-08-05,28.14,25.8,30.93,18.98,89.85,100.37,Dhaka
2024-08-06,28.06,26.23,30.72,6.61,90.85,100.19,Dhaka
2024-08-07,28.15,25.94,31.01,5.01,90.23,100.25,Dhaka
2024-08-08,27.45,25.86,29.53,7.94,92.82,100.38,Dhaka
2024-08-09,28.1,25.73,30.76,13.83,90.51,100.43,Dhaka
2024-08-10,28.76,26.0,32.06,13.24,89.31,100.34,Dhaka
2024-08-11,28.75,27.09,31.1,7.51,90.23,100.25,Dhaka
2024-08-12,28.57,26.79,30.99,17.78,91.01,100.29,Dhaka
2024-08-13,28.98,26.74,32.05,12.09,89.1,100.32,Dhaka
2024-08-14,28.86,26.64,31.23,9.12,89.52,100.33,Dhaka
2024-08-15,28.77,26.73,31.88,3.0,89.18,100.26,Dhaka
2024-08-16,27.96,25.88,30.63,18.84,89.95,100.15,Dhaka
2024-08-17,27.58,26.01,29.48,13.31,91.79,100.2,Dhaka
2024-08-18,27.09,25.57,28.63,24.36,94.23,100.28,Dhaka
2024-08-19,27.43,26.01,29.43,48.34,93.83,100.1,Dhaka
2024-08-20,28.27,26.42,30.72,41.5,92.33,100.26,Dhaka
2024-08-21,27.96,26.96,29.3,85.01,95.05,100.37,Dhaka
2024-08-22,27.63,26.1,29.41,50.4,94.75,100.23,Dhaka
2024-08-23,27.15,25.88,28.59,6.82,94.31,100.43,Dhaka
2024-08-24,27.46,25.73,29.81,7.65,91.82,100.46,Dhaka
2024-08-25,26.91,25.35,28.83,22.95,92.61,100.26,Dhaka
2024-08-26,26.64,24.58,28.8,6.55,93.17,100.29,Dhaka
2024-08-27,27.94,25.19,31.38,1.37,89.98,100.47,Dhaka
2024-08-28,28.49,25.78,31.61,2.16,85.07,100.4,Dhaka
2024-08-29,29.15,26.09,32.49,1.29,84.83,100.29,Dhaka
2024-08-30,28.2,26.34,31.13,3.87,90.1,100.36,Dhaka
2024-08-31,27.59,26.03,29.09,11.14,93.24,100.43,Dhaka
2024-09-01,28.11,26.14,29.97,11.47,89.1,100.54,Dhaka
2024-09-02,28.63,26.13,31.37,7.89,86.02,100.49,Dhaka
2024-09-03,27.46,26.03,29.26,40.49,93.01,100.51,Dhaka
2024-09-04,28.26,25.5,31.19,3.2,89.26,100.28,Dhaka
2024-09-05,28.04,26.22,30.66,12.01,91.48,100.19,Dhaka
2024-09-06,29.22,25.82,31.99,6.87,82.84,100.21,Dhaka
2024-09-07,29.0,26.2,32.04,12.16,86.47,100.24,Dhaka
2024-09-08,29.38,26.57,32.93,4.35,86.01,100.24,Dhaka
2024-09-09,28.76,26.5,31.42,4.99,89.56,100.12,Dhaka
2024-09-10,28.69,26.8,31.27,3.6,92.3,100.11,Dhaka
2024-09-11,28.87,26.48,31.05,5.79,89.0,100.17,Dhaka
2024-09-12,30.06,26.44,33.69,6.92,83.79,100.0,Dhaka
2024-09-13,29.21,27.18,32.64,16.01,89.78,99.72,Dhaka
2024-09-14,27.04,25.42,28.99,18.29,94.33,99.68,Dhaka
2024-09-15,25.83,23.78,28.05,55.76,92.96,99.91,Dhaka
2024-09-16,27.46,24.52,31.01,12.43,90.03,100.26,Dhaka
2024-09-17,28.68,25.24,31.87,7.62,85.93,100.43,Dhaka
2024-09-18,29.38,25.99,32.77,0.34,84.22,100.31,Dhaka
2024-09-19,29.41,26.29,32.63,0.97,88.35,100.22,Dhaka
2024-09-20,30.42,26.85,34.78,1.77,85.02,100.19,Dhaka
2024-09-21,29.39,26.99,32.8,9.91,88.46,100.31,Dhaka
2024-09-22,29.88,25.67,33.6,2.06,83.8,100.19,Dhaka
2024-09-23,29.56,27.56,32.59,2.87,87.25,100.24,Dhaka
2024-09-24,27.76,26.85,28.54,11.3,92.14,100.39,Dhaka
2024-09-25,26.62,25.22,28.41,57.65,95.26,100.59,Dhaka
2024-09-26,26.33,24.63,28.68,31.79,93.86,100.81,Dhaka
2024-09-27,26.99,23.87,30.51,13.51,89.3,100.89,Dhaka
2024-09-28,28.04,24.96,31.46,3.09,89.07,100.79,Dhaka
2024-09-29,28.56,25.94,31.65,12.17,90.2,100.68,Dhaka
2024-09-30,28.81,26.48,31.6,6.25,89.97,100.54,Dhaka
2024-10-01,28.88,26.44,31.48,9.8,89.23,100.33,Dhaka
2024-10-02,28.79,26.82,30.95,15.72,86.94,100.24,Dhaka
2024-10-03,27.56,26.15,29.44,43.09,92.88,100.21,Dhaka
2024-10-04,27.37,25.77,29.24,48.78,92.27,100.43,Dhaka
2024-10-05,27.29,25.77,29.69,55.65,93.07,100.65,Dhaka
2024-10-06,27.31,25.66,29.32,13.36,89.24,100.91,Dhaka
2024-10-07,27.66,24.77,31.11,6.31,86.77,101.12,Dhaka
2024-10-08,27.58,24.99,30.46,8.5,87.75,101.09,Dhaka
2024-10-09,27.43,25.15,30.28,5.23,87.73,100.89,Dhaka
2024-10-10,26.93,24.75,29.59,5.92,90.88,100.78,Dhaka
2024-10-11,27.43,25.34,30.17,9.9,90.96,100.72,Dhaka
2024-10-12,27.87,25.12,30.89,30.24,87.32,100.87,Dhaka
2024-10-13,27.56,24.93,30.99,2.1,84.77,100.97,Dhaka
2024-10-14,26.55,22.94,30.04,0.0,83.21,100.96,Dhaka
2024-10-15,26.56,23.52,29.94,0.05,82.42,100.91,Dhaka
2024-10-16,27.02,23.1,30.81,0.65,80.83,100.93,Dhaka
2024-10-17,26.84,23.96,30.78,4.76,85.41,100.94,Dhaka
2024-10-18,26.81,23.57,30.39,4.24,87.38,100.87,Dhaka
2024-10-19,27.31,24.2,30.48,5.27,82.46,100.97,Dhaka
2024-10-20,26.06,22.97,29.75,0.55,84.88,101.1,Dhaka
2024-10-21,26.02,21.79,30.25,0.0,81.92,100.98,Dhaka
2024-10-22,27.06,22.82,30.88,13.46,84.66,100.92,Dhaka
2024-10-23,26.3,24.47,28.58,143.66,92.15,100.89,Dhaka
2024-10-24,25.39,23.22,28.25,12.66,92.87,100.85,Dhaka
2024-10-25,26.16,23.2,29.34,3.64,91.01,100.82,Dhaka
2024-10-26,26.96,24.46,30.33,4.44,88.34,100.84,Dhaka
2024-10-27,27.14,22.96,31.0,0.14,80.88,100.76,Dhaka
2024-10-28,26.32,22.83,30.29,0.0,85.62,100.68,Dhaka
2024-10-29,27.08,22.48,31.39,0.03,80.28,100.75,Dhaka
2024-10-30,27.38,23.39,30.66,1.08,81.36,100.87,Dhaka
2024-10-31,27.83,25.04,30.74,1.47,83.47,100.91,Dhaka
2024-11-01,26.7,23.68,30.15,4.61,88.22,101.04,Dhaka
2024-11-02,25.05,21.19,29.21,0.01,81.79,101.19,Dhaka
2024-11-03,24.85,20.11,29.46,0.0,79.46,101.18,Dhaka
2024-11-04,24.92,20.22,29.24,0.02,82.29,101.14,Dhaka
2024-11-05,25.66,21.53,29.32,4.63,81.67,101.21,Dhaka
2024-11-06,24.39,21.91,27.34,6.94,88.43,101.28,Dhaka
2024-11-07,23.9,20.59,28.15,2.9,86.14,101.27,Dhaka
2024-11-08,23.46,19.27,28.06,0.0,83.07,101.25,Dhaka
2024-11-09,23.79,19.2,28.5,0.0,83.36,101.24,Dhaka
2024-11-10,23.98,19.24,28.76,0.0,80.71,101.27,Dhaka
2024-11-11,23.6,18.76,28.68,0.0,82.93,101.22,Dhaka
2024-11-12,23.5,19.41,28.66,0.0,81.73,101.14,Dhaka
2024-11-13,22.03,17.23,27.19,0.0,80.09,101.07,Dhaka
2024-11-14,22.04,17.57,27.32,0.0,85.1,101.18,Dhaka
2024-11-15,21.89,17.28,27.14,0.0,84.88,101.13,Dhaka
2024-11-16,21.86,16.98,27.32,0.0,81.77,101.06,Dhaka
2024-11-17,21.2,15.88,26.52,0.0,75.77,101.11,Dhaka
2024-11-18,21.27,15.34,26.25,0.0,74.28,101.25,Dhaka
2024-11-19,21.59,15.67,27.01,0.0,73.76,101.26,Dhaka
2024-11-20,21.07,15.87,26.36,0.0,71.69,101.19,Dhaka
2024-11-21,20.95,15.82,26.0,0.0,70.59,101.17,Dhaka
2024-11-22,21.07,16.56,25.52,0.0,66.26,101.18,Dhaka
2024-11-23,21.56,16.75,26.61,0.0,71.7,101.29,Dhaka
2024-11-24,20.01,15.63,24.59,0.0,83.74,101.35,Dhaka
2024-11-25,19.98,15.16,25.45,0.0,82.26,101.35,Dhaka
2024-11-26,20.21,14.95,25.44,0.0,78.37,101.26,Dhaka
2024-11-27,20.06,15.12,25.33,0.0,79.06,101.19,Dhaka
2024-11-28,20.32,14.34,25.62,0.0,81.62,101.3,Dhaka
2024-11-29,21.63,16.55,27.06,0.0,82.18,101.28,Dhaka
2024-11-30,21.52,17.24,27.16,0.09,80.05,101.17,Dhaka
2024-12-01,20.14,17.26,24.33,1.35,78.43,101.03,Dhaka
2024-12-02,19.74,15.65,25.24,0.01,80.77,101.1,Dhaka
2024-12-03,19.35,15.18,25.51,0.0,81.38,101.17,Dhaka
2024-12-04,18.56,13.35,24.33,0.0,83.03,101.18,Dhaka
2024-12-05,19.1,14.47,24.92,0.0,77.13,101.17,Dhaka
2024-12-06,17.76,13.25,23.8,0.0,79.78,101.14,Dhaka
2024-12-07,17.52,12.05,24.1,0.0,72.38,101.23,Dhaka
2024-12-08,17.54,11.89,23.12,0.0,72.32,101.24,Dhaka
2024-12-09,16.79,11.0,21.52,0.0,81.35,101.18,Dhaka
2024-12-10,17.85,14.16,23.34,0.0,83.05,101.25,Dhaka
2024-12-11,16.09,11.31,22.39,0.0,83.64,101.37,Dhaka
2024-12-12,15.63,10.01,22.22,0.0,85.51,101.22,Dhaka
2024-12-13,16.35,10.44,22.95,0.0,82.92,101.29,Dhaka
2024-12-14,16.54,10.57,23.49,0.0,79.19,101.47,Dhaka
2024-12-15,16.13,10.8,22.74,0.0,75.91,101.55,Dhaka
2024-12-16,17.41,9.74,24.2,0.0,70.01,101.46,Dhaka
2024-12-17,18.42,12.5,25.3,0.0,77.47,101.29,Dhaka
2024-12-18,18.21,14.03,24.1,0.01,74.36,101.26,Dhaka
2024-12-19,18.19,12.71,24.25,0.0,74.75,101.33,Dhaka
2024-12-20,17.7,11.98,23.73,0.0,76.16,101.24,Dhaka
2024-12-21,17.03,13.0,23.74,0.12,83.67,101.29,Dhaka
2024-12-22,16.75,11.24,23.5,0.13,82.03,101.39,Dhaka
2024-12-23,17.73,12.31,24.33,0.02,70.46,101.37,Dhaka
2024-12-24,17.62,11.62,23.95,0.0,71.34,101.35,Dhaka
2024-12-25,17.76,12.54,23.7,0.0,69.31,101.54,Dhaka
2024-12-26,18.38,13.07,25.1,0.0,76.03,101.72,Dhaka
2024-12-27,18.58,12.59,24.95,0.0,73.25,101.69,Dhaka
2024-12-28,19.38,12.97,25.51,0.0,67.64,101.54,Dhaka
2024-12-29,19.0,14.1,25.54,0.0,74.22,101.46,Dhaka
2024-12-30,19.13,13.44,25.24,0.0,76.78,101.54,Dhaka
2024-12-31,17.54,12.92,23.41,0.0,80.71,101.55,Dhaka
2025-01-01,16.62,11.14,23.42,0.0,84.31,101.37,Dhaka
2025-01-02,16.92,11.33,23.53,0.0,82.37,101.39,Dhaka
2025-01-03,17.27,11.66,23.36,0.0,80.8,101.46,Dhaka
2025-01-04,18.3,12.59,24.37,0.0,81.64,101.33,Dhaka
2025-01-05,19.84,15.53,25.73,0.0,80.11,101.4,Dhaka
2025-01-06,20.98,15.1,26.39,0.0,72.34,101.26,Dhaka
2025-01-07,20.06,15.46,25.31,0.0,78.98,101.14,Dhaka
2025-01-08,17.76,12.77,23.33,0.0,78.19,101.33,Dhaka
2025-01-09,15.59,9.68,22.7,0.0,72.6,101.58,Dhaka
2025-01-10,15.89,10.01,22.82,0.0,72.75,101.73,Dhaka
2025-01-11,17.86,11.23,24.84,0.0,66.71,101.73,Dhaka
2025-01-12,19.74,12.65,25.97,0.0,59.13,101.58,Dhaka
2025-01-13,19.41,15.18,25.31,0.0,62.78,101.39,Dhaka
2025-01-14,17.91,12.33,25.15,0.0,71.8,101.6,Dhaka
2025-01-15,17.69,11.5,24.7,0.0,72.49,101.68,Dhaka
2025-01-16,19.36,13.62,25.77,0.0,64.96,101.59,Dhaka
2025-01-17,18.8,12.87,25.94,0.0,70.33,101.44,Dhaka
2025-01-18,18.28,12.61,25.66,0.0,74.11,101.38,Dhaka
2025-01-19,17.26,11.21,24.73,0.0,72.11,101.27,Dhaka
2025-01-20,17.07,10.79,24.1,0.0,71.56,101.13,Dhaka
2025-01-21,17.59,11.85,23.98,0.0,69.81,101.1,Dhaka
2025-01-22,18.17,13.27,24.37,0.0,72.42,101.17,Dhaka
2025-01-23,17.9,12.86,24.82,0.0,72.79,101.22,Dhaka
2025-01-24,17.94,12.35,24.67,0.0,67.13,101.18,Dhaka
2025-01-25,17.92,13.13,24.17,0.0,68.84,101.29,Dhaka
2025-01-26,17.0,11.48,24.19,0.0,67.16,101.25,Dhaka
2025-01-27,17.83,12.22,24.84,0.0,72.38,101.05,Dhaka
2025-01-28,18.39,12.5,24.93,0.0,69.58,101.2,Dhaka
2025-01-29,18.56,12.92,25.27,0.0,59.05,101.42,Dhaka
2025-01-30,19.41,12.95,25.88,3.87,69.04,101.07,Dhaka
2025-01-31,21.73,16.51,27.94,0.31,80.85,101.02,Dhaka
2025-02-01,21.18,16.71,27.7,0.08,71.95,101.1,Dhaka
2025-02-02,19.72,14.22,27.02,0.0,70.24,101.1,Dhaka
2025-02-03,19.95,13.94,27.5,0.0,65.83,101.18,Dhaka
2025-02-04,19.47,13.6,26.93,0.0,62.75,101.18,Dhaka
2025-02-05,20.58,14.67,27.52,0.0,59.75,100.99,Dhaka
2025-02-06,21.3,15.05,28.88,0.0,67.61,101.05,Dhaka
2025-02-07,20.06,13.28,27.94,0.0,52.08,101.22,Dhaka
2025-02-08,18.48,11.63,26.62,0.0,46.05,101.29,Dhaka
2025-02-09,18.09,11.18,26.25,0.0,51.34,101.21,Dhaka
2025-02-10,20.0,13.63,27.06,0.0,48.13,101.24,Dhaka
2025-02-11,20.42,12.76,28.48,0.0,66.75,101.11,Dhaka
2025-02-12,22.25,15.53,30.17,0.0,68.72,101.11,Dhaka
2025-02-13,23.11,16.96,30.38,0.05,70.64,101.01,Dhaka
2025-02-14,20.81,13.33,28.27,0.06,48.85,101.04,Dhaka
2025-02-15,19.82,12.03,28.15,0.0,44.37,101.08,Dhaka
2025-02-16,21.27,13.64,29.01,0.0,43.08,101.13,Dhaka
2025-02-17,22.52,14.92,30.25,0.0,57.52,101.28,Dhaka
2025-02-18,24.21,18.84,31.41,0.0,59.59,101.17,Dhaka
2025-02-19,23.92,17.46,30.73,0.0,55.54,101.13,Dhaka
2025-02-20,24.03,17.77,31.39,0.02,55.0,101.3,Dhaka
2025-02-21,23.97,17.39,30.92,0.0,54.51,101.28,Dhaka
2025-02-22,25.09,18.77,31.93,0.01,52.61,101.32,Dhaka
2025-02-23,23.51,18.39,29.25,4.39,62.28,101.44,Dhaka
2025-02-24,23.25,17.07,30.95,0.0,59.84,101.53,Dhaka
2025-02-25,22.97,16.79,31.13,0.0,49.52,101.65,Dhaka
2025-02-26,22.33,15.29,30.64,0.0,50.68,101.63,Dhaka
2025-02-27,22.85,16.64,30.85,0.0,53.55,101.39,Dhaka
2025-02-28,24.06,17.9,31.4,0.0,50.2,101.27,Dhaka
2025-03-01,25.16,18.08,32.52,0.0,50.65,101.0,Dhaka
2025-03-02,26.57,19.24,34.8,0.0,59.45,100.69,Dhaka
2025-03-03,26.28,20.53,33.92,0.0,59.16,100.85,Dhaka
2025-03-04,25.18,18.57,32.49,0.0,40.53,100.89,Dhaka
2025-03-05,24.05,16.74,32.78,0.0,45.5,100.75,Dhaka
2025-03-06,23.53,17.16,31.9,0.0,36.36,100.99,Dhaka
2025-03-07,22.27,14.74,30.81,0.0,39.17,100.84,Dhaka
2025-03-08,23.73,15.87,31.88,0.01,41.68,100.78,Dhaka
2025-03-09,24.48,18.28,32.35,0.2,57.52,101.19,Dhaka
2025-03-10,25.05,17.67,33.27,0.41,47.12,101.39,Dhaka
2025-03-11,26.81,20.72,34.34,0.0,45.67,101.12,Dhaka
2025-03-12,27.05,19.67,34.39,0.0,44.91,100.73,Dhaka
2025-03-13,27.89,20.59,36.26,0.09,61.16,100.55,Dhaka
2025-03-14,28.53,21.53,37.02,0.72,62.55,100.68,Dhaka
2025-03-15,28.93,22.28,36.63,0.4,65.51,100.85,Dhaka
2025-03-16,29.75,22.81,38.85,0.75,60.02,100.76,Dhaka
2025-03-17,29.71,22.74,38.03,0.65,57.34,100.64,Dhaka
2025-03-18,29.4,23.54,37.08,0.58,52.05,100.77,Dhaka
2025-03-19,29.01,22.26,36.74,0.1,50.99,101.11,Dhaka
2025-03-20,28.95,22.19,36.69,0.06,54.15,101.21,Dhaka
2025-03-21,25.29,21.3,29.27,0.29,58.38,101.42,Dhaka
2025-03-22,24.14,20.32,29.43,0.17,62.47,101.4,Dhaka
2025-03-23,25.54,18.78,32.87,0.15,54.0,101.35,Dhaka
2025-03-24,25.93,18.57,34.21,0.0,48.92,101.2,Dhaka
2025-03-25,26.55,18.51,35.05,0.0,43.83,100.78,Dhaka
2025-03-26,28.14,20.28,35.88,0.0,38.65,100.56,Dhaka
2025-03-27,29.01,21.16,36.34,0.0,47.11,100.37,Dhaka
2025-03-28,29.95,22.44,39.41,0.0,54.19,100.26,Dhaka
2025-03-29,30.3,22.76,39.66,0.0,54.59,100.41,Dhaka
2025-03-30,29.89,22.15,38.05,0.0,58.17,100.75,Dhaka
2025-03-31,30.07,23.17,37.33,0.12,54.69,100.72,Dhaka
2025-04-01,29.71,23.7,36.43,0.74,60.57,100.72,Dhaka
2025-04-02,29.9,23.12,37.48,0.76,53.7,100.87,Dhaka
2025-04-03,29.84,23.17,37.45,1.19,51.06,100.94,Dhaka
2025-04-04,30.87,23.65,38.62,0.0,42.08,100.78,Dhaka
2025-04-05,30.62,23.18,38.54,0.0,48.68,100.65,Dhaka
2025-04-06,31.1,24.05,38.72,0.49,53.7,100.68,Dhaka
2025-04-07,30.82,25.2,37.31,3.29,51.93,100.95,Dhaka
2025-04-08,28.32,23.79,32.79,5.23,66.13,101.23,Dhaka
2025-04-09,30.29,23.57,37.24,0.0,54.44,100.96,Dhaka
2025-04-10,30.28,24.01,36.3,0.01,50.42,100.59,Dhaka
2025-04-11,29.03,24.61,34.48,7.68,58.34,100.45,Dhaka
2025-04-12,29.59,24.88,35.4,1.15,59.46,100.57,Dhaka
2025-04-13,27.83,24.7,31.62,3.53,63.99,100.81,Dhaka
2025-04-14,27.47,24.27,30.57,2.41,65.63,100.87,Dhaka
2025-04-15,28.93,23.39,34.57,3.2,57.94,100.86,Dhaka
2025-04-16,28.91,23.8,34.88,8.42,61.49,100.78,Dhaka
2025-04-17,27.28,23.34,31.9,19.18,73.96,100.73,Dhaka
2025-04-18,27.64,23.21,32.53,11.01,73.5,100.65,Dhaka
2025-04-19,28.49,24.37,33.83,3.94,72.3,100.56,Dhaka
2025-04-20,29.21,23.82,35.02,8.8,73.21,100.53,Dhaka
2025-04-21,29.74,25.98,34.73,25.72,79.34,100.68,Dhaka
2025-04-22,30.24,25.98,36.55,16.46,76.59,100.63,Dhaka
2025-04-23,31.22,26.22,39.01,4.39,71.94,100.31,Dhaka
2025-04-24,31.24,26.5,38.8,4.89,72.04,100.32,Dhaka
2025-04-25,30.6,25.79,37.62,4.76,73.1,100.44,Dhaka
2025-04-26,30.79,26.0,37.76,0.3,71.07,100.52,Dhaka
2025-04-27,30.04,25.64,35.92,5.06,70.13,100.75,Dhaka
2025-04-28,28.68,25.01,33.2,6.24,73.11,100.71,Dhaka
2025-04-29,27.05,23.39,31.3,13.45,75.48,100.74,Dhaka
2025-04-30,27.81,23.33,31.83,8.66,70.18,100.84,Dhaka
2025-05-01,28.46,23.76,33.37,2.81,65.58,100.92,Dhaka
2025-05-02,28.09,23.34,32.71,7.39,67.44,100.78,Dhaka
2025-05-03,28.61,23.06,34.16,1.2,64.76,100.64,Dhaka
2025-05-04,28.77,24.35,33.65,2.86,72.06,100.53,Dhaka
2025-05-05,29.21,24.56,34.04,1.5,70.36,100.55,Dhaka
2025-05-06,29.81,25.0,34.74,2.59,67.66,100.57,Dhaka
2025-05-07,29.95,25.18,34.97,0.49,65.36,100.43,Dhaka
2025-05-08,31.61,25.29,37.92,2.88,63.75,100.41,Dhaka
2025-05-09,32.17,26.22,38.19,0.15,59.25,100.47,Dhaka
2025-05-10,33.07,26.6,40.14,0.13,57.52,100.38,Dhaka
2025-05-11,32.91,26.26,39.78,2.14,59.97,100.28,Dhaka
2025-05-12,30.44,27.04,35.03,18.02,70.83,100.24,Dhaka
2025-05-13,30.1,25.76,35.01,17.5,74.6,100.27,Dhaka
2025-05-14,31.23,26.43,37.61,4.8,71.79,100.36,Dhaka
2025-05-15,30.18,26.46,34.84,14.89,77.43,100.47,Dhaka
2025-05-16,30.49,26.05,36.38,14.9,76.06,100.44,Dhaka
2025-05-17,29.46,26.07,33.84,25.63,81.19,100.49,Dhaka
2025-05-18,28.95,25.44,33.46,15.51,80.25,100.58,Dhaka
2025-05-19,29.28,25.27,33.53,11.95,80.26,100.54,Dhaka
2025-05-20,29.27,25.98,33.75,28.3,84.63,100.36,Dhaka
2025-05-21,28.48,26.17,31.48,29.12,88.13,100.47,Dhaka
2025-05-22,28.82,25.84,32.34,25.24,81.14,100.38,Dhaka
2025-05-23,27.99,25.89,31.32,5.81,85.2,100.23,Dhaka
2025-05-24,28.65,25.88,32.49,6.33,83.65,100.21,Dhaka
2025-05-25,28.51,25.55,31.55,10.49,85.4,100.32,Dhaka
2025-05-26,28.29,26.06,31.04,17.98,87.49,100.2,Dhaka
2025-05-27,29.23,25.34,32.95,4.85,82.01,99.92,Dhaka
2025-05-28,27.86,26.62,29.58,15.33,91.09,99.67,Dhaka
2025-05-29,27.66,26.12,29.21,81.11,92.84,99.3,Dhaka
2025-05-30,28.1,27.07,30.23,58.23,91.26,99.14,Dhaka
2025-05-31,28.51,26.48,30.51,51.88,93.64,99.91,Dhaka
2025-06-01,28.84,26.92,31.52,40.46,90.49,99.87,Dhaka
2025-06-02,29.37,26.68,33.32,28.24,88.96,99.89,Dhaka
2025-06-03,28.52,25.93,32.09,24.83,89.31,100.13,Dhaka
2025-06-04,27.52,26.12,29.38,30.25,91.95,100.39,Dhaka
2025-06-05,28.53,25.34,31.66,23.09,84.68,100.5,Dhaka
2025-06-06,29.19,25.7,32.49,18.65,83.13,100.49,Dhaka
2025-06-07,29.87,26.44,33.08,13.97,77.74,100.41,Dhaka
2025-06-08,30.15,26.53,33.59,0.3,76.54,100.26,Dhaka
2025-06-09,30.42,26.74,33.73,4.02,77.31,100.13,Dhaka
2025-06-10,29.98,26.43,33.73,13.08,84.68,100.08,Dhaka
2025-06-11,29.12,26.4,32.41,12.2,85.59,100.18,Dhaka
2025-06-12,28.91,26.85,31.13,17.9,88.44,100.19,Dhaka
2025-06-13,29.76,26.73,32.98,3.12,85.18,100.16,Dhaka
2025-06-14,28.41,27.29,30.14,5.81,90.89,100.03,Dhaka
2025-06-15,28.43,26.83,30.69,3.85,90.58,100.01,Dhaka
2025-06-16,28.29,26.01,30.58,9.76,91.31,99.91,Dhaka
2025-06-17,28.04,26.55,30.02,23.4,90.78,99.8,Dhaka
2025-06-18,27.93,26.54,29.97,16.64,92.16,99.61,Dhaka
2025-06-19,28.07,26.64,30.45,13.08,90.11,99.82,Dhaka
2025-06-20,28.89,26.53,32.04,12.97,89.42,100.0,Dhaka
2025-06-21,28.71,26.7,31.6,7.02,90.21,100.02,Dhaka
2025-06-22,28.33,26.42,30.84,4.42,89.87,99.98,Dhaka
2025-06-23,28.26,26.27,31.33,12.35,90.36,99.82,Dhaka
2025-06-24,28.64,25.98,31.59,2.91,89.35,99.75,Dhaka
2025-06-25,28.04,26.77,30.09,12.17,92.16,99.97,Dhaka
2025-06-26,28.17,25.97,31.11,8.33,90.78,100.2,Dhaka
2025-06-27,28.57,25.98,32.15,5.08,88.58,100.09,Dhaka
2025-06-28,28.0,25.16,31.35,2.22,89.53,99.84,Dhaka
2025-06-29,28.08,25.56,31.79,2.6,89.94,99.59,Dhaka
2025-06-30,28.24,25.96,31.07,5.49,91.62,99.63,Dhaka
2025-07-01,28.55,26.03,31.66,4.63,88.97,99.83,Dhaka
2025-07-02,28.59,26.19,32.24,5.85,89.8,99.89,Dhaka
2025-07-03,28.76,26.23,32.13,3.77,88.97,99.99,Dhaka
2025-07-04,28.03,26.46,30.04,17.84,92.7,99.93,Dhaka
2025-07-05,27.92,26.28,30.02,9.84,91.3,99.81,Dhaka
2025-07-06,27.59,25.76,29.72,8.53,91.54,99.77,Dhaka
2025-07-07,27.72,25.45,31.02,13.95,89.71,99.69,Dhaka
2025-07-08,27.2,25.51,29.43,43.02,91.55,99.79,Dhaka
2025-07-09,27.19,25.78,29.11,49.55,92.98,100.04,Dhaka
2025-07-10,27.16,25.54,29.58,34.31,91.93,100.13,Dhaka
2025-07-11,28.26,25.07,31.81,18.09,89.51,100.01,Dhaka
2025-07-12,28.64,25.81,30.93,7.88,87.84,100.02,Dhaka
2025-07-13,29.06,26.96,31.43,8.82,86.14,100.02,Dhaka
2025-07-14,27.38,26.28,29.02,24.31,93.14,99.98,Dhaka
2025-07-15,28.05,26.24,30.42,14.26,91.46,100.08,Dhaka
2025-07-16,28.27,25.96,31.38,32.75,90.29,100.25,Dhaka
2025-07-17,28.21,26.08,30.81,22.66,89.34,100.37,Dhaka
2025-07-18,28.89,25.72,32.27,6.09,87.54,100.2,Dhaka
2025-07-19,28.58,26.57,31.45,1.43,89.31,99.85,Dhaka
2025-07-20,28.96,26.68,31.3,15.01,87.19,99.85,Dhaka
2025-07-21,29.5,26.39,32.93,7.45,85.17,99.91,Dhaka
2025-07-22,29.03,27.12,31.79,7.46,89.51,99.79,Dhaka
2025-07-23,30.27,26.42,33.45,19.01,83.82,99.45,Dhaka
2025-07-24,29.27,27.2,32.23,25.82,90.52,99.21,Dhaka
2025-07-25,28.64,26.57,32.31,11.42,90.9,99.3,Dhaka
2025-07-26,28.84,26.48,31.39,18.37,90.61,99.73,Dhaka
2025-07-27,28.85,26.89,31.5,18.78,90.33,99.75,Dhaka
2025-07-28,28.69,26.6,31.97,25.36,90.51,99.79,Dhaka
2025-07-29,28.31,26.11,31.49,17.53,90.34,99.85,Dhaka
2025-07-30,28.12,25.69,31.21,14.29,90.41,99.98,Dhaka
2025-07-31,27.64,25.27,30.58,23.99,92.34,99.93,Dhaka
2025-08-01,28.68,26.1,31.89,17.19,90.37,99.94,Dhaka
2025-08-02,28.25,26.74,29.95,10.74,93.37,100.12,Dhaka
2025-08-03,28.24,26.55,30.35,23.85,92.36,100.4,Dhaka
2025-08-04,28.07,26.63,29.86,51.55,93.69,100.46,Dhaka
2025-08-05,28.15,26.02,30.78,21.05,89.46,100.5,Dhaka
2025-08-06,28.02,25.74,30.7,19.62,89.64,100.32,Dhaka
2025-08-07,27.95,25.93,30.52,20.82,91.31,100.21,Dhaka
2025-08-08,26.59,25.21,27.93,20.42,93.13,100.49,Dhaka
2025-08-09,27.65,24.41,31.0,18.05,89.9,100.65,Dhaka
2025-08-10,28.39,25.49,31.59,12.13,89.36,100.46,Dhaka
2025-08-11,28.73,26.14,32.05,0.87,88.71,100.29,Dhaka
2025-08-12,28.93,26.78,32.03,0.66,87.56,100.13,Dhaka
2025-08-13,27.34,25.71,29.03,25.97,91.17,100.35,Dhaka
2025-08-14,27.65,25.03,30.42,12.16,90.45,100.42,Dhaka
2025-08-15,28.13,25.29,31.46,9.54,88.15,100.21,Dhaka
2025-08-16,28.7,25.49,31.96,15.78,85.6,100.09,Dhaka
2025-08-17,28.27,26.25,30.64,11.35,89.85,100.22,Dhaka
2025-08-18,28.35,25.74,31.71,12.66,90.1,100.39,Dhaka
2025-08-19,27.89,25.8,30.94,11.85,91.24,100.4,Dhaka
2025-08-20,27.94,25.84,30.82,11.03,91.34,100.37,Dhaka
2025-08-21,27.89,25.93,30.68,7.18,91.64,100.31,Dhaka
2025-08-22,27.26,25.41,29.66,14.09,93.11,100.05,Dhaka
2025-08-23,27.63,25.62,30.97,9.8,91.51,100.02,Dhaka
2025-08-24,27.79,25.69,31.15,7.73,90.17,100.29,Dhaka
2025-08-25,27.96,25.42,31.5,6.19,89.13,100.3,Dhaka
2025-08-26,28.01,25.87,31.1,7.39,88.04,100.29,Dhaka
2025-08-27,27.77,25.35,31.37,5.49,90.3,100.28,Dhaka
2025-08-28,27.93,25.76,30.97,7.69,90.31,100.36,Dhaka
2025-08-29,27.81,25.94,30.59,11.06,90.2,100.5,Dhaka
2025-08-30,28.32,25.66,31.4,6.81,87.01,100.56,Dhaka
2025-08-31,28.5,25.79,30.8,13.93,86.31,100.33,Dhaka
2025-09-01,29.07,25.97,31.9,11.65,86.74,99.94,Dhaka
2025-09-02,28.82,26.85,31.38,17.37,88.1,100.1,Dhaka
2025-09-03,28.52,26.1,31.81,2.98,87.27,100.31,Dhaka
2025-09-04,27.77,25.72,30.27,6.69,91.23,100.43,Dhaka
2025-09-05,28.08,25.22,31.43,1.46,87.95,100.49,Dhaka
2025-09-06,28.53,25.6,31.21,8.68,86.78,100.53,Dhaka
2025-09-07,28.18,26.12,30.01,17.79,89.65,100.48,Dhaka
2025-09-08,28.4,25.81,31.37,8.18,86.19,100.46,Dhaka
2025-09-09,28.49,25.96,31.07,11.38,87.63,100.5,Dhaka
2025-09-10,27.97,26.07,30.31,3.99,91.26,100.4,Dhaka
2025-09-11,28.45,25.9,31.63,3.19,88.99,100.42,Dhaka
2025-09-12,27.83,26.09,30.1,17.99,90.8,100.56,Dhaka
2025-09-13,27.69,25.87,30.08,15.31,91.0,100.66,Dhaka
2025-09-14,26.95,25.45,28.26,24.16,93.37,100.66,Dhaka
2025-09-15,27.09,25.03,29.81,30.84,90.44,100.63,Dhaka
2025-09-16,27.0,25.05,29.99,23.6,90.49,100.67,Dhaka
2025-09-17,27.5,24.36,31.11,1.67,88.74,100.65,Dhaka
2025-09-18,27.98,25.37,31.23,9.32,88.97,100.55,Dhaka
2025-09-19,29.03,25.72,32.72,7.0,87.66,100.47,Dhaka
2025-09-20,27.6,26.39,28.88,2.09,92.89,100.3,Dhaka
2025-09-21,27.77,26.18,29.3,7.87,90.81,100.21,Dhaka
2025-09-22,27.47,25.61,30.47,47.92,91.61,100.29,Dhaka
2025-09-23,27.81,25.12,30.98,3.39,90.12,100.25,Dhaka
2025-09-24,27.3,25.73,29.04,4.73,90.4,100.12,Dhaka
2025-09-25,27.9,25.68,30.33,10.91,88.39,100.07,Dhaka
2025-09-26,28.41,26.05,31.48,5.75,89.32,100.34,Dhaka
2025-09-27,28.11,26.02,31.07,4.76,88.92,100.7,Dhaka
2025-09-28,28.06,25.36,31.0,7.71,86.52,100.6,Dhaka
2025-09-29,28.34,25.3,31.49,2.74,86.47,100.38,Dhaka
2025-09-30,28.85,25.5,32.53,13.98,85.75,100.13,Dhaka
2025-10-01,27.56,26.19,29.19,40.63,93.3,100.32,Dhaka
2025-10-02,27.2,25.91,28.88,19.72,94.67,100.73,Dhaka
2025-10-03,27.06,25.49,29.18,12.0,94.09,100.9,Dhaka
2025-10-04,27.48,25.02,30.41,8.93,92.32,100.82,Dhaka
2025-10-05,27.25,25.12,29.83,7.24,92.85,100.77,Dhaka
2025-10-06,26.74,25.09,28.49,27.31,90.0,100.8,Dhaka
2025-10-07,27.44,24.12,30.99,6.88,84.02,100.79,Dhaka
2025-10-08,27.51,24.5,30.81,36.46,85.56,100.81,Dhaka
2025-10-09,27.08,24.75,29.6,20.21,85.83,100.84,Dhaka
2025-10-10,27.13,24.32,30.55,7.28,83.56,100.76,Dhaka
2025-10-11,27.19,24.68,30.19,16.46,82.85,100.77,Dhaka
2025-10-12,26.27,22.93,29.91,0.78,84.91,100.84,Dhaka
2025-10-13,25.73,22.32,29.61,0.26,85.68,100.92,Dhaka
2025-10-14,25.73,21.62,30.66,0.01,85.97,100.8,Dhaka
2025-10-15,25.48,21.08,30.47,0.0,83.41,100.74,Dhaka
2025-10-16,26.22,21.43,31.35,0.14,84.64,100.8,Dhaka
2025-10-17,26.73,22.34,31.29,0.28,85.06,100.94,Dhaka
2025-10-18,26.89,22.79,31.69,0.17,84.32,100.92,Dhaka
2025-10-19,26.35,22.12,31.33,0.03,83.3,100.85,Dhaka
2025-10-20,26.04,21.88,31.12,0.01,83.65,100.87,Dhaka
2025-10-21,26.03,21.01,31.65,0.0,80.08,100.96,Dhaka
2025-10-22,26.76,21.95,32.18,0.0,78.59,100.97,Dhaka
2025-10-23,26.73,22.12,31.86,0.02,81.12,100.93,Dhaka
2025-10-24,26.1,22.45,30.45,0.02,80.45,100.92,Dhaka
2025-10-25,26.23,22.03,30.54,0.0,78.32,100.94,Dhaka
2025-10-26,26.01,21.87,30.55,0.01,79.39,101.0,Dhaka
2025-10-27,26.21,21.81,30.79,0.0,79.22,101.07,Dhaka
2025-10-28,27.38,23.49,31.74,0.01,71.87,101.01,Dhaka
2025-10-29,27.34,22.8,31.63,3.32,76.23,100.98,Dhaka
2025-10-30,27.96,24.04,31.72,22.89,76.66,101.0,Dhaka
2025-10-31,28.26,25.68,31.03,5.82,79.4,100.88,Dhaka
2025-11-01,27.1,25.17,30.07,16.72,89.37,100.71,Dhaka
2025-11-02,26.22,23.81,29.29,40.83,90.54,100.67,Dhaka
2025-11-03,24.64,21.8,28.43,1.21,88.32,100.74,Dhaka
2025-11-04,24.74,20.06,30.14,0.5,86.11,100.63,Dhaka
2025-11-05,24.88,22.1,28.16,2.76,89.05,100.49,Dhaka
2025-11-06,25.62,22.33,29.36,3.54,86.33,100.72,Dhaka
2025-11-07,24.39,20.72,28.85,0.01,86.78,100.93,Dhaka
2025-11-08,23.17,19.37,28.87,0.0,87.05,101.01,Dhaka
2025-11-09,22.1,17.8,27.33,0.0,87.03,100.92,Dhaka
2025-11-10,22.21,17.97,27.62,0.0,87.26,100.99,Dhaka
2025-11-11,20.77,17.21,25.9,0.0,85.23,101.06,Dhaka
2025-11-12,19.93,14.92,25.98,0.0,80.96,101.18,Dhaka
2025-11-13,20.25,14.53,26.36,0.0,79.08,101.31,Dhaka
2025-11-14,20.99,14.88,26.2,0.0,75.51,101.29,Dhaka
2025-11-15,20.66,14.86,26.54,0.0,76.47,101.4,Dhaka
2025-11-16,20.75,15.81,26.41,0.0,74.23,101.51,Dhaka
2025-11-17,21.55,15.24,27.33,0.0,75.93,101.48,Dhaka
2025-11-18,21.55,16.15,27.33,0.0,81.45,101.34,Dhaka
2025-11-19,21.06,16.08,26.89,0.0,74.88,101.35,Dhaka
2025-11-20,20.65,15.23,26.32,0.0,75.32,101.43,Dhaka
2025-11-21,20.58,16.53,25.51,0.0,71.51,101.5,Dhaka
2025-11-22,20.08,14.75,25.3,0.0,77.61,101.41,Dhaka
2025-11-23,19.67,15.33,25.13,0.0,79.76,101.45,Dhaka
2025-11-24,18.54,13.59,24.59,0.0,84.39,101.49,Dhaka
2025-11-25,19.07,13.13,25.57,0.0,82.27,101.37,Dhaka
2025-11-26,19.83,14.11,25.47,0.0,77.22,101.46,Dhaka
2025-11-27,20.56,14.54,25.92,0.0,76.49,101.55,Dhaka
2025-11-28,20.26,15.31,26.1,0.0,77.24,101.41,Dhaka
2025-11-29,20.17,14.9,26.01,0.0,67.48,101.25,Dhaka
2025-11-30,19.71,14.57,25.77,0.0,78.55,101.23,Dhaka
2025-12-01,19.01,14.78,23.47,0.0,87.5,101.25,Dhaka
2025-12-02,18.78,14.22,23.93,0.0,81.55,101.25,Dhaka
2025-12-03,17.97,13.16,23.97,0.0,81.31,101.41,Dhaka
2025-12-04,18.38,12.52,24.98,0.0,83.85,101.47,Dhaka
2025-12-05,18.27,12.82,25.29,0.0,83.42,101.57,Dhaka
2025-12-06,17.77,12.03,25.02,0.0,79.87,101.53,Dhaka
2025-12-07,17.81,12.06,23.9,0.0,81.15,101.53,Dhaka
2025-12-08,18.06,13.09,23.79,0.0,81.31,101.43,Dhaka
2025-12-09,19.12,14.62,24.52,0.0,74.18,101.38,Dhaka
2025-12-10,19.05,13.83,25.77,0.0,74.55,101.44,Dhaka
2025-12-11,18.28,12.02,24.79,0.0,75.86,101.38,Dhaka
2025-12-12,18.98,13.39,25.19,0.0,70.02,101.36,Dhaka
2025-12-13,19.26,12.65,26.51,0.0,72.93,101.42,Dhaka
2025-12-14,19.44,13.47,26.02,0.0,74.68,101.48,Dhaka
2025-12-15,19.1,14.23,25.57,0.0,75.89,101.43,Dhaka
2025-12-16,18.85,13.38,25.4,0.0,76.88,101.35,Dhaka
2025-12-17,18.57,12.92,25.23,0.0,76.18,101.47,Dhaka
2025-12-18,19.71,13.86,26.44,0.0,75.02,101.44,Dhaka
2025-12-19,19.52,14.92,25.02,0.0,76.55,101.27,Dhaka
2025-12-20,18.48,13.88,24.68,0.0,79.96,101.28,Dhaka
2025-12-21,18.11,12.85,24.67,0.0,79.98,101.43,Dhaka
2025-12-22,18.03,13.08,24.74,0.0,79.04,101.35,Dhaka
2025-12-23,17.63,13.04,23.95,0.0,82.27,101.21,Dhaka
2025-12-24,16.8,11.84,23.5,0.0,82.51,101.26,Dhaka
2025-12-25,16.0,10.44,22.62,0.0,78.92,101.39,Dhaka
2025-12-26,16.13,10.16,22.98,0.0,75.93,101.37,Dhaka
2025-12-27,16.34,10.67,22.9,0.0,77.51,101.36,Dhaka
2025-12-28,15.79,10.68,22.55,0.0,82.24,101.46,Dhaka
2025-12-29,15.01,10.02,21.48,0.0,84.22,101.44,Dhaka
2025-12-30,13.9,10.11,19.97,0.21,86.43,101.34,Dhaka
2025-12-31,14.1,8.7,20.81,0.24,82.71,101.22,Dhaka
2021-12-01,20.32,13.69,26.75,0.0,78.78,101.38,Khulna
2021-12-02,21.17,14.26,27.69,0.0,74.5,101.36,Khulna
2021-12-03,21.48,14.96,27.39,0.14,79.63,101.47,Khulna
2021-12-04,20.96,18.39,24.24,6.86,92.56,101.42,Khulna
2021-12-05,21.95,20.29,24.38,30.88,94.39,101.38,Khulna
2021-12-06,22.92,20.71,26.29,53.53,95.03,101.04,Khulna
2021-12-07,21.68,18.5,25.91,17.86,90.3,101.28,Khulna
2021-12-08,21.1,17.19,26.12,1.96,88.79,101.51,Khulna
2021-12-09,21.16,16.44,26.12,1.04,86.32,101.66,Khulna
2021-12-10,19.88,17.54,23.15,2.82,82.71,101.64,Khulna
2021-12-11,18.83,14.28,24.95,3.3,82.48,101.66,Khulna
2021-12-12,17.47,13.46,23.65,0.0,82.74,101.76,Khulna
2021-12-13,16.48,10.48,22.67,0.0,81.39,101.65,Khulna
2021-12-14,16.72,11.17,22.8,0.0,83.78,101.52,Khulna
2021-12-15,16.55,11.34,22.41,0.0,80.37,101.49,Khulna
2021-12-16,16.61,11.92,22.46,0.0,83.22,101.55,Khulna
2021-12-17,16.99,10.53,23.35,0.0,79.82,101.53,Khulna
2021-12-18,17.43,10.85,24.17,0.0,76.76,101.48,Khulna
2021-12-19,15.12,10.65,21.12,0.0,81.6,101.59,Khulna
2021-12-20,12.45,6.2,19.91,0.0,76.27,101.64,Khulna
2021-12-21,14.15,7.11,21.11,0.0,82.31,101.49,Khulna
2021-12-22,16.12,10.98,22.07,0.0,82.71,101.3,Khulna
2021-12-23,16.84,10.84,23.6,0.0,80.14,101.32,Khulna
2021-12-24,17.33,10.94,23.18,0.0,79.87,101.4,Khulna
2021-12-25,18.42,12.62,23.66,0.0,76.59,101.45,Khulna
2021-12-26,18.76,14.16,24.02,0.0,74.72,101.65,Khulna
2021-12-27,18.47,14.27,23.73,0.0,77.91,101.74,Khulna
2021-12-28,18.16,13.2,23.43,0.0,82.78,101.7,Khulna
2021-12-29,18.07,13.26,23.61,0.0,82.6,101.71,Khulna
2021-12-30,17.68,13.26,23.84,0.01,84.42,101.88,Khulna
2021-12-31,17.45,13.19,23.68,0.02,84.22,101.93,Khulna
2022-01-01,16.11,11.91,22.67,0.0,84.08,101.87,Khulna
2022-01-02,16.03,11.45,22.08,0.0,85.18,101.71,Khulna
2022-01-03,16.25,10.69,22.73,0.0,83.84,101.59,Khulna
2022-01-04,15.75,10.92,22.39,0.0,79.38,101.66,Khulna
2022-01-05,15.66,8.95,22.81,0.0,78.67,101.6,Khulna
2022-01-06,16.77,9.94,23.67,0.0,76.77,101.53,Khulna
2022-01-07,17.53,11.17,24.17,0.0,77.47,101.6,Khulna
2022-01-08,18.28,11.98,24.92,0.0,82.34,101.58,Khulna
2022-01-09,19.21,12.92,25.26,0.0,80.04,101.39,Khulna
2022-01-10,20.22,14.35,25.52,0.0,76.52,101.43,Khulna
2022-01-11,19.82,14.47,25.26,1.0,81.64,101.44,Khulna
2022-01-12,18.58,15.06,23.25,5.21,88.58,101.42,Khulna
2022-01-13,18.45,13.6,23.16,1.33,85.9,101.52,Khulna
2022-01-14,17.91,14.12,22.72,1.17,83.14,101.57,Khulna
2022-01-15,16.81,12.6,23.04,0.53,78.59,101.53,Khulna
2022-01-16,15.97,11.3,22.66,0.07,78.51,101.72,Khulna
2022-01-17,15.18,8.91,22.65,0.0,80.16,101.78,Khulna
2022-01-18,15.55,9.67,22.65,0.0,81.56,101.55,Khulna
2022-01-19,16.56,11.32,23.35,0.0,80.86,101.33,Khulna
2022-01-20,15.85,10.86,22.73,0.0,76.63,101.11,Khulna
2022-01-21,17.67,12.53,24.1,0.06,63.46,101.12,Khulna
2022-01-22,18.08,12.6,24.14,0.37,77.77,101.03,Khulna
2022-01-23,18.83,13.01,25.56,0.6,81.92,101.02,Khulna
2022-01-24,18.18,15.72,21.87,7.34,91.82,101.04,Khulna
2022-01-25,18.89,14.77,23.59,0.66,79.57,101.11,Khulna
2022-01-26,18.85,14.52,23.94,1.54,78.81,101.21,Khulna
2022-01-27,16.82,12.29,22.35,1.49,78.01,101.33,Khulna
2022-01-28,14.2,8.8,21.3,1.57,73.33,101.53,Khulna
2022-01-29,13.45,7.65,20.35,0.0,76.28,101.51,Khulna
2022-01-30,14.72,7.52,22.18,0.0,68.78,101.25,Khulna
2022-01-31,17.35,10.25,24.02,0.0,62.12,101.17,Khulna
2022-02-01,17.71,10.93,25.43,0.0,75.81,101.0,Khulna
2022-02-02,18.66,11.73,25.86,0.0,64.09,101.21,Khulna
2022-02-03,19.09,12.01,27.12,0.12,79.32,101.18,Khulna
2022-02-04,20.25,15.27,26.32,28.91,84.25,100.96,Khulna
2022-02-05,17.21,11.82,22.89,7.48,71.2,101.15,Khulna
2022-02-06,15.66,10.53,22.1,17.15,70.58,101.55,Khulna
2022-02-07,16.1,10.6,22.36,0.0,69.48,101.53,Khulna
2022-02-08,17.71,10.74,23.96,0.0,63.48,101.4,Khulna
2022-02-09,18.59,12.4,25.41,0.0,65.37,101.47,Khulna
2022-02-10,19.22,12.62,25.34,0.36,78.37,101.33,Khulna
2022-02-11,18.78,13.93,24.7,0.2,73.89,101.35,Khulna
2022-02-12,17.47,12.97,23.84,0.0,58.45,101.36,Khulna
2022-02-13,16.86,10.02,24.59,0.0,65.94,101.21,Khulna
2022-02-14,17.37,10.29,25.19,0.0,64.92,101.2,Khulna
2022-02-15,18.15,11.97,25.67,0.0,58.35,101.14,Khulna
2022-02-16,18.41,11.68,25.69,0.0,59.18,100.96,Khulna
2022-02-17,19.3,11.34,26.78,0.0,63.35,100.95,Khulna
2022-02-18,19.53,11.95,26.56,0.0,53.73,101.12,Khulna
2022-02-19,19.34,12.58,27.23,0.0,54.35,101.18,Khulna
2022-02-20,19.97,12.91,28.42,3.71,73.9,100.82,Khulna
2022-02-21,20.21,13.05,27.64,0.73,66.24,100.88,Khulna
2022-02-22,20.72,13.78,27.75,2.19,72.96,101.31,Khulna
2022-02-23,22.21,16.08,28.9,0.78,71.91,101.54,Khulna
2022-02-24,22.46,15.35,30.34,1.59,69.46,101.5,Khulna
2022-02-25,23.25,17.1,29.9,2.36,71.59,101.48,Khulna
2022-02-26,23.97,18.84,30.4,1.02,68.64,101.54,Khulna
2022-02-27,23.73,17.11,30.76,3.26,65.35,101.46,Khulna
2022-02-28,23.7,17.74,30.01,10.82,70.42,101.35,Khulna
2022-03-01,23.45,17.37,29.37,4.75,65.53,101.44,Khulna
2022-03-02,23.43,16.82,29.69,0.0,60.66,101.4,Khulna
2022-03-03,23.62,17.48,30.5,0.0,55.73,101.36,Khulna
2022-03-04,22.86,15.04,30.63,0.0,56.83,101.28,Khulna
2022-03-05,24.08,16.57,31.82,0.0,58.01,101.13,Khulna
2022-03-06,24.06,17.72,31.6,0.0,55.97,101.13,Khulna
2022-03-07,23.43,15.94,32.17,0.0,56.26,101.13,Khulna
2022-03-08,23.58,15.56,32.74,0.0,58.71,101.0,Khulna
2022-03-09,23.99,15.64,33.54,0.0,55.22,100.99,Khulna
2022-03-10,23.7,15.24,33.26,0.0,53.88,100.97,Khulna
2022-03-11,24.41,15.79,32.98,0.0,50.73,100.93,Khulna
2022-03-12,24.17,17.08,33.4,0.0,56.23,100.86,Khulna
2022-03-13,24.65,16.55,33.78,0.0,53.75,100.91,Khulna
2022-03-14,25.69,17.09,35.0,0.0,52.65,100.84,Khulna
2022-03-15,26.08,17.23,35.67,0.0,48.06,100.62,Khulna
2022-03-16,26.58,17.73,36.37,0.0,55.16,100.51,Khulna
2022-03-17,27.52,19.06,36.79,0.0,60.65,100.66,Khulna
2022-03-18,27.84,19.45,37.24,0.0,56.84,100.7,Khulna
2022-03-19,27.59,19.04,37.56,0.0,54.28,100.53,Khulna
2022-03-20,27.08,18.85,37.13,0.0,55.49,100.45,Khulna
2022-03-21,27.88,19.06,37.59,0.0,60.99,100.57,Khulna
2022-03-22,29.77,21.9,38.08,0.0,58.26,100.59,Khulna
2022-03-23,30.45,22.61,38.91,0.0,53.14,100.56,Khulna
2022-03-24,29.9,23.42,38.89,0.0,57.48,100.5,Khulna
2022-03-25,29.83,23.3,38.32,0.0,63.76,100.56,Khulna
2022-03-26,30.59,24.8,38.86,0.0,62.97,100.65,Khulna
2022-03-27,30.45,23.87,38.07,0.03,63.37,100.83,Khulna
2022-03-28,30.52,23.96,38.44,0.14,57.75,100.72,Khulna
2022-03-29,30.1,23.59,38.37,0.3,61.59,100.56,Khulna
2022-03-30,30.28,24.12,38.09,0.1,65.01,100.64,Khulna
2022-03-31,30.73,24.28,38.81,0.0,62.64,100.69,Khulna
2022-04-01,31.0,24.79,39.01,0.0,62.86,100.69,Khulna
2022-04-02,30.63,25.35,38.29,0.0,62.5,100.86,Khulna
2022-04-03,30.36,24.49,38.51,0.0,62.73,100.84,Khulna
2022-04-04,30.99,25.56,39.41,0.0,59.02,100.85,Khulna
2022-04-05,30.85,24.43,39.53,0.02,58.05,101.03,Khulna
2022-04-06,30.67,23.52,39.79,0.42,60.88,101.02,Khulna
2022-04-07,31.39,23.43,40.59,0.0,54.67,100.95,Khulna
2022-04-08,31.38,22.93,40.44,0.0,52.1,100.77,Khulna
2022-04-09,31.74,24.32,40.76,0.0,55.16,100.61,Khulna
2022-04-10,31.77,24.02,40.65,0.0,58.19,100.55,Khulna
2022-04-11,32.43,25.09,41.1,0.0,57.99,100.4,Khulna
2022-04-12,32.51,25.36,40.97,0.0,56.67,100.45,Khulna
2022-04-13,32.3,25.36,41.07,0.0,56.5,100.35,Khulna
2022-04-14,32.46,25.74,41.05,0.18,56.97,100.19,Khulna
2022-04-15,33.51,26.58,43.21,0.45,51.49,100.16,Khulna
2022-04-16,32.97,26.23,41.19,0.44,55.82,100.19,Khulna
2022-04-17,32.93,26.37,41.31,0.0,54.26,100.31,Khulna
2022-04-18,33.25,25.56,41.8,0.02,51.89,100.5,Khulna
2022-04-19,32.88,25.83,41.31,0.3,53.38,100.64,Khulna
2022-04-20,32.13,25.39,40.78,2.26,56.13,100.6,Khulna
2022-04-21,31.6,24.95,38.74,1.86,55.79,100.63,Khulna
2022-04-22,32.7,26.83,39.47,1.26,54.57,100.61,Khulna
2022-04-23,32.33,26.05,40.99,10.18,58.74,100.53,Khulna
2022-04-24,32.87,25.64,41.77,3.58,56.27,100.34,Khulna
2022-04-25,33.54,25.44,42.35,0.0,54.9,100.33,Khulna
2022-04-26,33.73,26.32,42.47,0.19,53.53,100.38,Khulna
2022-04-27,33.69,26.37,42.74,0.47,54.7,100.37,Khulna
2022-04-28,34.38,25.98,43.79,0.04,50.4,100.44,Khulna
2022-04-29,34.57,26.49,43.88,0.1,49.96,100.4,Khulna
2022-04-30,33.55,26.73,41.96,2.22,51.13,100.36,Khulna
2022-05-01,32.46,26.5,40.09,4.38,51.12,100.34,Khulna
2022-05-02,31.42,25.95,38.72,7.14,58.45,100.37,Khulna
2022-05-03,29.55,25.25,35.53,19.08,68.98,100.52,Khulna
2022-05-04,29.46,24.62,34.79,13.03,71.92,100.65,Khulna
2022-05-05,30.43,25.15,36.22,3.21,65.43,100.54,Khulna
2022-05-06,29.67,24.9,35.33,17.34,71.47,100.5,Khulna
2022-05-07,30.51,24.94,36.33,1.96,65.2,100.47,Khulna
2022-05-08,31.05,25.11,37.73,1.33,62.5,100.42,Khulna
2022-05-09,28.97,25.57,33.87,12.82,75.48,100.52,Khulna
2022-05-10,28.2,25.61,32.23,17.13,81.34,100.52,Khulna
2022-05-11,28.96,25.63,33.44,24.95,81.33,100.39,Khulna
2022-05-12,29.71,26.0,34.69,5.08,77.86,100.31,Khulna
2022-05-13,29.76,26.3,34.69,7.02,79.21,100.04,Khulna
2022-05-14,30.67,26.33,37.08,4.26,76.35,100.07,Khulna
2022-05-15,29.96,26.95,34.13,4.87,80.09,100.31,Khulna
2022-05-16,29.32,26.92,32.92,0.36,82.48,100.25,Khulna
2022-05-17,29.59,26.9,33.6,0.23,80.06,100.21,Khulna
2022-05-18,29.48,27.33,32.94,0.5,81.22,100.34,Khulna
2022-05-19,30.55,26.72,36.37,0.17,74.92,100.33,Khulna
2022-05-20,30.69,26.87,36.81,5.42,73.28,100.16,Khulna
2022-05-21,29.47,26.57,34.1,38.92,84.0,99.84,Khulna
2022-05-22,28.63,23.96,33.5,3.69,80.24,99.79,Khulna
2022-05-23,29.6,25.09,35.09,1.11,74.82,99.9,Khulna
2022-05-24,30.38,24.59,36.0,1.8,71.75,100.23,Khulna
2022-05-25,30.15,26.48,34.65,8.62,74.5,100.34,Khulna
2022-05-26,30.28,25.74,35.55,9.93,73.11,100.23,Khulna
2022-05-27,30.52,25.87,35.97,12.49,72.43,99.99,Khulna
2022-05-28,30.76,25.93,36.23,7.76,73.05,99.92,Khulna
2022-05-29,30.31,26.57,34.85,34.87,77.1,99.99,Khulna
2022-05-30,28.99,26.47,32.55,16.32,83.22,100.03,Khulna
2022-05-31,29.05,26.19,32.48,3.49,83.02,99.98,Khulna
2022-06-01,28.55,26.62,31.36,4.37,87.9,100.03,Khulna
2022-06-02,29.31,25.99,33.58,1.4,81.41,100.07,Khulna
2022-06-03,28.87,26.66,32.1,1.77,86.04,100.05,Khulna
2022-06-04,28.98,26.81,32.4,2.11,82.83,100.16,Khulna
2022-06-05,29.05,26.44,32.95,1.36,83.7,100.21,Khulna
2022-06-06,29.31,26.22,33.91,1.56,81.35,100.14,Khulna
2022-06-07,29.96,25.98,35.03,0.74,79.31,100.05,Khulna
2022-06-08,29.51,26.63,33.12,0.35,83.54,99.99,Khulna
2022-06-09,29.34,27.17,32.49,11.91,87.43,99.98,Khulna
2022-06-10,29.1,26.07,33.25,8.68,80.53,100.06,Khulna
2022-06-11,28.99,25.84,33.45,2.02,82.32,100.06,Khulna
2022-06-12,30.01,26.45,34.85,0.02,80.25,100.15,Khulna
2022-06-13,30.43,27.25,35.12,0.72,79.4,100.23,Khulna
2022-06-14,29.68,27.22,33.74,4.69,83.45,100.2,Khulna
2022-06-15,29.38,26.93,33.32,4.28,82.88,100.24,Khulna
2022-06-16,28.11,26.63,30.36,6.9,87.46,100.37,Khulna
2022-06-17,28.09,26.65,30.65,15.68,90.0,100.39,Khulna
2022-06-18,27.96,26.39,30.51,16.99,87.96,100.41,Khulna
2022-06-19,27.69,26.05,30.39,9.06,88.35,100.3,Khulna
2022-06-20,27.24,25.63,29.3,10.39,88.97,100.11,Khulna
2022-06-21,27.71,25.65,30.36,9.14,88.46,99.98,Khulna
2022-06-22,27.98,25.19,31.79,10.13,84.95,100.3,Khulna
2022-06-23,28.32,24.38,32.73,5.22,85.46,100.35,Khulna
2022-06-24,28.38,25.45,32.1,5.63,85.58,100.25,Khulna
2022-06-25,28.72,25.38,33.0,4.4,84.37,100.09,Khulna
2022-06-26,28.53,25.75,31.89,3.52,84.8,100.3,Khulna
2022-06-27,28.87,25.61,32.87,2.1,83.3,100.4,Khulna
2022-06-28,28.22,25.96,31.53,4.78,87.38,100.27,Khulna
2022-06-29,28.3,25.83,31.22,6.15,88.54,100.12,Khulna
2022-06-30,28.08,25.99,30.79,10.85,89.33,100.08,Khulna
2022-07-01,28.45,26.17,31.7,10.97,89.43,99.97,Khulna
2022-07-02,28.32,26.03,32.21,11.7,85.96,99.83,Khulna
2022-07-03,28.24,25.99,31.2,7.06,89.07,99.87,Khulna
2022-07-04,28.85,26.0,32.8,5.3,87.11,99.87,Khulna
2022-07-05,28.7,25.94,32.45,1.97,85.97,99.92,Khulna
2022-07-06,28.1,26.25,30.37,8.99,91.04,100.22,Khulna
2022-07-07,28.82,25.63,32.87,3.92,85.77,100.33,Khulna
2022-07-08,28.34,25.51,31.81,3.63,87.32,100.16,Khulna
2022-07-09,28.31,25.09,32.13,3.02,84.8,100.02,Khulna
2022-07-10,28.66,25.65,32.38,6.37,85.55,99.93,Khulna
2022-07-11,28.26,25.82,32.17,4.67,87.0,100.01,Khulna
2022-07-12,28.8,26.19,32.84,5.2,85.39,99.85,Khulna
2022-07-13,29.06,26.32,33.07,3.84,84.84,99.67,Khulna
2022-07-14,28.2,26.27,30.85,1.08,88.46,99.75,Khulna
2022-07-15,28.83,25.98,32.51,0.9,84.87,99.98,Khulna
2022-07-16,29.05,26.14,33.1,2.1,84.66,100.07,Khulna
2022-07-17,29.37,26.32,34.2,4.19,84.42,100.22,Khulna
2022-07-18,29.12,25.53,33.5,1.49,81.71,100.24,Khulna
2022-07-19,28.58,26.4,32.01,4.65,85.85,100.11,Khulna
2022-07-20,28.88,26.2,32.56,8.39,85.62,100.11,Khulna
2022-07-21,29.45,26.33,33.12,5.6,84.7,100.16,Khulna
2022-07-22,28.87,26.61,32.17,4.98,87.86,100.25,Khulna
2022-07-23,28.33,25.72,31.37,4.28,86.72,100.27,Khulna
2022-07-24,27.57,25.91,29.9,11.01,89.66,100.39,Khulna
2022-07-25,27.17,25.31,29.5,12.12,88.29,100.68,Khulna
2022-07-26,28.21,24.88,32.72,3.94,80.63,100.76,Khulna
2022-07-27,28.29,25.38,32.17,1.89,83.67,100.66,Khulna
2022-07-28,27.72,25.83,29.97,6.61,88.15,100.67,Khulna
2022-07-29,29.37,25.3,33.68,2.89,81.19,100.53,Khulna
2022-07-30,29.07,26.07,32.86,4.15,86.24,100.35,Khulna
2022-07-31,28.5,26.51,31.29,1.61,89.61,100.17,Khulna
2022-08-01,28.82,26.38,31.8,7.49,89.23,100.15,Khulna
2022-08-02,29.61,26.15,33.58,4.64,84.56,100.12,Khulna
2022-08-03,28.54,26.28,31.54,21.68,87.93,100.28,Khulna
2022-08-04,28.49,25.59,31.95,7.91,86.51,100.28,Khulna
2022-08-05,29.43,26.45,33.07,2.77,85.66,100.07,Khulna
2022-08-06,28.55,26.16,31.9,7.14,88.55,99.89,Khulna
2022-08-07,29.08,26.05,33.15,7.12,85.42,99.78,Khulna
2022-08-08,27.97,25.65,30.86,17.79,89.15,99.69,Khulna
2022-08-09,27.97,25.83,31.37,9.12,89.61,99.71,Khulna
2022-08-10,27.43,25.78,29.51,17.49,92.94,99.7,Khulna
2022-08-11,27.42,25.59,29.95,18.18,91.39,99.94,Khulna
2022-08-12,28.89,24.72,33.57,4.31,83.38,99.99,Khulna
2022-08-13,28.3,25.78,31.42,4.79,88.17,99.81,Khulna
2022-08-14,27.47,25.89,30.05,26.37,91.52,100.0,Khulna
2022-08-15,27.79,25.99,30.38,9.94,89.66,100.48,Khulna
2022-08-16,28.63,25.27,32.41,4.27,85.88,100.47,Khulna
2022-08-17,29.35,25.86,33.05,0.99,84.46,100.23,Khulna
2022-08-18,29.74,26.67,33.2,3.93,85.1,99.87,Khulna
2022-08-19,28.28,25.92,31.85,22.71,87.59,99.79,Khulna
2022-08-20,27.87,25.44,31.53,11.59,87.84,100.03,Khulna
2022-08-21,28.22,25.11,32.23,3.57,87.9,100.09,Khulna
2022-08-22,28.85,25.53,32.74,2.82,86.35,100.07,Khulna
2022-08-23,28.2,25.78,31.42,31.07,89.63,100.25,Khulna
2022-08-24,27.71,24.71,31.74,14.94,87.83,100.43,Khulna
2022-08-25,28.16,24.6,32.33,2.24,87.1,100.36,Khulna
2022-08-26,28.0,24.88,31.87,0.09,87.07,100.25,Khulna
2022-08-27,27.83,25.36,30.99,1.14,89.85,100.22,Khulna
2022-08-28,28.06,25.33,31.77,2.33,87.71,100.45,Khulna
2022-08-29,28.47,25.38,32.35,1.48,86.28,100.7,Khulna
2022-08-30,29.07,25.48,33.31,0.56,82.78,100.74,Khulna
2022-08-31,28.76,25.39,32.64,0.34,86.46,100.56,Khulna
2022-09-01,28.15,25.98,30.84,0.59,89.5,100.63,Khulna
2022-09-02,28.34,26.24,31.39,3.38,88.11,100.68,Khulna
2022-09-03,28.82,25.74,32.52,4.09,87.64,100.4,Khulna
2022-09-04,28.67,26.58,31.73,7.83,89.94,100.37,Khulna
2022-09-05,28.31,26.58,30.8,12.28,91.32,100.41,Khulna
2022-09-06,28.28,26.18,31.43,21.32,86.62,100.54,Khulna
2022-09-07,28.03,25.11,31.24,8.19,88.65,100.64,Khulna
2022-09-08,29.14,25.75,32.66,1.9,86.06,100.66,Khulna
2022-09-09,28.3,26.3,30.73,4.75,86.04,100.65,Khulna
2022-09-10,27.29,26.08,29.23,8.07,93.79,100.56,Khulna
2022-09-11,27.16,25.89,28.76,30.23,94.36,100.43,Khulna
2022-09-12,27.17,26.12,28.66,54.21,95.23,100.36,Khulna
2022-09-13,27.23,25.89,29.03,38.74,94.72,100.55,Khulna
2022-09-14,26.94,25.6,28.94,49.23,94.3,100.71,Khulna
2022-09-15,27.4,25.07,30.35,29.93,91.95,100.53,Khulna
2022-09-16,27.45,25.41,29.84,11.37,92.29,100.25,Khulna
2022-09-17,28.0,25.07,31.29,5.65,90.18,100.25,Khulna
2022-09-18,28.34,25.53,31.68,3.18,87.5,100.31,Khulna
2022-09-19,27.7,25.27,31.01,1.77,91.68,100.35,Khulna
2022-09-20,27.8,25.67,30.75,4.92,91.25,100.32,Khulna
2022-09-21,27.9,25.61,31.43,5.72,90.26,100.44,Khulna
2022-09-22,27.66,25.02,31.09,5.81,90.67,100.52,Khulna
2022-09-23,27.55,24.75,30.98,1.62,89.66,100.55,Khulna
2022-09-24,27.45,24.82,30.63,2.73,89.55,100.49,Khulna
2022-09-25,28.11,24.98,31.43,1.38,84.88,100.57,Khulna
2022-09-26,27.22,25.16,29.99,3.34,88.68,100.64,Khulna
2022-09-27,27.32,24.9,30.37,15.64,89.48,100.52,Khulna
2022-09-28,27.47,25.23,30.12,3.69,89.42,100.44,Khulna
2022-09-29,28.84,25.52,32.07,1.1,82.15,100.4,Khulna
2022-09-30,28.91,24.89,32.92,0.13,81.78,100.36,Khulna
2022-10-01,28.79,25.62,32.22,3.11,85.54,100.26,Khulna
2022-10-02,27.05,25.39,29.03,9.71,94.76,100.17,Khulna
2022-10-03,27.01,24.52,29.67,12.24,91.74,100.43,Khulna
2022-10-04,27.36,25.52,30.42,20.07,92.19,100.75,Khulna
2022-10-05,27.3,24.81,30.59,7.78,90.93,100.9,Khulna
2022-10-06,27.18,24.11,30.92,3.63,89.28,100.95,Khulna
2022-10-07,27.17,24.54,30.6,2.52,86.18,100.94,Khulna
2022-10-08,27.61,24.67,31.19,1.02,84.31,100.96,Khulna
2022-10-09,26.85,24.68,29.67,5.9,91.32,101.09,Khulna
2022-10-10,26.76,24.37,29.88,9.27,90.99,101.13,Khulna
2022-10-11,26.67,24.53,29.47,2.05,92.85,100.97,Khulna
2022-10-12,26.55,24.66,29.14,9.24,92.24,100.97,Khulna
2022-10-13,26.66,24.16,29.78,8.15,89.52,100.97,Khulna
2022-10-14,27.43,23.84,30.97,4.16,83.97,100.92,Khulna
2022-10-15,26.78,23.56,30.72,3.7,86.48,100.88,Khulna
2022-10-16,25.46,21.32,30.5,1.03,84.34,101.07,Khulna
2022-10-17,26.06,21.59,30.92,5.89,83.17,101.09,Khulna
2022-10-18,26.83,22.37,30.71,1.1,80.24,101.01,Khulna
2022-10-19,26.08,22.77,30.13,3.7,85.6,101.0,Khulna
2022-10-20,25.5,22.08,30.41,1.86,86.19,101.12,Khulna
2022-10-21,25.68,20.92,30.75,0.0,85.31,101.22,Khulna
2022-10-22,26.64,21.99,31.94,0.0,82.19,101.19,Khulna
2022-10-23,24.5,21.66,27.86,20.6,91.44,101.05,Khulna
2022-10-24,23.33,21.97,24.58,143.91,95.42,100.35,Khulna
2022-10-25,24.27,20.44,28.56,17.48,85.4,100.73,Khulna
2022-10-26,24.93,20.39,29.19,8.67,82.2,101.22,Khulna
2022-10-27,25.15,21.0,29.97,0.0,77.31,101.18,Khulna
2022-10-28,23.9,19.79,28.77,0.0,78.02,101.14,Khulna
2022-10-29,23.85,18.34,28.88,0.39,75.76,101.12,Khulna
2022-10-30,24.4,19.43,29.53,0.32,74.29,101.1,Khulna
2022-10-31,24.42,19.26,29.55,1.3,76.32,101.17,Khulna
2022-11-01,25.07,20.09,30.4,0.0,85.15,101.2,Khulna
2022-11-02,25.08,21.14,29.87,0.0,84.27,101.07,Khulna
2022-11-03,23.59,19.74,27.3,0.0,79.58,101.09,Khulna
2022-11-04,23.7,18.31,28.38,0.0,75.62,101.25,Khulna
2022-11-05,24.72,19.65,29.43,0.0,72.09,101.4,Khulna
2022-11-06,24.13,19.55,29.07,0.55,76.17,101.4,Khulna
2022-11-07,23.25,17.89,28.74,0.19,76.33,101.35,Khulna
2022-11-08,23.71,18.57,28.79,0.0,73.42,101.34,Khulna
2022-11-09,23.31,19.16,28.09,0.0,75.62,101.37,Khulna
2022-11-10,23.09,17.97,27.97,0.0,76.08,101.36,Khulna
2022-11-11,22.96,18.0,28.45,0.0,77.86,101.34,Khulna
2022-11-12,22.66,17.51,28.49,0.0,78.43,101.29,Khulna
2022-11-13,21.04,16.31,26.82,0.14,77.16,101.31,Khulna
2022-11-14,20.85,14.61,26.85,0.08,73.66,101.31,Khulna
2022-11-15,21.23,15.11,27.39,0.0,76.66,101.24,Khulna
2022-11-16,20.95,15.53,27.1,0.0,79.83,101.14,Khulna
2022-11-17,21.08,15.19,27.57,0.0,76.09,101.14,Khulna
2022-11-18,20.23,15.42,26.33,0.0,82.6,101.28,Khulna
2022-11-19,20.15,13.85,27.13,0.0,81.46,101.24,Khulna
2022-11-20,21.45,15.47,27.86,0.62,80.56,101.11,Khulna
2022-11-21,20.63,15.63,26.84,0.05,78.83,101.06,Khulna
2022-11-22,19.73,13.97,26.53,0.0,76.87,101.13,Khulna
2022-11-23,19.31,13.8,25.74,0.0,81.1,101.16,Khulna
2022-11-24,18.8,12.8,26.3,0.0,77.14,101.18,Khulna
2022-11-25,19.56,12.56,26.99,20.05,80.89,101.24,Khulna
2022-11-26,20.69,14.24,26.73,0.0,80.13,101.09,Khulna
2022-11-27,21.23,15.68,26.62,0.11,70.5,100.92,Khulna
2022-11-28,20.92,15.44,26.67,0.0,76.4,101.01,Khulna
2022-11-29,22.16,16.59,27.69,0.0,76.77,101.15,Khulna
2022-11-30,21.61,16.69,27.19,0.0,75.37,101.25,Khulna
2022-12-01,20.33,15.1,27.01,0.0,79.14,101.22,Khulna
2022-12-02,19.1,13.23,26.15,0.0,78.1,101.21,Khulna
2022-12-03,18.38,11.88,25.16,0.0,73.52,101.25,Khulna
2022-12-04,18.38,11.51,25.46,0.0,72.47,101.3,Khulna
2022-12-05,18.91,12.53,26.13,0.0,77.45,101.36,Khulna
2022-12-06,18.32,12.32,25.49,0.0,80.63,101.25,Khulna
2022-12-07,17.78,12.07,25.01,0.0,79.13,101.24,Khulna
2022-12-08,18.05,11.97,25.14,0.0,81.55,101.25,Khulna
2022-12-09,19.31,12.84,25.25,0.0,78.89,101.23,Khulna
2022-12-10,20.15,14.03,26.13,0.0,77.05,101.22,Khulna
2022-12-11,19.97,13.72,26.31,0.0,73.15,101.27,Khulna
2022-12-12,19.81,13.63,26.31,0.0,71.14,101.24,Khulna
2022-12-13,20.65,15.06,26.61,0.0,67.37,101.25,Khulna
2022-12-14,20.22,15.11,26.22,0.0,68.53,101.27,Khulna
2022-12-15,18.59,12.68,25.77,0.0,67.15,101.19,Khulna
2022-12-16,17.22,10.7,24.95,0.0,65.99,101.19,Khulna
2022-12-17,17.58,10.53,24.66,0.0,66.55,101.3,Khulna
2022-12-18,18.68,12.0,24.87,0.0,65.85,101.28,Khulna
2022-12-19,20.05,14.68,26.04,0.0,72.21,101.15,Khulna
2022-12-20,19.03,13.14,25.91,0.0,77.93,101.14,Khulna
2022-12-21,18.56,12.68,25.41,0.0,75.24,101.2,Khulna
2022-12-22,18.31,12.15,24.89,0.0,69.92,101.18,Khulna
2022-12-23,18.71,11.91,26.59,0.0,62.74,101.22,Khulna
2022-12-24,18.95,12.49,26.43,0.0,64.4,101.26,Khulna
2022-12-25,20.46,15.3,27.86,0.0,68.03,101.34,Khulna
2022-12-26,21.34,15.22,28.32,0.02,73.92,101.47,Khulna
2022-12-27,21.39,16.24,28.2,0.81,74.27,101.4,Khulna
2022-12-28,19.06,13.58,24.96,0.77,80.07,101.54,Khulna
2022-12-29,16.53,9.91,24.45,0.0,66.82,101.74,Khulna
2022-12-30,17.33,11.8,24.12,0.0,62.85,101.77,Khulna
2022-12-31,17.25,10.94,25.1,0.0,73.16,101.72,Khulna
2023-01-01,17.16,11.53,24.78,0.0,76.93,101.81,Khulna
2023-01-02,17.21,11.55,24.51,0.0,76.45,101.84,Khulna
2023-01-03,16.71,10.92,24.17,0.0,76.99,101.83,Khulna
2023-01-04,15.45,9.62,23.23,0.0,77.22,101.83,Khulna
2023-01-05,15.23,8.86,23.73,0.0,75.65,101.88,Khulna
2023-01-06,15.1,8.09,24.09,0.04,72.13,101.88,Khulna
2023-01-07,15.13,8.11,23.5,0.0,73.23,101.71,Khulna
2023-01-08,15.8,9.13,24.38,0.0,74.05,101.61,Khulna
2023-01-09,16.98,9.6,26.29,0.0,71.89,101.68,Khulna
2023-01-10,17.58,10.09,26.95,0.0,63.59,101.54,Khulna
2023-01-11,16.21,9.06,24.9,0.0,62.86,101.39,Khulna
2023-01-12,17.22,9.44,25.03,0.0,57.88,101.24,Khulna
2023-01-13,18.82,12.12,26.55,0.0,56.77,101.28,Khulna
2023-01-14,20.05,12.83,27.64,0.0,71.06,101.2,Khulna
2023-01-15,19.53,13.99,26.59,0.0,68.58,101.22,Khulna
2023-01-16,18.06,11.93,25.44,0.0,71.39,101.39,Khulna
2023-01-17,17.38,10.99,25.09,0.0,74.41,101.49,Khulna
2023-01-18,16.68,10.96,23.81,0.0,71.13,101.67,Khulna
2023-01-19,16.39,10.03,24.32,0.0,63.73,101.69,Khulna
2023-01-20,16.69,9.87,24.62,0.0,57.36,101.6,Khulna
2023-01-21,18.33,10.94,26.34,0.82,55.2,101.46,Khulna
2023-01-22,19.09,12.78,27.26,0.0,59.8,101.4,Khulna
2023-01-23,20.14,14.3,28.32,0.0,66.29,101.33,Khulna
2023-01-24,21.0,14.23,29.62,0.0,69.63,101.35,Khulna
2023-01-25,21.78,14.58,29.42,0.0,62.95,101.34,Khulna
2023-01-26,22.48,16.05,29.74,0.0,62.08,101.24,Khulna
2023-01-27,22.87,16.5,29.69,0.0,63.1,101.28,Khulna
2023-01-28,22.1,15.54,28.98,0.0,64.65,101.26,Khulna
2023-01-29,20.46,13.4,28.67,0.0,62.23,101.32,Khulna
2023-01-30,21.77,13.3,29.97,0.0,57.87,101.42,Khulna
2023-01-31,22.29,15.37,29.32,0.0,53.89,101.2,Khulna
2023-02-01,21.49,15.34,29.02,0.0,56.13,101.2,Khulna
2023-02-02,19.38,11.12,28.4,0.0,50.09,101.32,Khulna
2023-02-03,18.89,10.96,28.14,0.0,50.06,101.26,Khulna
2023-02-04,19.24,10.86,28.22,0.0,47.5,101.14,Khulna
2023-02-05,20.73,12.85,28.96,0.0,44.03,101.11,Khulna
2023-02-06,21.69,14.17,29.88,0.0,41.62,101.13,Khulna
2023-02-07,21.94,13.06,30.85,0.0,54.76,101.03,Khulna
2023-02-08,22.87,14.91,32.3,0.0,59.08,101.07,Khulna
2023-02-09,22.52,15.39,31.0,0.0,50.34,101.16,Khulna
2023-02-10,22.27,15.13,30.44,0.0,42.6,101.24,Khulna
2023-02-11,23.19,14.05,33.13,0.0,53.8,101.13,Khulna
2023-02-12,23.69,16.73,32.76,0.0,56.83,101.13,Khulna
2023-02-13,20.54,11.53,30.09,0.0,31.45,101.29,Khulna
2023-02-14,21.14,13.92,30.17,0.0,31.73,101.29,Khulna
2023-02-15,20.95,13.65,28.97,0.0,35.19,101.15,Khulna
2023-02-16,21.47,14.64,29.98,0.0,50.02,101.24,Khulna
2023-02-17,23.03,16.35,30.56,0.03,54.15,101.39,Khulna
2023-02-18,23.49,16.77,30.16,0.2,54.28,101.39,Khulna
2023-02-19,23.95,16.8,30.6,0.18,57.86,101.29,Khulna
2023-02-20,24.93,17.69,32.0,0.0,59.06,101.17,Khulna
2023-02-21,25.68,18.75,33.68,0.0,63.84,101.15,Khulna
2023-02-22,26.71,19.4,35.88,0.0,61.62,101.04,Khulna
2023-02-23,26.77,19.68,35.5,0.0,59.09,101.07,Khulna
2023-02-24,26.9,19.51,34.95,0.0,58.99,101.2,Khulna
2023-02-25,26.9,21.17,34.28,0.05,49.37,101.46,Khulna
2023-02-26,26.21,18.63,34.97,0.06,42.05,101.59,Khulna
2023-02-27,25.89,16.99,34.54,0.48,39.43,101.54,Khulna
2023-02-28,26.43,18.6,35.22,0.09,33.45,101.56,Khulna
2023-03-01,26.41,17.87,35.19,0.0,34.54,101.58,Khulna
2023-03-02,26.73,18.73,35.98,0.0,37.99,101.54,Khulna
2023-03-03,27.85,21.02,36.65,0.0,30.87,101.54,Khulna
2023-03-04,28.38,19.81,37.09,0.0,31.43,101.48,Khulna
2023-03-05,28.81,20.8,37.37,0.0,29.9,101.37,Khulna
2023-03-06,28.46,19.63,37.34,0.0,28.46,101.28,Khulna
2023-03-07,28.21,18.82,37.19,0.0,28.46,101.33,Khulna
2023-03-08,28.57,21.69,36.9,0.0,30.44,101.41,Khulna
2023-03-09,27.88,21.14,34.68,0.0,35.11,101.33,Khulna
2023-03-10,26.47,21.62,33.12,0.0,37.22,101.32,Khulna
2023-03-11,28.46,21.5,36.61,0.0,35.93,101.3,Khulna
2023-03-12,28.65,21.09,37.26,0.08,35.44,101.22,Khulna
2023-03-13,29.6,22.26,37.86,0.06,33.12,101.06,Khulna
2023-03-14,29.05,22.2,36.6,0.01,42.96,100.89,Khulna
2023-03-15,28.6,22.11,36.64,0.71,52.07,100.82,Khulna
2023-03-16,26.88,21.35,34.86,3.88,61.63,101.08,Khulna
2023-03-17,26.31,20.94,32.16,3.43,60.42,101.17,Khulna
2023-03-18,26.15,21.89,32.14,1.84,61.76,101.06,Khulna
2023-03-19,23.6,21.04,28.22,13.24,80.05,100.95,Khulna
2023-03-20,24.36,20.16,30.84,6.31,72.65,100.81,Khulna
2023-03-21,26.08,20.25,32.06,7.16,67.1,100.81,Khulna
2023-03-22,26.28,20.13,32.18,5.23,61.21,100.76,Khulna
2023-03-23,26.5,20.91,32.91,1.03,58.77,100.74,Khulna
2023-03-24,27.1,19.67,34.76,0.2,62.03,100.88,Khulna
2023-03-25,28.17,21.19,35.76,0.55,62.85,100.93,Khulna
2023-03-26,28.65,23.08,36.08,3.19,65.25,100.77,Khulna
2023-03-27,27.75,22.37,34.23,14.33,70.88,100.76,Khulna
2023-03-28,27.88,21.88,34.81,14.04,66.67,100.82,Khulna
2023-03-29,28.0,22.69,34.63,5.07,69.44,100.94,Khulna
2023-03-30,27.59,22.38,33.87,10.92,72.66,100.82,Khulna
2023-03-31,26.09,22.59,31.41,20.6,82.95,100.83,Khulna
2023-04-01,24.24,21.61,28.84,40.56,86.71,100.83,Khulna
2023-04-02,25.71,20.06,31.71,1.95,73.2,100.64,Khulna
2023-04-03,27.27,20.76,33.7,0.37,67.25,100.62,Khulna
2023-04-04,28.14,21.54,35.08,0.01,67.47,100.68,Khulna
2023-04-05,29.29,23.25,36.36,0.02,68.97,100.61,Khulna
2023-04-06,28.94,22.23,36.44,0.01,56.53,100.88,Khulna
2023-04-07,29.04,20.64,36.94,0.15,53.05,101.06,Khulna
2023-04-08,29.51,21.18,37.32,0.0,51.65,101.17,Khulna
2023-04-09,30.09,22.57,37.33,0.12,48.07,101.1,Khulna
2023-04-10,30.22,22.36,37.72,0.48,49.41,100.92,Khulna
2023-04-11,30.85,23.37,38.76,0.0,51.07,100.87,Khulna
2023-04-12,30.78,21.46,39.26,0.0,35.15,100.77,Khulna
2023-04-13,31.2,22.3,40.16,0.0,38.4,100.68,Khulna
2023-04-14,31.75,22.87,41.19,0.0,51.73,100.64,Khulna
2023-04-15,32.54,24.58,41.45,0.0,56.33,100.6,Khulna
2023-04-16,31.93,24.89,40.46,0.0,56.09,100.49,Khulna
2023-04-17,32.35,25.12,41.13,0.0,58.74,100.55,Khulna
2023-04-18,32.61,25.48,41.3,0.0,59.87,100.66,Khulna
2023-04-19,32.86,25.61,41.8,0.0,59.66,100.3,Khulna
2023-04-20,33.28,25.89,42.56,0.0,58.47,100.03,Khulna
2023-04-21,33.03,25.72,40.99,0.0,54.76,100.12,Khulna
2023-04-22,32.28,25.75,39.94,0.0,40.95,100.29,Khulna
2023-04-23,29.6,25.99,34.13,0.17,50.68,100.65,Khulna
2023-04-24,29.74,23.76,36.42,5.39,58.4,100.94,Khulna
2023-04-25,29.24,23.34,35.23,6.75,60.3,100.94,Khulna
2023-04-26,30.89,23.49,38.14,0.63,52.68,100.71,Khulna
2023-04-27,31.67,25.1,38.44,1.31,53.85,100.73,Khulna
2023-04-28,29.45,24.17,35.64,16.46,66.45,100.8,Khulna
2023-04-29,30.12,24.24,37.38,10.68,65.67,100.7,Khulna
2023-04-30,30.09,24.87,36.11,22.23,66.04,100.61,Khulna
2023-05-01,28.21,24.47,32.17,9.47,71.35,100.75,Khulna
2023-05-02,29.72,24.88,35.45,0.6,60.45,100.84,Khulna
2023-05-03,29.0,23.94,35.25,11.2,69.93,100.88,Khulna
2023-05-04,28.92,24.3,34.66,9.73,69.31,100.78,Khulna
2023-05-05,29.06,23.89,34.38,4.63,71.87,100.5,Khulna
2023-05-06,30.23,25.08,35.62,1.26,68.58,100.38,Khulna
2023-05-07,31.41,25.08,38.41,0.28,60.08,100.37,Khulna
2023-05-08,32.21,25.18,40.16,0.0,57.64,100.33,Khulna
2023-05-09,32.75,26.11,40.56,0.0,55.14,100.34,Khulna
2023-05-10,32.95,25.55,40.6,0.01,59.51,100.4,Khulna
2023-05-11,32.55,26.49,39.74,1.68,60.37,100.57,Khulna
2023-05-12,31.09,26.3,36.93,1.47,65.18,100.57,Khulna
2023-05-13,31.09,26.36,37.51,0.21,65.1,100.44,Khulna
2023-05-14,30.42,25.19,37.27,0.01,58.9,100.01,Khulna
2023-05-15,31.06,23.39,39.22,1.63,53.09,100.23,Khulna
2023-05-16,31.67,26.04,39.16,8.15,65.68,100.43,Khulna
2023-05-17,30.41,26.23,36.12,20.79,75.45,100.67,Khulna
2023-05-18,28.58,25.47,32.6,38.32,84.72,100.79,Khulna
2023-05-19,29.26,25.83,34.17,12.05,83.28,100.56,Khulna
2023-05-20,30.5,26.4,36.68,2.68,73.55,100.48,Khulna
2023-05-21,29.83,25.84,35.14,5.99,77.68,100.62,Khulna
2023-05-22,29.64,26.38,34.19,4.3,79.19,100.64,Khulna
2023-05-23,29.24,26.35,33.39,21.67,83.6,100.64,Khulna
2023-05-24,28.1,25.51,31.98,33.61,84.28,100.57,Khulna
2023-05-25,28.18,24.85,31.96,14.92,85.3,100.52,Khulna
2023-05-26,28.95,25.96,32.75,9.94,83.25,100.58,Khulna
2023-05-27,28.98,25.68,33.16,15.66,78.7,100.53,Khulna
2023-05-28,29.01,24.33,33.74,5.76,74.07,100.6,Khulna
2023-05-29,30.06,25.43,34.45,0.01,70.86,100.7,Khulna
2023-05-30,30.66,25.77,35.64,0.0,73.1,100.6,Khulna
2023-05-31,31.06,26.2,36.27,0.0,74.58,100.39,Khulna
2023-06-01,30.62,26.86,35.3,0.0,76.51,100.27,Khulna
2023-06-02,31.07,27.07,36.41,0.04,74.8,100.29,Khulna
2023-06-03,30.85,26.71,35.98,0.12,75.5,100.38,Khulna
2023-06-04,30.84,26.96,35.54,0.0,75.16,100.37,Khulna
2023-06-05,30.39,26.29,35.06,0.0,76.46,100.23,Khulna
2023-06-06,30.61,26.71,35.28,0.02,76.24,100.14,Khulna
2023-06-07,31.1,27.09,35.81,0.45,74.52,100.09,Khulna
2023-06-08,31.66,27.45,37.1,2.03,71.43,100.03,Khulna
2023-06-09,30.11,27.19,33.93,10.77,76.44,99.97,Khulna
2023-06-10,30.37,26.42,35.2,6.93,75.72,99.88,Khulna
2023-06-11,30.39,26.1,34.91,5.62,78.42,99.79,Khulna
2023-06-12,29.78,27.19,33.28,3.53,82.38,99.85,Khulna
2023-06-13,30.06,26.64,34.2,13.42,83.55,99.82,Khulna
2023-06-14,30.19,27.69,34.35,7.79,83.94,99.83,Khulna
2023-06-15,31.07,28.01,36.99,3.42,80.04,99.82,Khulna
2023-06-16,30.37,27.73,34.53,4.59,83.69,99.94,Khulna
2023-06-17,30.44,27.71,34.66,3.24,83.21,100.1,Khulna
2023-06-18,29.44,27.27,32.87,6.92,84.39,100.2,Khulna
2023-06-19,28.8,26.91,31.34,13.79,89.05,100.19,Khulna
2023-06-20,29.06,26.84,31.94,3.51,87.46,100.17,Khulna
2023-06-21,28.96,27.15,31.28,11.93,89.69,100.25,Khulna
2023-06-22,28.58,26.38,31.57,10.79,88.17,100.3,Khulna
2023-06-23,29.02,25.83,33.02,13.92,84.62,100.18,Khulna
2023-06-24,29.47,26.29,33.67,7.84,84.49,100.0,Khulna
2023-06-25,29.19,26.35,33.69,6.84,84.26,100.07,Khulna
2023-06-26,27.9,26.37,30.16,14.48,89.42,100.09,Khulna
2023-06-27,27.52,26.02,29.61,38.36,93.49,100.17,Khulna
2023-06-28,27.92,26.24,29.92,32.64,92.25,100.39,Khulna
2023-06-29,27.95,26.44,30.05,43.3,92.75,100.42,Khulna
2023-06-30,28.64,26.64,31.3,20.16,90.95,100.31,Khulna
2023-07-01,29.37,26.58,32.81,10.83,87.3,100.3,Khulna
2023-07-02,28.73,27.16,31.07,12.34,91.96,100.24,Khulna
2023-07-03,29.33,27.01,32.29,5.82,88.93,100.25,Khulna
2023-07-04,29.75,26.77,33.33,5.77,85.68,100.17,Khulna
2023-07-05,29.23,26.6,32.73,7.26,88.03,100.04,Khulna
2023-07-06,29.06,26.59,32.34,14.24,88.28,100.16,Khulna
2023-07-07,28.78,27.06,31.04,14.69,91.09,100.36,Khulna
2023-07-08,29.21,26.61,33.14,19.56,89.37,100.41,Khulna
2023-07-09,29.26,26.41,32.34,12.43,87.42,100.34,Khulna
2023-07-10,29.59,26.59,33.14,7.69,87.24,100.31,Khulna
2023-07-11,29.17,25.97,33.23,2.01,85.7,100.34,Khulna
2023-07-12,28.26,25.51,31.83,3.9,87.99,100.36,Khulna
2023-07-13,28.41,26.4,30.65,7.63,91.41,100.33,Khulna
2023-07-14,28.5,26.41,31.53,7.02,89.51,100.3,Khulna
2023-07-15,29.08,26.03,32.84,5.81,85.41,100.09,Khulna
2023-07-16,28.91,26.42,32.61,3.54,87.99,99.99,Khulna
2023-07-17,28.81,26.24,32.34,3.28,88.93,99.97,Khulna
2023-07-18,28.82,26.2,32.27,2.71,88.05,99.97,Khulna
2023-07-19,29.25,26.61,33.32,1.56,86.78,99.89,Khulna
2023-07-20,28.98,26.43,32.22,0.9,88.8,99.91,Khulna
2023-07-21,28.84,26.73,31.18,2.76,89.91,100.19,Khulna
2023-07-22,28.96,26.73,32.34,5.33,88.66,100.47,Khulna
2023-07-23,28.92,26.28,32.25,3.18,88.37,100.47,Khulna
2023-07-24,29.35,25.68,33.8,0.93,84.83,100.3,Khulna
2023-07-25,29.22,26.1,33.24,2.98,86.15,100.29,Khulna
2023-07-26,28.97,26.54,32.33,13.51,88.25,100.32,Khulna
2023-07-27,29.3,26.49,33.19,7.31,86.76,100.24,Khulna
2023-07-28,29.34,26.47,33.65,7.93,86.87,99.95,Khulna
2023-07-29,29.75,26.6,33.82,8.14,86.64,99.83,Khulna
2023-07-30,30.08,26.75,33.64,2.23,86.02,99.69,Khulna
2023-07-31,31.03,26.97,34.74,10.16,78.62,99.6,Khulna
2023-08-01,30.1,27.55,34.08,38.34,86.48,99.37,Khulna
2023-08-02,28.75,26.79,31.19,16.53,89.82,99.46,Khulna
2023-08-03,28.93,26.67,32.03,3.05,88.13,99.84,Khulna
2023-08-04,28.71,26.3,31.83,17.02,87.46,100.2,Khulna
2023-08-05,28.42,25.86,31.9,7.73,87.58,100.28,Khulna
2023-08-06,28.02,26.62,29.67,13.31,91.17,100.01,Khulna
2023-08-07,28.02,26.62,30.5,44.49,91.84,99.7,Khulna
2023-08-08,28.09,25.91,31.19,20.83,89.71,99.9,Khulna
2023-08-09,27.84,26.07,30.21,15.19,91.33,100.24,Khulna
2023-08-10,28.59,25.83,32.21,6.36,86.56,100.4,Khulna
2023-08-11,28.66,26.06,31.76,9.99,88.06,100.33,Khulna
2023-08-12,27.67,25.71,30.19,12.62,91.92,100.18,Khulna
2023-08-13,28.11,25.68,31.22,28.6,87.44,100.25,Khulna
2023-08-14,28.93,25.4,32.64,9.12,84.15,100.32,Khulna
2023-08-15,28.74,26.07,31.99,6.13,88.13,100.32,Khulna
2023-08-16,28.98,26.34,32.74,9.58,87.44,100.29,Khulna
2023-08-17,28.37,26.48,30.36,16.72,89.89,100.22,Khulna
2023-08-18,28.42,25.66,31.74,6.31,89.23,100.18,Khulna
2023-08-19,28.7,26.28,32.04,3.53,89.15,100.34,Khulna
2023-08-20,28.77,25.89,32.46,1.53,87.56,100.43,Khulna
2023-08-21,28.27,25.13,32.31,4.13,88.9,100.34,Khulna
2023-08-22,28.46,26.22,31.3,4.57,90.76,100.34,Khulna
2023-08-23,28.57,26.12,31.47,23.17,90.55,100.25,Khulna
2023-08-24,28.32,26.35,30.59,30.58,92.64,100.04,Khulna
2023-08-25,28.04,26.15,30.71,28.46,92.03,100.04,Khulna
2023-08-26,27.68,25.7,30.02,12.44,92.88,100.15,Khulna
2023-08-27,28.33,26.29,31.17,6.04,90.71,100.1,Khulna
2023-08-28,29.54,26.21,32.96,2.77,83.79,100.12,Khulna
2023-08-29,29.99,26.24,33.12,3.5,77.11,100.23,Khulna
2023-08-30,30.44,26.21,33.73,0.51,76.05,100.34,Khulna
2023-08-31,29.98,26.89,33.04,2.49,80.84,100.43,Khulna
2023-09-01,29.16,26.67,32.34,8.36,87.86,100.43,Khulna
2023-09-02,29.23,26.8,31.77,11.19,86.92,100.31,Khulna
2023-09-03,28.94,26.8,31.36,7.59,88.42,100.09,Khulna
2023-09-04,27.65,26.13,29.64,10.59,91.89,100.08,Khulna
2023-09-05,28.68,25.71,32.01,9.94,88.81,100.15,Khulna
2023-09-06,28.14,26.2,30.48,7.14,92.36,100.25,Khulna
2023-09-07,28.04,25.95,31.01,15.23,93.16,100.26,Khulna
2023-09-08,27.71,26.35,29.39,14.94,94.43,100.41,Khulna
2023-09-09,28.48,25.77,31.75,6.52,89.21,100.44,Khulna
2023-09-10,28.95,25.54,32.69,1.04,87.21,100.25,Khulna
2023-09-11,28.92,26.34,32.59,1.64,86.93,100.16,Khulna
2023-09-12,28.86,26.08,32.36,9.91,87.78,100.15,Khulna
2023-09-13,27.64,25.5,29.6,2.58,92.54,100.11,Khulna
2023-09-14,28.2,26.57,31.11,13.12,91.74,100.19,Khulna
2023-09-15,27.67,26.22,29.73,5.2,93.37,100.45,Khulna
2023-09-16,28.63,25.43,32.17,2.08,88.61,100.44,Khulna
2023-09-17,29.65,26.03,33.18,2.19,83.24,100.28,Khulna
2023-09-18,27.87,25.99,30.16,21.65,91.66,100.27,Khulna
2023-09-19,27.5,25.29,30.56,14.14,92.3,100.37,Khulna
2023-09-20,27.58,26.39,29.46,25.24,93.5,100.44,Khulna
2023-09-21,27.47,26.31,29.16,16.27,94.65,100.57,Khulna
2023-09-22,27.51,26.07,29.66,19.4,93.46,100.65,Khulna
2023-09-23,27.86,25.56,30.91,16.5,92.39,100.65,Khulna
2023-09-24,27.88,25.91,30.69,21.98,92.2,100.54,Khulna
2023-09-25,27.81,25.52,30.92,8.25,90.84,100.54,Khulna
2023-09-26,28.55,25.42,32.39,4.62,86.43,100.57,Khulna
2023-09-27,28.47,25.52,31.34,2.01,86.7,100.52,Khulna
2023-09-28,28.59,25.32,31.82,1.33,87.23,100.39,Khulna
2023-09-29,28.27,25.9,30.8,9.33,92.38,100.31,Khulna
2023-09-30,27.31,26.03,29.22,11.53,94.35,100.26,Khulna
2023-10-01,27.57,25.26,30.93,19.42,90.96,100.3,Khulna
2023-10-02,27.41,25.48,30.27,9.79,91.94,100.43,Khulna
2023-10-03,27.41,25.35,30.88,28.23,92.48,100.49,Khulna
2023-10-04,27.49,25.87,29.78,35.35,94.88,100.5,Khulna
2023-10-05,27.19,25.95,28.56,69.41,94.85,100.39,Khulna
2023-10-06,27.52,25.41,30.51,23.44,92.23,100.36,Khulna
2023-10-07,28.06,25.4,31.48,8.53,90.66,100.56,Khulna
2023-10-08,28.41,25.07,32.08,3.25,87.55,100.72,Khulna
2023-10-09,28.41,25.73,31.89,1.62,87.99,100.83,Khulna
2023-10-10,28.69,25.13,32.19,0.32,78.88,100.89,Khulna
2023-10-11,28.44,24.53,32.23,3.35,79.78,100.87,Khulna
2023-10-12,28.49,24.04,32.31,0.58,74.96,101.05,Khulna
2023-10-13,28.06,24.43,31.75,1.98,69.19,101.17,Khulna
2023-10-14,27.19,22.26,31.43,0.75,68.07,101.1,Khulna
2023-10-15,26.98,22.38,31.64,0.0,71.52,100.95,Khulna
2023-10-16,26.69,21.79,31.12,0.0,71.88,101.05,Khulna
2023-10-17,26.78,22.9,31.06,0.01,74.28,101.11,Khulna
2023-10-18,26.32,22.59,30.51,0.17,81.05,101.19,Khulna
2023-10-19,25.32,21.23,29.56,0.02,83.92,101.25,Khulna
2023-10-20,24.71,20.47,29.79,0.0,84.19,101.31,Khulna
2023-10-21,24.3,19.38,29.7,0.0,83.92,101.33,Khulna
2023-10-22,25.33,21.26,29.89,0.06,82.14,101.31,Khulna
2023-10-23,25.45,22.71,29.36,5.8,86.16,101.22,Khulna
2023-10-24,25.13,22.8,28.97,5.22,89.63,101.03,Khulna
2023-10-25,25.91,22.22,29.96,1.6,85.98,101.1,Khulna
2023-10-26,25.9,21.98,30.28,0.84,82.44,101.19,Khulna
2023-10-27,25.02,21.23,29.26,0.34,82.66,101.19,Khulna
2023-10-28,24.56,20.86,29.09,0.0,80.46,101.24,Khulna
2023-10-29,23.51,19.04,28.74,0.0,77.73,101.24,Khulna
2023-10-30,24.26,19.75,29.16,0.0,76.83,101.27,Khulna
2023-10-31,25.02,19.59,29.64,0.0,72.98,101.37,Khulna
2023-11-01,24.8,20.14,30.22,0.32,80.96,101.37,Khulna
2023-11-02,25.24,20.71,30.19,0.0,83.26,101.27,Khulna
2023-11-03,25.64,21.7,29.67,0.02,79.25,101.1,Khulna
2023-11-04,26.08,21.48,30.01,0.17,75.04,101.09,Khulna
2023-11-05,24.76,21.49,28.88,0.15,83.68,101.27,Khulna
2023-11-06,23.45,20.06,28.55,0.01,80.23,101.4,Khulna
2023-11-07,22.48,18.45,27.92,0.0,77.19,101.33,Khulna
2023-11-08,22.41,17.72,27.82,0.0,77.18,101.26,Khulna
2023-11-09,22.39,17.25,27.84,0.0,75.5,101.31,Khulna
2023-11-10,22.28,17.08,28.01,0.0,78.89,101.42,Khulna
2023-11-11,22.07,17.1,28.02,0.0,83.7,101.46,Khulna
2023-11-12,22.27,17.18,28.5,0.0,84.02,101.48,Khulna
2023-11-13,22.31,17.11,28.22,0.0,84.13,101.51,Khulna
2023-11-14,22.56,16.79,28.43,0.0,78.89,101.43,Khulna
2023-11-15,22.93,17.04,28.34,0.0,75.11,101.46,Khulna
2023-11-16,23.2,19.96,27.26,21.26,85.81,101.53,Khulna
2023-11-17,23.42,21.11,26.97,30.83,91.94,101.31,Khulna
2023-11-18,23.4,18.99,27.87,5.6,85.58,101.35,Khulna
2023-11-19,23.27,18.28,27.95,0.11,82.55,101.47,Khulna
2023-11-20,22.77,17.54,28.02,0.0,82.92,101.48,Khulna
2023-11-21,23.43,19.69,27.95,0.01,80.64,101.32,Khulna
2023-11-22,21.01,16.9,26.78,0.0,80.46,101.28,Khulna
2023-11-23,20.03,14.86,25.88,0.0,80.15,101.26,Khulna
2023-11-24,20.66,14.5,26.8,0.0,78.45,101.36,Khulna
2023-11-25,21.1,15.57,27.39,0.0,81.41,101.5,Khulna
2023-11-26,21.72,15.9,27.49,0.0,77.38,101.56,Khulna
2023-11-27,21.55,15.68,26.84,0.0,76.24,101.46,Khulna
2023-11-28,22.16,16.24,28.97,0.0,77.57,101.3,Khulna
2023-11-29,22.33,16.05,28.18,0.0,74.22,101.36,Khulna
2023-11-30,22.4,16.9,28.02,0.0,78.99,101.44,Khulna
2023-12-01,21.9,16.64,28.24,0.0,82.79,101.39,Khulna
2023-12-02,22.45,17.73,27.99,0.0,81.44,101.4,Khulna
2023-12-03,22.6,17.77,28.7,0.0,83.22,101.43,Khulna
2023-12-04,22.52,17.24,28.12,0.0,81.68,101.33,Khulna
2023-12-05,22.2,19.4,25.62,5.74,82.47,101.32,Khulna
2023-12-06,21.05,18.97,23.68,6.7,89.69,101.44,Khulna
2023-12-07,20.64,18.64,22.82,16.36,93.18,101.32,Khulna
2023-12-08,20.4,17.29,24.8,35.17,91.53,101.16,Khulna
2023-12-09,19.36,15.62,24.95,3.05,86.73,101.34,Khulna
2023-12-10,18.35,13.99,24.14,0.0,77.02,101.3,Khulna
2023-12-11,17.06,11.91,23.41,0.0,77.36,101.4,Khulna
2023-12-12,17.39,11.35,24.13,0.0,79.41,101.28,Khulna
2023-12-13,17.39,11.84,24.36,0.0,71.68,101.4,Khulna
2023-12-14,16.53,11.36,22.99,0.0,69.84,101.59,Khulna
2023-12-15,15.92,10.44,22.94,0.0,77.21,101.64,Khulna
2023-12-16,15.96,9.8,22.96,0.0,78.31,101.51,Khulna
2023-12-17,16.04,9.72,23.47,0.0,73.35,101.53,Khulna
2023-12-18,15.93,9.71,23.21,0.0,77.61,101.61,Khulna
2023-12-19,16.0,10.34,23.15,0.0,79.13,101.68,Khulna
2023-12-20,16.7,10.5,23.99,0.0,84.98,101.61,Khulna
2023-12-21,18.0,11.84,24.42,0.0,82.31,101.51,Khulna
2023-12-22,18.97,13.5,24.94,0.0,79.27,101.52,Khulna
2023-12-23,19.96,15.43,25.27,0.0,74.63,101.68,Khulna
2023-12-24,19.07,13.93,25.35,0.0,80.48,101.78,Khulna
2023-12-25,19.08,13.55,25.05,0.0,79.29,101.68,Khulna
2023-12-26,19.23,14.75,24.98,0.0,78.49,101.71,Khulna
2023-12-27,18.73,13.95,25.22,0.0,82.89,101.76,Khulna
2023-12-28,18.89,13.85,25.2,0.0,83.12,101.65,Khulna
2023-12-29,18.87,12.99,25.36,0.09,84.48,101.64,Khulna
2023-12-30,18.56,13.48,25.2,0.68,83.6,101.55,Khulna
2023-12-31,17.54,12.49,24.39,0.0,82.4,101.57,Khulna
2024-01-01,17.04,11.29,24.12,0.0,79.27,101.56,Khulna
2024-01-02,15.9,10.3,23.03,0.0,80.1,101.55,Khulna
2024-01-03,16.03,9.17,23.91,0.0,78.18,101.53,Khulna
2024-01-04,17.02,10.09,23.6,0.0,74.97,101.53,Khulna
2024-01-05,17.29,11.1,23.77,0.0,76.99,101.57,Khulna
2024-01-06,18.21,12.14,25.16,0.0,76.99,101.62,Khulna
2024-01-07,18.23,12.95,24.81,0.0,82.77,101.67,Khulna
2024-01-08,18.23,12.89,25.59,0.0,81.23,101.71,Khulna
2024-01-09,16.88,11.26,24.22,0.0,76.53,101.62,Khulna
2024-01-10,17.21,9.91,24.65,0.0,67.34,101.51,Khulna
2024-01-11,17.34,12.24,24.38,0.0,78.31,101.6,Khulna
2024-01-12,14.22,7.83,21.77,0.0,74.95,101.61,Khulna
2024-01-13,14.63,8.51,21.78,0.0,76.88,101.57,Khulna
2024-01-14,14.77,8.06,22.03,0.0,75.95,101.51,Khulna
2024-01-15,15.6,10.24,21.64,0.0,75.19,101.47,Khulna
2024-01-16,15.63,10.91,21.85,0.0,73.39,101.47,Khulna
2024-01-17,15.46,9.87,22.78,0.0,78.07,101.47,Khulna
2024-01-18,16.57,10.97,21.92,7.68,78.16,101.53,Khulna
2024-01-19,17.38,13.32,23.55,3.04,81.01,101.57,Khulna
2024-01-20,15.75,9.98,23.07,3.55,76.63,101.61,Khulna
2024-01-21,15.26,9.73,22.58,0.67,73.42,101.59,Khulna
2024-01-22,13.9,7.69,21.78,0.0,69.7,101.77,Khulna
2024-01-23,15.44,8.02,22.64,0.0,62.37,101.66,Khulna
2024-01-24,15.61,10.94,21.22,5.2,71.21,101.67,Khulna
2024-01-25,16.1,9.67,23.44,0.77,75.82,101.81,Khulna
2024-01-26,15.37,9.58,22.97,0.68,69.44,101.92,Khulna
2024-01-27,15.03,8.59,23.0,0.0,64.49,101.88,Khulna
2024-01-28,15.48,8.62,23.8,0.0,62.37,101.82,Khulna
2024-01-29,17.1,11.05,24.79,0.0,58.2,101.72,Khulna
2024-01-30,18.55,12.44,25.89,1.32,62.14,101.57,Khulna
2024-01-31,20.05,15.41,25.58,13.46,74.53,101.53,Khulna
2024-02-01,20.61,16.31,25.92,5.56,74.18,101.56,Khulna
2024-02-02,19.95,14.74,26.47,4.61,77.23,101.45,Khulna
2024-02-03,19.27,13.66,27.17,1.16,68.84,101.53,Khulna
2024-02-04,19.43,11.55,27.06,0.0,59.8,101.67,Khulna
2024-02-05,20.71,13.26,28.21,0.0,59.73,101.63,Khulna
2024-02-06,21.91,16.36,28.98,0.0,69.95,101.58,Khulna
2024-02-07,20.55,15.9,27.15,0.0,73.46,101.56,Khulna
2024-02-08,18.36,11.92,25.67,0.0,54.47,101.55,Khulna
2024-02-09,16.44,9.57,24.57,0.0,60.78,101.8,Khulna
2024-02-10,17.07,9.39,25.76,0.0,61.72,101.83,Khulna
2024-02-11,19.31,11.72,27.38,0.0,55.52,101.87,Khulna
2024-02-12,20.98,15.62,28.24,0.0,53.93,101.82,Khulna
2024-02-13,22.61,16.44,29.48,0.0,54.05,101.76,Khulna
2024-02-14,22.98,17.85,29.59,0.01,62.3,101.6,Khulna
2024-02-15,23.16,17.72,29.97,1.54,67.45,101.63,Khulna
2024-02-16,21.99,16.25,29.67,0.3,71.73,101.65,Khulna
2024-02-17,21.76,14.94,29.39,0.92,55.95,101.37,Khulna
2024-02-18,21.93,14.86,29.26,0.0,47.88,101.35,Khulna
2024-02-19,22.33,15.61,30.03,0.0,58.03,101.33,Khulna
2024-02-20,23.68,16.0,32.2,0.04,70.5,101.06,Khulna
2024-02-21,25.7,19.32,34.1,1.7,66.39,100.93,Khulna
2024-02-22,25.55,19.19,33.68,7.83,71.05,100.94,Khulna
2024-02-23,22.66,18.65,28.98,16.25,75.95,101.22,Khulna
2024-02-24,22.39,16.69,28.83,6.8,71.07,101.43,Khulna
2024-02-25,21.31,17.07,27.92,0.49,63.84,101.52,Khulna
2024-02-26,21.2,14.78,29.23,0.0,63.2,101.57,Khulna
2024-02-27,22.63,16.86,30.58,0.0,58.66,101.43,Khulna
2024-02-28,23.78,17.52,30.99,0.0,58.24,101.2,Khulna
2024-02-29,23.63,17.2,30.96,0.0,55.64,101.3,Khulna
2024-03-01,22.88,16.37,30.89,0.0,52.12,101.38,Khulna
2024-03-02,23.54,16.17,31.75,0.0,49.97,101.26,Khulna
2024-03-03,24.59,17.89,32.38,0.19,53.34,101.21,Khulna
2024-03-04,24.71,17.92,31.11,1.18,56.83,101.19,Khulna
2024-03-05,24.84,18.67,32.93,0.37,63.51,101.19,Khulna
2024-03-06,23.8,15.09,32.24,0.0,41.3,101.21,Khulna
2024-03-07,23.89,14.77,32.49,0.0,42.21,101.17,Khulna
2024-03-08,24.18,15.91,32.15,0.0,44.79,101.19,Khulna
2024-03-09,23.21,15.38,32.15,0.0,42.25,101.28,Khulna
2024-03-10,22.76,15.7,31.6,0.0,39.2,101.44,Khulna
2024-03-11,24.11,15.78,32.55,0.0,36.37,101.4,Khulna
2024-03-12,26.08,17.41,35.24,0.0,45.58,101.14,Khulna
2024-03-13,27.4,19.52,36.11,0.0,63.23,101.09,Khulna
2024-03-14,27.83,21.33,34.93,2.77,69.53,101.07,Khulna
2024-03-15,28.14,21.51,35.67,3.53,64.47,101.1,Khulna
2024-03-16,28.09,21.68,34.82,6.44,66.23,101.25,Khulna
2024-03-17,28.12,21.2,34.93,3.57,61.95,101.22,Khulna
2024-03-18,28.29,22.76,34.05,2.98,57.94,101.14,Khulna
2024-03-19,27.68,22.68,34.66,1.16,59.98,101.14,Khulna
2024-03-20,23.9,19.98,28.16,7.43,73.44,101.3,Khulna
2024-03-21,24.24,19.0,30.93,3.96,68.3,101.26,Khulna
2024-03-22,24.52,17.97,30.96,3.99,61.5,100.95,Khulna
2024-03-23,26.43,20.04,34.38,0.65,56.68,100.82,Khulna
2024-03-24,28.01,21.16,36.69,0.98,64.47,100.96,Khulna
2024-03-25,28.06,21.67,36.28,2.68,63.19,101.02,Khulna
2024-03-26,28.57,21.9,36.8,3.22,64.66,101.05,Khulna
2024-03-27,28.91,21.97,36.41,0.31,62.61,101.19,Khulna
2024-03-28,28.63,22.45,36.74,2.38,58.92,100.96,Khulna
2024-03-29,29.35,22.66,37.45,2.1,64.17,100.83,Khulna
2024-03-30,30.41,24.38,37.76,3.86,66.51,100.9,Khulna
2024-03-31,30.85,24.13,39.63,3.51,64.7,100.83,Khulna
2024-04-01,30.95,24.68,39.29,6.12,57.99,100.49,Khulna
2024-04-02,30.99,23.92,39.53,0.0,55.41,100.49,Khulna
2024-04-03,30.86,23.02,39.64,0.0,53.14,100.67,Khulna
2024-04-04,31.74,24.01,40.58,0.0,58.89,100.62,Khulna
2024-04-05,32.29,25.21,40.58,0.0,56.68,100.47,Khulna
2024-04-06,32.87,24.03,41.86,0.06,53.32,100.48,Khulna
2024-04-07,32.48,25.31,40.62,0.73,55.84,100.54,Khulna
2024-04-08,31.47,24.34,39.84,0.14,41.09,100.87,Khulna
2024-04-09,31.35,23.92,39.28,0.0,38.44,100.92,Khulna
2024-04-10,30.64,23.2,39.02,0.0,38.71,100.93,Khulna
2024-04-11,31.13,24.93,39.09,0.0,38.84,101.02,Khulna
2024-04-12,31.8,24.29,39.09,0.08,36.27,100.98,Khulna
2024-04-13,31.68,24.18,39.37,0.0,38.7,100.91,Khulna
2024-04-14,32.79,25.24,40.4,0.0,36.7,100.9,Khulna
2024-04-15,33.43,25.06,41.31,0.05,39.62,100.83,Khulna
2024-04-16,34.16,27.29,42.21,0.34,44.48,100.61,Khulna
2024-04-17,34.22,26.83,42.61,2.15,50.16,100.4,Khulna
2024-04-18,33.97,26.96,42.37,1.77,46.23,100.31,Khulna
2024-04-19,34.1,25.77,43.49,0.1,47.26,100.11,Khulna
2024-04-20,35.31,26.79,45.3,0.0,43.91,100.08,Khulna
2024-04-21,35.23,26.82,44.52,0.0,47.32,100.2,Khulna
2024-04-22,35.48,27.9,44.48,0.0,39.62,100.35,Khulna
2024-04-23,34.64,26.51,42.77,0.0,30.81,100.33,Khulna
2024-04-24,35.27,27.32,43.74,0.09,37.6,100.29,Khulna
2024-04-25,35.73,27.61,44.58,0.15,35.81,100.32,Khulna
2024-04-26,35.19,26.77,43.98,0.0,43.12,100.33,Khulna
2024-04-27,35.61,27.37,44.9,0.0,43.9,100.3,Khulna
2024-04-28,36.03,28.2,45.15,0.0,45.86,100.33,Khulna
2024-04-29,36.31,28.38,45.3,0.0,39.77,100.38,Khulna
2024-04-30,37.23,28.42,47.14,0.0,38.47,100.02,Khulna
2024-05-01,36.76,29.06,45.73,0.0,38.92,99.95,Khulna
2024-05-02,35.84,29.43,44.42,0.14,38.91,99.99,Khulna
2024-05-03,34.87,28.05,43.09,0.23,34.49,100.36,Khulna
2024-05-04,33.82,27.22,41.25,0.35,49.13,100.43,Khulna
2024-05-05,34.12,28.14,42.08,0.41,53.55,100.19,Khulna
2024-05-06,31.61,27.2,39.19,30.16,68.44,100.48,Khulna
2024-05-07,30.03,25.74,36.18,18.83,66.97,100.85,Khulna
2024-05-08,27.52,25.11,30.24,58.93,79.6,100.91,Khulna
2024-05-09,28.33,23.88,32.42,8.49,72.96,100.84,Khulna
2024-05-10,28.31,24.46,32.37,5.98,76.33,100.84,Khulna
2024-05-11,28.51,24.9,33.13,9.31,79.87,100.88,Khulna
2024-05-12,28.66,24.82,33.3,8.06,79.18,100.91,Khulna
2024-05-13,29.12,24.94,33.15,2.14,77.29,100.83,Khulna
2024-05-14,29.98,25.85,34.78,2.17,73.33,100.79,Khulna
2024-05-15,29.61,26.04,33.79,0.48,75.38,100.91,Khulna
2024-05-16,30.3,25.48,34.74,0.01,73.31,100.8,Khulna
2024-05-17,30.89,25.85,36.78,0.03,69.82,100.57,Khulna
2024-05-18,31.35,27.36,37.28,0.23,72.99,100.39,Khulna
2024-05-19,31.49,26.84,37.6,0.75,70.83,100.28,Khulna
2024-05-20,31.0,26.31,36.87,5.87,71.74,100.38,Khulna
2024-05-21,30.82,26.56,35.57,10.61,73.16,100.41,Khulna
2024-05-22,30.99,26.98,35.34,4.33,73.59,100.43,Khulna
2024-05-23,31.73,27.02,37.11,0.88,68.69,100.26,Khulna
2024-05-24,32.55,27.4,38.42,1.25,67.16,100.05,Khulna
2024-05-25,32.38,27.54,38.5,0.68,69.8,99.86,Khulna
2024-05-26,29.41,27.5,32.2,32.66,85.61,99.48,Khulna
2024-05-27,28.45,26.64,30.05,108.79,90.83,98.46,Khulna
2024-05-28,29.57,25.53,34.51,19.55,84.31,99.59,Khulna
2024-05-29,30.54,28.0,34.92,10.84,87.02,99.81,Khulna
2024-05-30,30.49,27.97,34.61,2.92,85.13,100.04,Khulna
2024-05-31,29.9,27.33,33.56,11.79,85.88,100.24,Khulna
2024-06-01,29.97,26.44,34.61,5.4,83.39,100.38,Khulna
2024-06-02,30.0,26.94,34.09,0.07,83.67,100.42,Khulna
2024-06-03,29.2,27.02,32.45,11.11,86.54,100.35,Khulna
2024-06-04,29.56,26.75,33.56,12.33,86.44,100.36,Khulna
2024-06-05,30.1,26.59,34.35,2.46,82.98,100.4,Khulna
2024-06-06,30.02,26.86,33.64,4.05,85.49,100.4,Khulna
2024-06-07,30.38,27.24,34.65,1.05,83.19,100.24,Khulna
2024-06-08,30.75,27.3,35.82,0.61,81.53,100.1,Khulna
2024-06-09,30.15,27.58,34.14,7.98,86.36,100.03,Khulna
2024-06-10,29.59,27.8,32.33,4.6,89.17,100.09,Khulna
2024-06-11,29.15,25.96,32.24,4.06,88.69,100.12,Khulna
2024-06-12,29.67,25.14,34.94,0.64,82.02,100.13,Khulna
2024-06-13,29.9,26.84,33.94,0.84,84.99,100.04,Khulna
2024-06-14,30.19,27.89,34.31,2.54,86.68,99.91,Khulna
2024-06-15,30.19,27.54,34.05,2.8,86.5,99.94,Khulna
2024-06-16,30.71,27.79,34.85,0.11,82.78,100.1,Khulna
2024-06-17,29.75,27.56,32.76,0.15,86.2,100.15,Khulna
2024-06-18,30.26,28.27,33.58,0.22,84.99,99.95,Khulna
2024-06-19,28.81,26.98,30.83,6.04,91.19,99.87,Khulna
2024-06-20,29.18,26.75,32.81,10.88,85.89,99.95,Khulna
2024-06-21,29.35,26.42,32.81,18.55,84.73,100.03,Khulna
2024-06-22,29.55,26.42,33.1,4.08,83.23,100.03,Khulna
2024-06-23,29.94,26.23,34.05,3.39,82.03,100.08,Khulna
2024-06-24,29.2,26.84,31.96,1.69,85.96,100.02,Khulna
2024-06-25,29.75,26.81,33.2,2.96,83.88,99.99,Khulna
2024-06-26,30.12,26.73,33.98,3.37,82.39,100.02,Khulna
2024-06-27,28.91,26.77,31.76,2.51,88.72,100.15,Khulna
2024-06-28,29.69,26.73,33.64,9.79,85.22,99.96,Khulna
2024-06-29,29.01,27.13,31.74,6.14,89.38,99.94,Khulna
2024-06-30,28.8,27.36,31.16,21.55,91.71,99.92,Khulna
2024-07-01,28.22,26.88,30.08,26.07,91.72,99.92,Khulna
2024-07-02,28.53,26.47,31.71,22.28,89.29,99.84,Khulna
2024-07-03,28.15,26.22,30.66,25.3,89.94,99.97,Khulna
2024-07-04,28.28,26.47,30.52,27.06,92.05,100.17,Khulna
2024-07-05,29.0,26.66,32.31,8.36,88.49,100.12,Khulna
2024-07-06,28.97,26.62,32.15,14.46,88.38,100.09,Khulna
2024-07-07,28.91,26.3,32.38,6.67,87.5,100.22,Khulna
2024-07-08,28.78,25.89,32.18,1.63,86.62,100.27,Khulna
2024-07-09,29.38,26.19,33.51,2.81,86.55,100.35,Khulna
2024-07-10,29.3,26.49,32.99,1.43,86.53,100.4,Khulna
2024-07-11,29.06,26.6,32.3,23.78,89.46,100.15,Khulna
2024-07-12,28.68,26.52,32.26,31.86,88.83,99.96,Khulna
2024-07-13,29.26,25.96,33.34,7.2,84.78,99.79,Khulna
2024-07-14,29.37,26.25,33.17,2.61,86.41,99.76,Khulna
2024-07-15,29.04,26.22,32.78,3.12,88.34,99.95,Khulna
2024-07-16,29.25,27.14,33.03,5.54,89.96,100.06,Khulna
2024-07-17,29.25,26.69,31.85,2.55,88.14,100.02,Khulna
2024-07-18,29.54,26.93,33.58,0.88,87.5,99.91,Khulna
2024-07-19,29.56,26.89,33.8,3.23,86.91,99.69,Khulna
2024-07-20,29.32,26.89,33.29,4.85,85.84,99.79,Khulna
2024-07-21,28.86,26.77,32.52,13.27,88.42,99.85,Khulna
2024-07-22,28.7,26.94,31.92,6.9,89.9,99.96,Khulna
2024-07-23,29.26,26.64,33.52,4.65,86.82,99.76,Khulna
2024-07-24,29.48,26.55,33.76,7.18,87.22,99.4,Khulna
2024-07-25,29.71,26.91,33.64,7.03,86.63,99.24,Khulna
2024-07-26,29.8,27.0,33.88,14.71,86.94,99.22,Khulna
2024-07-27,29.06,26.87,32.45,11.03,89.23,99.56,Khulna
2024-07-28,29.53,26.46,33.88,5.59,86.65,99.76,Khulna
2024-07-29,29.75,26.8,34.1,9.84,87.88,99.72,Khulna
2024-07-30,28.8,27.15,31.11,7.97,91.08,99.97,Khulna
2024-07-31,28.34,26.68,30.27,30.45,94.0,100.01,Khulna
2024-08-01,27.73,26.32,29.35,83.73,93.55,99.74,Khulna
2024-08-02,27.69,26.6,29.62,49.36,93.45,99.93,Khulna
2024-08-03,27.71,26.52,29.47,29.7,93.18,100.27,Khulna
2024-08-04,28.51,25.86,32.07,6.38,88.56,100.45,Khulna
2024-08-05,28.75,26.11,32.06,8.35,88.53,100.38,Khulna
2024-08-06,28.42,26.56,31.13,9.8,91.52,100.18,Khulna
2024-08-07,28.0,26.17,30.22,4.03,92.5,100.18,Khulna
2024-08-08,27.85,25.96,30.91,5.92,91.42,100.35,Khulna
2024-08-09,27.95,25.68,30.59,13.03,92.17,100.42,Khulna
2024-08-10,28.87,26.02,32.33,13.25,89.49,100.35,Khulna
2024-08-11,28.58,26.53,31.23,20.75,91.22,100.3,Khulna
2024-08-12,28.65,26.28,31.49,15.17,91.04,100.31,Khulna
2024-08-13,29.35,26.58,32.61,10.34,89.4,100.32,Khulna
2024-08-14,28.65,26.75,30.76,20.91,91.76,100.33,Khulna
2024-08-15,28.76,26.33,31.75,4.03,90.2,100.22,Khulna
2024-08-16,28.28,26.62,30.51,6.98,92.28,100.13,Khulna
2024-08-17,27.83,26.24,30.45,8.34,91.55,100.15,Khulna
2024-08-18,27.85,25.97,29.89,31.12,94.4,100.14,Khulna
2024-08-19,27.6,26.66,28.95,35.64,94.76,100.07,Khulna
2024-08-20,28.34,25.96,31.24,11.17,92.0,100.33,Khulna
2024-08-21,28.16,27.06,29.36,11.68,95.34,100.4,Khulna
2024-08-22,28.07,26.43,30.35,26.43,93.68,100.36,Khulna
2024-08-23,27.76,25.93,29.77,29.81,93.04,100.36,Khulna
2024-08-24,27.08,25.87,28.74,11.37,94.13,100.42,Khulna
2024-08-25,27.08,25.11,29.57,76.49,92.29,100.24,Khulna
2024-08-26,26.89,25.59,28.74,35.56,94.38,100.15,Khulna
2024-08-27,26.95,24.79,29.57,9.07,92.24,100.48,Khulna
2024-08-28,27.6,25.07,30.68,4.28,90.2,100.42,Khulna
2024-08-29,27.98,25.37,31.1,1.18,89.18,100.33,Khulna
2024-08-30,27.85,25.17,31.4,1.55,89.65,100.37,Khulna
2024-08-31,28.25,25.71,31.29,2.81,91.04,100.4,Khulna
2024-09-01,27.96,25.88,30.67,5.45,91.71,100.52,Khulna
2024-09-02,28.3,25.65,31.62,3.7,88.73,100.52,Khulna
2024-09-03,28.7,26.11,31.96,13.81,87.36,100.54,Khulna
2024-09-04,28.19,25.94,30.96,2.41,89.63,100.33,Khulna
2024-09-05,28.1,25.71,31.04,2.69,89.87,100.22,Khulna
2024-09-06,29.08,26.23,31.6,6.07,82.95,100.25,Khulna
2024-09-07,28.11,25.86,30.23,4.58,90.5,100.26,Khulna
2024-09-08,28.56,25.87,31.57,3.62,90.82,100.24,Khulna
2024-09-09,28.44,26.4,31.28,4.27,92.03,100.05,Khulna
2024-09-10,28.6,26.61,31.45,3.75,91.15,100.07,Khulna
2024-09-11,28.72,26.6,31.2,14.91,92.39,100.14,Khulna
2024-09-12,29.28,27.45,32.15,10.45,88.24,100.1,Khulna
2024-09-13,28.42,26.65,30.71,42.47,92.89,99.84,Khulna
2024-09-14,27.13,26.1,28.27,70.75,94.88,99.28,Khulna
2024-09-15,26.79,26.11,27.82,109.04,95.05,99.5,Khulna
2024-09-16,27.18,25.93,29.28,43.27,93.91,100.07,Khulna
2024-09-17,28.12,25.35,31.3,3.34,89.3,100.43,Khulna
2024-09-18,28.97,25.17,32.42,0.19,83.77,100.37,Khulna
2024-09-19,28.77,25.75,31.41,0.41,88.19,100.29,Khulna
2024-09-20,29.57,26.32,33.08,4.0,87.49,100.27,Khulna
2024-09-21,29.15,26.63,32.06,16.95,88.73,100.37,Khulna
2024-09-22,29.33,26.21,32.33,14.45,88.0,100.25,Khulna
2024-09-23,29.1,27.17,31.83,0.58,91.79,100.29,Khulna
2024-09-24,27.89,26.49,29.78,19.94,93.17,100.35,Khulna
2024-09-25,27.12,25.72,29.58,52.74,94.0,100.51,Khulna
2024-09-26,26.99,25.65,28.94,50.99,95.1,100.73,Khulna
2024-09-27,27.44,25.46,30.17,14.23,92.13,100.88,Khulna
2024-09-28,28.04,25.18,31.46,5.5,90.66,100.83,Khulna
2024-09-29,28.66,25.76,32.26,2.29,89.89,100.76,Khulna
2024-09-30,28.76,25.98,31.84,2.26,90.01,100.63,Khulna
2024-10-01,29.04,26.56,31.95,11.84,89.78,100.39,Khulna
2024-10-02,28.76,26.54,31.28,14.98,88.51,100.3,Khulna
2024-10-03,27.28,24.9,30.0,15.47,92.33,100.26,Khulna
2024-10-04,27.13,25.67,29.1,43.97,92.9,100.42,Khulna
2024-10-05,27.28,25.38,29.94,10.9,93.05,100.63,Khulna
2024-10-06,27.4,25.54,30.0,19.21,90.6,100.92,Khulna
2024-10-07,27.52,24.98,30.88,4.61,88.02,101.17,Khulna
2024-10-08,27.55,25.11,30.71,1.51,88.01,101.15,Khulna
2024-10-09,27.46,24.68,31.01,7.87,88.26,100.95,Khulna
2024-10-10,27.2,24.67,30.36,10.54,91.08,100.84,Khulna
2024-10-11,27.61,24.62,31.04,3.25,89.99,100.79,Khulna
2024-10-12,28.27,25.14,31.39,2.85,86.18,100.93,Khulna
2024-10-13,27.82,24.75,31.67,1.36,85.36,101.01,Khulna
2024-10-14,27.03,23.52,30.84,0.91,84.17,101.0,Khulna
2024-10-15,27.77,24.8,31.2,0.33,79.62,100.95,Khulna
2024-10-16,27.63,23.86,31.23,0.88,81.83,100.96,Khulna
2024-10-17,28.12,25.35,31.89,6.46,83.75,100.96,Khulna
2024-10-18,27.59,24.68,31.28,12.38,86.97,100.92,Khulna
2024-10-19,27.59,24.7,30.73,31.63,86.92,101.01,Khulna
2024-10-20,25.96,23.08,29.68,3.27,86.55,101.16,Khulna
2024-10-21,25.19,21.4,29.38,0.0,86.8,101.06,Khulna
2024-10-22,26.27,21.53,30.76,0.01,84.62,100.99,Khulna
2024-10-23,26.54,24.35,29.81,19.89,91.12,100.9,Khulna
2024-10-24,25.57,23.66,27.77,30.47,93.79,100.73,Khulna
2024-10-25,26.9,24.68,30.28,23.98,91.12,100.71,Khulna
2024-10-26,27.11,24.42,30.6,25.58,90.95,100.81,Khulna
2024-10-27,27.07,23.14,31.05,2.02,85.55,100.79,Khulna
2024-10-28,27.53,24.04,31.14,0.01,82.79,100.74,Khulna
2024-10-29,27.38,23.56,31.47,0.0,83.04,100.81,Khulna
2024-10-30,27.01,23.34,31.05,0.24,87.22,100.93,Khulna
2024-10-31,27.13,23.76,31.13,1.42,88.72,100.97,Khulna
2024-11-01,26.65,23.14,30.65,2.82,87.13,101.11,Khulna
2024-11-02,25.41,21.05,29.93,0.05,83.01,101.24,Khulna
2024-11-03,25.83,21.19,29.67,0.0,75.21,101.23,Khulna
2024-11-04,25.33,21.59,29.07,0.0,79.21,101.18,Khulna
2024-11-05,25.19,21.1,29.24,0.95,84.07,101.26,Khulna
2024-11-06,25.39,21.86,29.81,0.92,84.63,101.3,Khulna
2024-11-07,24.58,20.9,28.78,1.42,86.61,101.31,Khulna
2024-11-08,24.24,19.99,28.99,0.0,84.08,101.29,Khulna
2024-11-09,24.22,19.52,29.22,0.0,83.9,101.29,Khulna
2024-11-10,23.76,19.01,28.93,0.0,82.17,101.32,Khulna
2024-11-11,23.76,18.8,28.65,0.0,81.53,101.27,Khulna
2024-11-12,24.04,20.18,28.76,0.0,81.7,101.2,Khulna
2024-11-13,22.79,18.41,27.87,0.0,81.84,101.14,Khulna
2024-11-14,22.33,17.57,27.67,0.0,84.69,101.25,Khulna
2024-11-15,21.77,16.76,27.54,0.0,83.29,101.21,Khulna
2024-11-16,21.13,16.22,27.14,0.0,82.21,101.15,Khulna
2024-11-17,20.97,15.01,26.34,0.0,73.9,101.19,Khulna
2024-11-18,21.35,16.34,26.15,0.0,71.69,101.3,Khulna
2024-11-19,20.83,15.72,26.22,0.0,72.5,101.34,Khulna
2024-11-20,20.6,14.86,25.95,0.0,73.24,101.26,Khulna
2024-11-21,21.35,16.56,26.39,0.0,73.0,101.25,Khulna
2024-11-22,21.54,17.16,26.27,0.0,71.88,101.24,Khulna
2024-11-23,21.46,16.65,26.73,0.0,80.67,101.36,Khulna
2024-11-24,20.04,15.53,25.28,0.0,82.77,101.42,Khulna
2024-11-25,19.61,15.06,25.25,0.0,77.84,101.44,Khulna
2024-11-26,19.47,14.15,25.24,0.0,80.41,101.35,Khulna
2024-11-27,20.33,14.45,26.05,0.0,81.9,101.25,Khulna
2024-11-28,20.79,15.12,26.2,0.0,82.92,101.36,Khulna
2024-11-29,21.5,17.14,26.22,0.0,81.83,101.35,Khulna
2024-11-30,21.59,17.17,27.31,0.15,83.26,101.25,Khulna
2024-12-01,20.27,17.56,24.42,2.76,82.51,101.13,Khulna
2024-12-02,20.09,16.49,24.85,0.03,81.33,101.18,Khulna
2024-12-03,20.18,16.46,25.92,0.04,80.66,101.26,Khulna
2024-12-04,19.64,14.16,25.16,0.0,76.25,101.26,Khulna
2024-12-05,19.97,15.07,26.9,0.0,70.6,101.24,Khulna
2024-12-06,18.44,12.5,25.51,0.0,72.86,101.21,Khulna
2024-12-07,18.05,11.87,25.36,0.0,72.29,101.28,Khulna
2024-12-08,17.92,12.04,24.63,0.0,71.06,101.31,Khulna
2024-12-09,17.48,12.35,22.52,0.0,79.09,101.25,Khulna
2024-12-10,18.77,15.21,24.85,0.0,82.91,101.32,Khulna
2024-12-11,16.61,11.93,22.96,0.0,82.32,101.46,Khulna
2024-12-12,15.47,9.58,22.61,0.0,84.22,101.33,Khulna
2024-12-13,15.78,10.05,23.15,0.0,84.82,101.39,Khulna
2024-12-14,15.38,9.52,23.38,0.0,81.23,101.57,Khulna
2024-12-15,15.85,9.71,23.31,0.0,82.7,101.62,Khulna
2024-12-16,17.02,10.2,23.38,0.0,76.71,101.53,Khulna
2024-12-17,18.08,11.68,25.3,0.0,77.44,101.37,Khulna
2024-12-18,17.51,11.89,24.61,0.0,75.81,101.35,Khulna
2024-12-19,17.9,11.19,24.99,0.0,77.95,101.41,Khulna
2024-12-20,17.79,11.38,24.52,0.0,79.15,101.32,Khulna
2024-12-21,17.1,12.95,22.71,2.48,84.87,101.37,Khulna
2024-12-22,17.2,11.9,24.73,0.09,83.24,101.44,Khulna
2024-12-23,16.99,10.98,24.78,0.37,80.49,101.44,Khulna
2024-12-24,18.04,11.68,24.88,0.0,77.13,101.44,Khulna
2024-12-25,17.67,13.75,22.92,0.0,75.73,101.64,Khulna
2024-12-26,18.62,13.01,25.76,0.0,78.89,101.79,Khulna
2024-12-27,18.24,12.33,25.48,0.0,82.13,101.79,Khulna
2024-12-28,18.55,12.38,26.07,0.0,77.44,101.64,Khulna
2024-12-29,19.64,13.33,26.34,0.0,76.98,101.55,Khulna
2024-12-30,20.03,14.57,26.2,0.0,80.4,101.61,Khulna
2024-12-31,17.21,12.52,23.58,0.0,78.71,101.65,Khulna
2025-01-01,15.48,9.69,22.9,0.0,81.77,101.48,Khulna
2025-01-02,15.62,9.86,23.12,0.0,82.24,101.5,Khulna
2025-01-03,15.84,9.81,22.89,0.0,83.76,101.54,Khulna
2025-01-04,16.83,10.73,23.45,0.0,80.88,101.4,Khulna
2025-01-05,18.5,12.93,25.41,0.0,79.73,101.45,Khulna
2025-01-06,19.87,14.33,26.85,0.0,70.21,101.32,Khulna
2025-01-07,18.78,12.75,25.34,0.0,78.81,101.24,Khulna
2025-01-08,16.85,11.56,23.85,0.0,78.46,101.41,Khulna
2025-01-09,15.36,9.57,22.85,0.0,77.34,101.66,Khulna
2025-01-10,15.11,8.85,22.7,0.0,76.02,101.82,Khulna
2025-01-11,17.05,9.6,25.27,0.0,71.39,101.8,Khulna
2025-01-12,19.7,12.49,26.91,0.0,57.76,101.63,Khulna
2025-01-13,18.69,12.51,25.6,0.0,67.48,101.47,Khulna
2025-01-14,18.45,12.97,25.78,0.0,73.69,101.68,Khulna
2025-01-15,17.31,11.36,24.52,0.0,75.24,101.77,Khulna
2025-01-16,17.94,11.17,25.76,0.0,73.94,101.68,Khulna
2025-01-17,18.39,11.93,26.62,0.0,72.33,101.53,Khulna
2025-01-18,18.25,11.95,26.2,0.0,73.59,101.49,Khulna
2025-01-19,17.83,11.19,25.85,0.0,68.45,101.37,Khulna
2025-01-20,17.5,10.0,25.94,0.0,64.23,101.22,Khulna
2025-01-21,18.27,10.52,26.45,0.0,65.88,101.17,Khulna
2025-01-22,18.83,12.38,27.14,0.0,66.96,101.23,Khulna
2025-01-23,19.28,13.37,27.66,0.0,65.17,101.29,Khulna
2025-01-24,19.67,13.73,27.53,0.0,67.04,101.23,Khulna
2025-01-25,19.39,14.52,26.41,0.0,69.09,101.34,Khulna
2025-01-26,17.64,11.88,25.54,0.0,65.27,101.32,Khulna
2025-01-27,17.76,11.27,25.82,0.0,61.39,101.13,Khulna
2025-01-28,18.62,11.11,26.15,0.0,56.34,101.27,Khulna
2025-01-29,19.88,12.96,27.32,0.0,52.83,101.47,Khulna
2025-01-30,21.71,16.2,29.1,0.37,70.92,101.11,Khulna
2025-01-31,23.0,17.34,30.78,0.0,74.82,101.06,Khulna
2025-02-01,22.63,16.02,30.46,0.0,67.36,101.15,Khulna
2025-02-02,22.26,16.65,30.25,0.0,65.36,101.15,Khulna
2025-02-03,21.54,15.91,29.92,0.0,62.61,101.23,Khulna
2025-02-04,20.89,14.17,29.53,0.0,53.16,101.26,Khulna
2025-02-05,22.66,15.74,30.97,0.0,52.53,101.05,Khulna
2025-02-06,23.13,17.05,31.51,0.0,64.55,101.12,Khulna
2025-02-07,20.02,10.77,29.89,0.0,45.22,101.3,Khulna
2025-02-08,19.11,10.68,28.71,0.0,42.36,101.35,Khulna
2025-02-09,19.58,11.16,28.97,0.0,41.9,101.27,Khulna
2025-02-10,21.24,13.6,30.6,0.0,45.97,101.3,Khulna
2025-02-11,22.73,14.82,32.48,0.0,61.29,101.15,Khulna
2025-02-12,24.13,16.71,33.31,0.0,60.49,101.15,Khulna
2025-02-13,23.97,18.13,32.88,0.07,62.89,101.08,Khulna
2025-02-14,21.58,12.71,30.61,0.01,37.44,101.12,Khulna
2025-02-15,22.01,12.87,30.83,0.0,36.24,101.11,Khulna
2025-02-16,23.75,16.34,32.13,0.0,39.14,101.15,Khulna
2025-02-17,24.62,17.98,33.24,0.0,51.19,101.29,Khulna
2025-02-18,25.52,18.83,33.8,0.0,54.67,101.22,Khulna
2025-02-19,25.08,18.02,32.63,0.05,53.51,101.17,Khulna
2025-02-20,25.47,20.19,32.55,7.32,64.28,101.31,Khulna
2025-02-21,24.42,18.36,31.87,1.6,64.03,101.35,Khulna
2025-02-22,25.64,18.57,33.2,0.41,62.08,101.37,Khulna
2025-02-23,25.25,20.9,30.68,0.84,63.38,101.47,Khulna
2025-02-24,24.45,17.91,32.54,0.0,57.92,101.57,Khulna
2025-02-25,24.04,16.73,32.85,0.0,49.56,101.68,Khulna
2025-02-26,23.67,16.51,32.31,0.0,45.71,101.68,Khulna
2025-02-27,24.44,18.14,32.43,0.0,48.09,101.45,Khulna
2025-02-28,25.66,19.2,33.8,0.0,48.11,101.31,Khulna
2025-03-01,26.88,18.83,36.15,0.0,53.14,101.06,Khulna
2025-03-02,27.85,20.53,36.96,0.0,57.15,100.77,Khulna
2025-03-03,28.14,22.45,35.96,0.0,49.22,100.9,Khulna
2025-03-04,26.61,20.01,34.93,0.0,39.76,100.96,Khulna
2025-03-05,25.52,17.99,34.86,0.0,37.66,100.83,Khulna
2025-03-06,24.34,17.36,33.35,0.0,32.38,101.05,Khulna
2025-03-07,23.12,14.29,33.46,0.0,33.35,100.91,Khulna
2025-03-08,25.25,16.87,34.51,0.0,39.13,100.82,Khulna
2025-03-09,26.18,18.58,34.49,0.0,46.33,101.21,Khulna
2025-03-10,27.7,20.7,35.8,0.0,41.38,101.41,Khulna
2025-03-11,27.77,19.82,36.94,0.0,45.62,101.18,Khulna
2025-03-12,28.25,19.99,37.49,0.0,48.87,100.79,Khulna
2025-03-13,29.49,21.3,39.55,0.0,53.21,100.58,Khulna
2025-03-14,30.36,22.36,40.21,0.0,53.3,100.71,Khulna
2025-03-15,30.74,22.8,40.32,0.0,53.64,100.87,Khulna
2025-03-16,31.49,22.97,41.8,0.01,53.1,100.82,Khulna
2025-03-17,30.82,23.69,39.62,0.28,53.51,100.75,Khulna
2025-03-18,30.47,23.53,39.01,0.14,49.36,100.85,Khulna
2025-03-19,30.37,22.66,39.13,0.01,42.42,101.17,Khulna
2025-03-20,30.5,23.52,38.72,0.39,51.43,101.29,Khulna
2025-03-21,28.52,22.8,36.39,0.5,53.33,101.41,Khulna
2025-03-22,27.19,21.45,34.62,0.83,52.45,101.39,Khulna
2025-03-23,27.21,20.37,35.09,1.07,47.43,101.36,Khulna
2025-03-24,27.19,20.04,35.21,0.0,42.72,101.25,Khulna
2025-03-25,28.39,20.81,36.54,0.0,36.15,100.84,Khulna
2025-03-26,29.27,20.37,38.13,0.0,42.12,100.6,Khulna
2025-03-27,30.3,21.85,39.48,0.02,49.33,100.4,Khulna
2025-03-28,31.04,21.25,42.16,0.0,42.99,100.31,Khulna
2025-03-29,31.68,23.2,41.84,0.0,47.98,100.47,Khulna
2025-03-30,31.61,23.48,40.51,0.0,52.44,100.78,Khulna
2025-03-31,31.2,23.5,39.47,0.0,51.81,100.78,Khulna
2025-04-01,30.93,23.83,38.85,0.0,56.1,100.77,Khulna
2025-04-02,31.15,22.99,40.09,0.43,52.34,100.9,Khulna
2025-04-03,29.16,23.56,35.83,56.92,61.67,101.03,Khulna
2025-04-04,30.99,24.2,38.83,0.0,55.08,100.86,Khulna
2025-04-05,30.84,23.68,38.97,0.31,54.03,100.71,Khulna
2025-04-06,30.5,23.54,39.06,1.87,59.7,100.72,Khulna
2025-04-07,29.61,23.02,37.61,3.18,61.51,100.98,Khulna
2025-04-08,28.17,23.87,33.14,2.45,70.31,101.26,Khulna
2025-04-09,29.96,23.62,37.29,0.02,58.55,101.0,Khulna
2025-04-10,29.96,23.32,37.6,0.01,52.85,100.63,Khulna
2025-04-11,29.02,24.24,34.15,8.99,63.61,100.49,Khulna
2025-04-12,29.31,24.32,34.65,1.02,65.27,100.63,Khulna
2025-04-13,28.51,25.15,32.16,0.05,67.06,100.85,Khulna
2025-04-14,28.24,24.83,31.74,1.22,64.94,100.89,Khulna
2025-04-15,28.39,23.65,33.29,5.7,65.94,100.92,Khulna
2025-04-16,29.17,23.35,35.91,5.55,65.86,100.81,Khulna
2025-04-17,28.53,23.71,34.44,8.45,72.14,100.72,Khulna
2025-04-18,28.27,23.65,33.4,11.05,75.45,100.64,Khulna
2025-04-19,29.35,24.87,34.99,9.32,72.21,100.54,Khulna
2025-04-20,30.62,25.01,37.28,4.7,71.3,100.53,Khulna
2025-04-21,31.26,26.59,37.72,3.91,71.62,100.69,Khulna
2025-04-22,31.9,26.52,40.03,0.77,68.3,100.65,Khulna
2025-04-23,32.86,26.52,41.89,0.0,63.9,100.37,Khulna
2025-04-24,32.55,26.58,40.98,0.0,65.34,100.38,Khulna
2025-04-25,32.27,26.54,40.7,0.0,64.87,100.46,Khulna
2025-04-26,32.0,25.86,40.45,0.01,64.37,100.55,Khulna
2025-04-27,31.54,25.15,39.18,0.19,62.37,100.73,Khulna
2025-04-28,30.76,25.45,37.81,5.28,61.58,100.69,Khulna
2025-04-29,28.36,24.02,33.48,17.23,71.04,100.75,Khulna
2025-04-30,28.31,24.29,32.78,10.94,70.07,100.86,Khulna
2025-05-01,28.77,23.89,33.96,7.37,67.61,100.96,Khulna
2025-05-02,28.16,23.56,32.36,24.89,66.71,100.84,Khulna
2025-05-03,28.29,22.93,33.57,8.48,69.88,100.69,Khulna
2025-05-04,28.42,24.46,33.52,10.11,74.42,100.57,Khulna
2025-05-05,28.8,24.11,34.14,1.71,71.61,100.61,Khulna
2025-05-06,29.14,24.56,34.74,3.42,72.05,100.62,Khulna
2025-05-07,29.96,24.47,36.0,1.05,68.7,100.49,Khulna
2025-05-08,31.19,25.41,37.67,3.83,67.81,100.5,Khulna
2025-05-09,31.91,26.22,38.46,0.08,63.62,100.54,Khulna
2025-05-10,32.77,26.4,40.11,0.28,59.49,100.47,Khulna
2025-05-11,33.01,26.26,40.35,0.06,59.75,100.33,Khulna
2025-05-12,32.1,27.66,39.02,0.16,65.15,100.23,Khulna
2025-05-13,32.07,26.81,39.0,1.12,65.45,100.28,Khulna
2025-05-14,32.4,26.99,39.85,0.3,65.43,100.38,Khulna
2025-05-15,31.43,26.66,37.97,5.77,70.53,100.48,Khulna
2025-05-16,30.45,26.35,36.25,14.17,76.55,100.47,Khulna
2025-05-17,29.89,26.74,34.62,8.83,79.29,100.51,Khulna
2025-05-18,29.43,25.49,34.63,26.19,79.23,100.59,Khulna
2025-05-19,29.25,25.38,33.84,26.81,81.79,100.56,Khulna
2025-05-20,29.22,25.59,33.69,18.97,84.63,100.4,Khulna
2025-05-21,28.89,26.31,33.0,26.07,86.66,100.49,Khulna
2025-05-22,29.0,25.31,33.1,9.26,79.48,100.41,Khulna
2025-05-23,28.53,25.77,31.99,4.81,82.61,100.25,Khulna
2025-05-24,28.63,25.51,32.82,12.95,83.09,100.21,Khulna
2025-05-25,28.03,25.99,30.78,24.11,89.28,100.31,Khulna
2025-05-26,28.73,25.98,32.45,12.67,85.52,100.19,Khulna
2025-05-27,27.82,25.4,30.5,14.03,88.87,99.91,Khulna
2025-05-28,28.01,26.01,30.69,18.67,91.01,99.53,Khulna
2025-05-29,28.07,26.28,30.23,49.57,93.21,99.0,Khulna
2025-05-30,28.79,26.18,32.2,25.97,87.36,99.36,Khulna
2025-05-31,28.83,26.97,31.22,16.01,91.9,99.96,Khulna
2025-06-01,29.53,27.26,32.61,16.12,88.52,99.92,Khulna
2025-06-02,30.37,26.79,36.19,9.05,81.13,99.91,Khulna
2025-06-03,29.58,26.45,33.65,22.6,85.79,100.13,Khulna
2025-06-04,29.11,26.58,32.94,23.74,85.29,100.38,Khulna
2025-06-05,29.05,25.65,32.86,4.81,80.67,100.54,Khulna
2025-06-06,29.18,25.21,33.01,11.29,82.03,100.54,Khulna
2025-06-07,29.54,25.76,33.58,6.33,80.7,100.47,Khulna
2025-06-08,29.68,25.36,34.1,2.27,79.27,100.31,Khulna
2025-06-09,29.8,25.75,33.87,1.73,80.54,100.18,Khulna
2025-06-10,29.73,25.81,33.59,2.07,80.27,100.13,Khulna
2025-06-11,29.39,26.57,32.96,5.33,84.08,100.2,Khulna
2025-06-12,29.42,26.17,33.1,2.9,84.14,100.22,Khulna
2025-06-13,29.62,26.53,33.01,0.89,83.83,100.22,Khulna
2025-06-14,28.61,26.1,31.3,1.1,87.01,100.1,Khulna
2025-06-15,28.8,26.51,31.82,2.48,87.7,100.02,Khulna
2025-06-16,28.02,26.28,29.92,18.49,93.2,99.79,Khulna
2025-06-17,27.89,26.27,30.26,52.39,91.53,99.72,Khulna
2025-06-18,28.08,26.82,30.18,24.27,92.86,99.55,Khulna
2025-06-19,28.02,25.87,30.18,19.27,89.61,99.77,Khulna
2025-06-20,28.37,26.49,31.12,18.21,91.31,100.02,Khulna
2025-06-21,28.76,26.73,31.42,5.41,88.25,100.06,Khulna
2025-06-22,28.93,26.84,31.6,5.98,88.01,99.98,Khulna
2025-06-23,28.65,26.61,31.56,6.34,89.17,99.84,Khulna
2025-06-24,28.71,25.84,32.28,6.16,89.61,99.72,Khulna
2025-06-25,28.27,26.43,30.62,7.74,90.92,99.93,Khulna
2025-06-26,28.37,26.72,30.94,7.68,91.09,100.08,Khulna
2025-06-27,28.66,26.45,31.85,14.4,89.0,100.06,Khulna
2025-06-28,28.41,26.23,31.93,17.73,89.52,99.82,Khulna
2025-06-29,28.1,25.74,31.46,6.68,90.67,99.51,Khulna
2025-06-30,28.01,26.22,30.18,13.21,92.24,99.55,Khulna
2025-07-01,28.64,25.93,32.01,8.01,89.18,99.77,Khulna
2025-07-02,28.71,26.08,31.87,10.75,89.09,99.84,Khulna
2025-07-03,28.87,26.46,32.21,17.89,89.51,99.93,Khulna
2025-07-04,28.34,26.6,30.96,32.77,91.52,99.92,Khulna
2025-07-05,28.36,26.22,31.53,36.64,89.72,99.79,Khulna
2025-07-06,27.75,25.73,30.27,11.16,91.27,99.72,Khulna
2025-07-07,27.32,25.64,29.68,33.0,93.3,99.66,Khulna
2025-07-08,27.12,25.38,28.93,68.53,94.06,99.67,Khulna
2025-07-09,27.0,25.77,28.61,52.03,95.39,99.92,Khulna
2025-07-10,27.6,25.83,30.17,33.52,93.59,100.02,Khulna
2025-07-11,28.21,25.82,31.28,9.76,91.2,99.98,Khulna
2025-07-12,28.85,26.5,31.67,5.59,89.26,100.01,Khulna
2025-07-13,28.92,26.67,31.6,18.91,88.69,100.03,Khulna
2025-07-14,27.9,25.97,30.61,73.34,92.82,99.86,Khulna
2025-07-15,28.04,26.1,30.46,18.52,92.43,100.03,Khulna
2025-07-16,28.2,26.41,30.81,22.7,91.82,100.25,Khulna
2025-07-17,28.19,26.0,31.15,9.08,89.88,100.4,Khulna
2025-07-18,28.48,25.61,31.85,3.01,89.14,100.27,Khulna
2025-07-19,28.5,26.06,31.98,4.12,90.13,99.9,Khulna
2025-07-20,29.3,26.51,31.96,3.72,86.27,99.88,Khulna
2025-07-21,28.98,26.64,31.96,3.68,88.93,99.95,Khulna
2025-07-22,28.82,26.85,30.86,2.71,87.59,99.85,Khulna
2025-07-23,30.14,26.32,33.56,9.22,85.06,99.51,Khulna
2025-07-24,29.04,27.7,31.17,21.64,92.85,99.21,Khulna
2025-07-25,28.51,26.7,31.67,24.37,91.82,99.17,Khulna
2025-07-26,28.35,26.34,30.36,19.2,92.13,99.69,Khulna
2025-07-27,28.63,26.78,31.53,14.33,90.39,99.78,Khulna
2025-07-28,28.61,26.62,31.43,21.37,90.52,99.79,Khulna
2025-07-29,28.16,26.46,30.91,32.75,91.93,99.83,Khulna
2025-07-30,27.97,25.69,31.25,37.42,90.77,99.97,Khulna
2025-07-31,27.12,25.2,28.96,33.89,93.55,99.96,Khulna
2025-08-01,28.84,26.44,32.05,18.84,90.08,99.99,Khulna
2025-08-02,28.2,26.7,30.24,4.96,92.91,100.14,Khulna
2025-08-03,28.14,26.56,29.93,13.7,93.7,100.4,Khulna
2025-08-04,28.04,26.66,29.78,17.79,94.39,100.51,Khulna
2025-08-05,28.19,26.35,30.52,17.89,91.63,100.54,Khulna
2025-08-06,27.91,26.17,30.5,11.73,91.31,100.4,Khulna
2025-08-07,27.82,25.85,30.23,6.5,91.13,100.28,Khulna
2025-08-08,26.61,25.14,28.05,14.14,93.04,100.53,Khulna
2025-08-09,27.82,25.01,31.49,6.93,89.24,100.7,Khulna
2025-08-10,28.29,25.12,31.95,8.73,89.39,100.52,Khulna
2025-08-11,28.84,25.93,32.63,1.37,88.91,100.34,Khulna
2025-08-12,28.96,26.47,32.5,2.85,87.85,100.17,Khulna
2025-08-13,27.86,26.02,30.03,10.06,91.74,100.32,Khulna
2025-08-14,27.63,25.67,30.29,11.12,92.03,100.38,Khulna
2025-08-15,27.92,25.2,31.15,6.68,89.76,100.2,Khulna
2025-08-16,28.17,25.45,31.26,3.59,88.66,100.11,Khulna
2025-08-17,27.58,25.93,29.86,9.39,90.7,100.22,Khulna
2025-08-18,27.49,25.7,30.37,4.67,91.96,100.33,Khulna
2025-08-19,27.71,25.95,30.63,12.95,92.04,100.32,Khulna
2025-08-20,27.39,25.8,29.46,23.13,93.85,100.34,Khulna
2025-08-21,27.47,25.72,30.06,13.13,92.74,100.31,Khulna
2025-08-22,27.47,25.57,30.0,22.66,92.7,100.03,Khulna
2025-08-23,27.44,25.3,30.6,13.86,91.76,99.96,Khulna
2025-08-24,27.78,25.37,31.42,9.37,90.1,100.27,Khulna
2025-08-25,27.93,25.53,31.47,5.43,89.99,100.3,Khulna
2025-08-26,27.81,24.9,30.91,0.81,88.79,100.31,Khulna
2025-08-27,27.85,24.48,31.92,3.8,89.82,100.25,Khulna
2025-08-28,28.17,25.54,31.94,3.35,89.01,100.34,Khulna
2025-08-29,27.49,25.94,29.98,16.96,92.03,100.51,Khulna
2025-08-30,27.87,25.45,30.74,14.59,90.56,100.58,Khulna
2025-08-31,28.55,25.65,31.76,8.11,87.47,100.37,Khulna
2025-09-01,28.45,25.94,30.53,5.28,87.55,100.02,Khulna
2025-09-02,28.24,26.12,31.52,28.72,90.77,100.08,Khulna
2025-09-03,27.85,25.78,30.63,9.73,91.36,100.25,Khulna
2025-09-04,27.5,25.36,30.76,3.73,91.46,100.41,Khulna
2025-09-05,27.7,24.94,31.21,2.56,89.94,100.51,Khulna
2025-09-06,28.36,24.74,32.46,0.35,86.36,100.58,Khulna
2025-09-07,28.46,25.54,31.82,0.22,86.48,100.53,Khulna
2025-09-08,28.38,25.37,32.02,0.28,86.54,100.5,Khulna
2025-09-09,28.16,25.15,31.53,1.2,88.36,100.57,Khulna
2025-09-10,28.36,25.52,31.62,0.56,88.73,100.46,Khulna
2025-09-11,28.09,25.84,30.71,2.97,89.42,100.49,Khulna
2025-09-12,27.93,25.81,31.05,7.2,89.0,100.6,Khulna
2025-09-13,27.58,25.58,29.9,5.64,91.71,100.7,Khulna
2025-09-14,27.36,25.79,29.45,4.93,92.45,100.69,Khulna
2025-09-15,27.19,25.31,29.83,12.77,91.13,100.63,Khulna
2025-09-16,26.98,24.88,29.8,16.08,91.71,100.69,Khulna
2025-09-17,27.61,24.83,31.25,5.16,89.11,100.68,Khulna
2025-09-18,28.17,25.11,31.9,13.82,89.37,100.58,Khulna
2025-09-19,28.5,25.72,31.88,6.94,90.43,100.54,Khulna
2025-09-20,28.11,26.45,30.18,15.55,90.74,100.38,Khulna
2025-09-21,27.91,25.81,30.13,9.6,89.84,100.28,Khulna
2025-09-22,27.19,25.8,29.31,39.64,93.36,100.3,Khulna
2025-09-23,26.96,24.77,29.98,8.59,91.57,100.25,Khulna
2025-09-24,27.59,23.87,31.16,0.92,88.99,100.13,Khulna
2025-09-25,27.72,25.57,30.26,5.32,88.22,100.12,Khulna
2025-09-26,27.97,25.47,31.21,4.61,90.85,100.31,Khulna
2025-09-27,27.79,26.06,30.35,1.54,91.46,100.67,Khulna
2025-09-28,27.66,25.36,30.64,0.8,88.52,100.64,Khulna
2025-09-29,28.23,24.61,31.32,0.68,84.86,100.43,Khulna
2025-09-30,28.73,25.67,31.6,1.56,85.58,100.21,Khulna
2025-10-01,27.68,26.25,29.52,21.4,93.42,100.32,Khulna
2025-10-02,27.17,26.01,29.21,18.99,93.99,100.65,Khulna
2025-10-03,27.22,25.69,29.59,11.89,93.34,100.86,Khulna
2025-10-04,27.42,25.23,30.24,9.94,93.51,100.82,Khulna
2025-10-05,27.15,25.68,29.16,12.0,94.82,100.78,Khulna
2025-10-06,26.85,24.79,29.16,25.71,87.98,100.85,Khulna
2025-10-07,27.06,23.55,31.05,5.61,86.46,100.84,Khulna
2025-10-08,26.88,24.33,30.0,12.19,88.86,100.88,Khulna
2025-10-09,27.33,24.52,30.18,9.9,85.42,100.9,Khulna
2025-10-10,26.96,24.79,29.68,10.36,86.21,100.83,Khulna
2025-10-11,26.23,24.12,29.08,20.86,90.96,100.84,Khulna
2025-10-12,26.18,22.63,30.07,4.68,87.06,100.91,Khulna
2025-10-13,25.6,22.07,29.8,0.07,87.67,101.0,Khulna
2025-10-14,25.28,21.31,30.16,0.0,86.69,100.89,Khulna
2025-10-15,24.56,20.52,29.22,0.0,84.58,100.84,Khulna
2025-10-16,24.62,19.84,29.83,0.0,83.75,100.9,Khulna
2025-10-17,25.29,20.42,30.2,0.0,82.0,101.04,Khulna
2025-10-18,26.56,21.3,31.36,0.01,82.88,100.99,Khulna
2025-10-19,26.7,22.34,31.31,0.0,85.03,100.91,Khulna
2025-10-20,26.28,22.08,31.06,0.0,86.71,100.94,Khulna
2025-10-21,25.78,21.1,30.95,0.02,84.65,101.04,Khulna
2025-10-22,25.77,20.78,30.91,0.02,81.6,101.06,Khulna
2025-10-23,25.82,21.06,31.0,0.03,79.37,101.02,Khulna
2025-10-24,26.5,22.24,30.74,0.46,77.14,101.0,Khulna
2025-10-25,26.75,22.59,30.76,0.22,76.56,101.0,Khulna
2025-10-26,26.59,22.33,30.75,0.0,79.21,101.07,Khulna
2025-10-27,26.69,22.03,31.32,0.21,81.1,101.11,Khulna
2025-10-28,27.88,23.78,32.59,0.12,79.17,101.06,Khulna
2025-10-29,27.44,24.15,31.31,4.42,85.26,101.02,Khulna
2025-10-30,27.01,24.35,30.71,22.09,89.41,101.03,Khulna
2025-10-31,27.23,24.03,31.39,2.59,88.21,100.94,Khulna
2025-11-01,26.87,24.1,30.4,14.83,90.93,100.77,Khulna
2025-11-02,25.69,22.97,29.34,13.99,89.95,100.8,Khulna
2025-11-03,24.42,21.37,28.86,3.03,85.64,100.84,Khulna
2025-11-04,23.49,19.11,28.67,0.0,84.23,100.77,Khulna
2025-11-05,23.5,19.08,28.85,0.01,84.24,100.64,Khulna
2025-11-06,24.35,18.67,29.55,0.0,78.3,100.82,Khulna
2025-11-07,24.23,20.07,29.38,0.0,84.18,101.02,Khulna
2025-11-08,22.02,17.89,28.13,0.0,82.3,101.13,Khulna
2025-11-09,20.59,15.08,26.92,0.0,82.86,101.05,Khulna
2025-11-10,20.93,16.1,27.51,0.0,84.05,101.11,Khulna
2025-11-11,19.56,14.43,25.86,0.0,80.39,101.17,Khulna
2025-11-12,18.98,13.12,25.56,0.0,74.97,101.29,Khulna
2025-11-13,19.25,12.79,25.67,0.0,75.95,101.41,Khulna
2025-11-14,19.74,13.34,25.94,0.0,78.85,101.38,Khulna
2025-11-15,20.02,14.22,26.46,0.0,82.91,101.49,Khulna
2025-11-16,20.01,14.4,26.26,0.0,82.64,101.59,Khulna
2025-11-17,20.45,14.32,26.22,0.0,79.41,101.56,Khulna
2025-11-18,21.21,14.01,27.67,0.0,74.8,101.4,Khulna
2025-11-19,21.31,15.02,27.36,0.0,70.55,101.4,Khulna
2025-11-20,20.98,15.45,27.28,0.0,75.04,101.48,Khulna
2025-11-21,20.46,15.47,26.03,0.0,76.57,101.58,Khulna
2025-11-22,20.34,14.68,26.33,0.0,77.86,101.5,Khulna
2025-11-23,20.06,14.73,26.04,0.0,77.04,101.53,Khulna
2025-11-24,18.72,13.84,25.1,0.0,82.75,101.57,Khulna
2025-11-25,18.64,13.39,25.39,0.0,84.76,101.47,Khulna
2025-11-26,18.76,13.0,25.44,0.0,82.76,101.53,Khulna
2025-11-27,19.51,13.21,25.95,0.0,78.87,101.6,Khulna
2025-11-28,19.82,13.98,26.21,0.0,77.26,101.48,Khulna
2025-11-29,19.47,12.78,26.21,0.0,76.32,101.33,Khulna
2025-11-30,19.74,14.0,26.12,0.0,79.99,101.31,Khulna
2025-12-01,18.9,13.96,24.21,0.0,85.05,101.33,Khulna
2025-12-02,19.14,14.87,24.63,0.0,79.05,101.33,Khulna
2025-12-03,17.82,13.38,24.27,0.0,77.7,101.51,Khulna
2025-12-04,17.34,10.97,24.89,0.0,82.9,101.57,Khulna
2025-12-05,17.3,11.94,24.82,0.0,82.87,101.68,Khulna
2025-12-06,16.09,9.92,24.32,0.0,75.01,101.65,Khulna
2025-12-07,16.2,10.8,23.75,0.0,79.23,101.64,Khulna
2025-12-08,16.88,11.73,24.14,0.0,78.25,101.54,Khulna
2025-12-09,18.16,12.27,25.17,0.0,79.93,101.47,Khulna
2025-12-10,18.27,12.65,25.63,0.0,82.8,101.54,Khulna
2025-12-11,16.87,10.87,24.21,0.0,79.76,101.48,Khulna
2025-12-12,17.29,10.75,24.5,0.0,76.34,101.43,Khulna
2025-12-13,17.96,10.62,25.68,0.0,74.38,101.49,Khulna
2025-12-14,18.11,11.57,26.27,0.0,77.08,101.54,Khulna
2025-12-15,17.65,11.41,25.41,0.0,79.14,101.52,Khulna
2025-12-16,17.61,11.48,24.93,0.0,79.96,101.46,Khulna
2025-12-17,17.33,11.42,24.59,0.0,80.51,101.56,Khulna
2025-12-18,18.21,11.48,26.08,0.0,79.81,101.52,Khulna
2025-12-19,18.2,12.22,25.29,0.0,81.94,101.35,Khulna
2025-12-20,17.61,13.11,24.1,0.0,82.04,101.35,Khulna
2025-12-21,17.0,11.52,23.75,0.0,83.62,101.52,Khulna
2025-12-22,16.9,11.42,23.91,0.0,82.77,101.45,Khulna
2025-12-23,16.57,11.78,23.37,0.0,81.14,101.33,Khulna
2025-12-24,15.89,10.27,23.59,0.0,80.45,101.36,Khulna
2025-12-25,14.86,9.3,22.03,0.0,78.8,101.49,Khulna
2025-12-26,14.88,8.19,22.5,0.0,79.23,101.46,Khulna
2025-12-27,15.02,9.14,22.44,0.0,83.51,101.46,Khulna
2025-12-28,15.02,9.23,22.58,0.0,81.95,101.56,Khulna
2025-12-29,13.99,8.28,21.3,0.0,82.23,101.54,Khulna
2025-12-30,13.4,7.94,20.95,0.05,81.58,101.43,Khulna
2025-12-31,13.68,7.77,21.38,0.1,78.92,101.31,Khulna
2021-12-01,20.51,15.03,26.42,0.0,76.31,100.79,Mymensingh
2021-12-02,20.57,14.86,26.13,0.0,78.36,100.75,Mymensingh
2021-12-03,20.95,16.01,25.95,0.02,82.61,100.88,Mymensingh
2021-12-04,21.38,17.39,25.59,0.15,83.91,100.83,Mymensingh
2021-12-05,21.6,18.16,26.35,0.15,85.91,100.85,Mymensingh
2021-12-06,20.65,19.34,23.39,22.07,92.59,100.62,Mymensingh
2021-12-07,21.46,17.88,26.53,3.12,87.64,100.59,Mymensingh
2021-12-08,20.91,16.34,26.86,0.08,82.7,100.88,Mymensingh
2021-12-09,20.83,15.89,27.14,0.05,80.44,101.0,Mymensingh
2021-12-10,19.75,16.38,23.76,0.05,82.06,100.95,Mymensingh
2021-12-11,17.93,13.73,24.26,0.15,78.26,101.04,Mymensingh
2021-12-12,16.99,11.82,23.32,0.0,69.46,101.12,Mymensingh
2021-12-13,17.05,11.19,22.99,0.0,73.86,100.98,Mymensingh
2021-12-14,17.82,13.48,24.19,0.0,77.15,100.83,Mymensingh
2021-12-15,16.79,12.29,22.87,0.0,82.33,100.81,Mymensingh
2021-12-16,17.13,12.62,23.61,0.0,74.85,100.88,Mymensingh
2021-12-17,17.46,11.73,24.21,0.0,72.77,100.85,Mymensingh
2021-12-18,17.5,13.13,24.56,0.0,73.69,100.79,Mymensingh
2021-12-19,16.8,12.32,23.39,0.0,77.95,100.88,Mymensingh
2021-12-20,16.07,10.91,22.88,0.0,78.09,100.91,Mymensingh
2021-12-21,17.36,12.22,23.0,0.0,80.92,100.81,Mymensingh
2021-12-22,18.29,15.79,21.85,0.78,83.2,100.67,Mymensingh
2021-12-23,17.93,14.1,23.74,0.22,81.43,100.68,Mymensingh
2021-12-24,17.77,13.3,23.32,0.0,76.47,100.75,Mymensingh
2021-12-25,17.68,13.08,23.01,0.0,74.25,100.83,Mymensingh
2021-12-26,17.87,12.9,23.55,0.0,70.23,101.04,Mymensingh
2021-12-27,17.3,12.69,22.85,0.0,71.57,101.11,Mymensingh
2021-12-28,17.88,12.86,23.35,0.0,71.38,101.07,Mymensingh
2021-12-29,17.33,12.75,22.66,0.16,76.09,101.1,Mymensingh
2021-12-30,18.27,14.26,24.37,0.06,73.59,101.23,Mymensingh
2021-12-31,17.85,13.69,24.66,0.0,73.76,101.23,Mymensingh
2022-01-01,17.62,13.37,23.73,0.0,75.15,101.18,Mymensingh
2022-01-02,17.35,11.5,23.87,0.0,76.84,101.03,Mymensingh
2022-01-03,17.66,14.21,23.75,0.0,75.29,100.9,Mymensingh
2022-01-04,17.02,12.32,23.78,0.0,74.81,101.0,Mymensingh
2022-01-05,17.64,11.84,23.67,0.0,71.07,100.92,Mymensingh
2022-01-06,18.66,13.36,24.64,0.0,70.27,100.87,Mymensingh
2022-01-07,18.99,13.85,25.26,0.0,71.74,100.92,Mymensingh
2022-01-08,18.78,13.71,25.52,0.0,77.68,100.9,Mymensingh
2022-01-09,19.27,13.28,25.3,0.0,78.73,100.72,Mymensingh
2022-01-10,19.95,15.53,26.05,0.0,79.0,100.75,Mymensingh
2022-01-11,19.71,14.74,25.44,0.67,80.18,100.76,Mymensingh
2022-01-12,19.66,16.42,24.35,6.2,79.31,100.74,Mymensingh
2022-01-13,17.8,15.26,21.93,9.39,82.17,100.88,Mymensingh
2022-01-14,16.69,11.2,21.92,0.76,71.81,100.93,Mymensingh
2022-01-15,17.38,12.52,24.08,0.04,69.0,100.83,Mymensingh
2022-01-16,17.0,11.39,24.48,0.03,72.23,101.01,Mymensingh
2022-01-17,17.48,11.57,24.89,0.0,74.64,101.1,Mymensingh
2022-01-18,18.28,13.34,24.34,0.0,70.14,100.86,Mymensingh
2022-01-19,18.77,14.34,23.88,0.03,69.33,100.64,Mymensingh
2022-01-20,17.58,12.95,21.94,0.06,75.5,100.41,Mymensingh
2022-01-21,17.54,13.17,22.92,0.09,69.24,100.47,Mymensingh
2022-01-22,16.95,10.84,22.96,0.03,69.32,100.43,Mymensingh
2022-01-23,17.65,13.09,23.83,0.2,72.59,100.45,Mymensingh
2022-01-24,17.79,14.17,22.37,0.88,81.09,100.47,Mymensingh
2022-01-25,18.21,13.88,23.51,0.16,77.74,100.45,Mymensingh
2022-01-26,17.53,12.51,22.44,2.23,76.93,100.55,Mymensingh
2022-01-27,16.13,11.27,21.93,1.3,72.65,100.61,Mymensingh
2022-01-28,13.7,7.98,20.29,0.75,69.79,100.82,Mymensingh
2022-01-29,14.49,9.67,21.52,0.0,68.38,100.8,Mymensingh
2022-01-30,14.73,9.03,21.37,0.0,69.42,100.55,Mymensingh
2022-01-31,16.27,11.13,22.12,0.0,61.68,100.53,Mymensingh
2022-02-01,15.62,9.14,21.85,1.32,72.54,100.34,Mymensingh
2022-02-02,16.91,10.21,22.82,0.32,66.8,100.57,Mymensingh
2022-02-03,17.22,11.57,24.01,0.28,72.23,100.64,Mymensingh
2022-02-04,17.37,13.52,22.28,21.52,79.76,100.45,Mymensingh
2022-02-05,15.85,11.18,21.28,9.28,79.09,100.44,Mymensingh
2022-02-06,14.73,10.68,21.43,2.53,71.52,100.88,Mymensingh
2022-02-07,14.89,9.3,22.21,0.09,66.62,100.85,Mymensingh
2022-02-08,16.08,10.96,22.31,0.0,63.93,100.76,Mymensingh
2022-02-09,17.31,11.14,23.61,0.0,61.24,100.84,Mymensingh
2022-02-10,16.27,11.52,20.75,1.31,77.75,100.72,Mymensingh
2022-02-11,17.17,12.5,23.79,0.22,74.93,100.65,Mymensingh
2022-02-12,15.97,10.88,23.2,0.01,66.04,100.68,Mymensingh
2022-02-13,17.15,10.11,25.44,0.0,61.76,100.56,Mymensingh
2022-02-14,18.66,11.42,25.53,0.0,52.74,100.51,Mymensingh
2022-02-15,18.74,12.44,26.46,0.0,53.91,100.43,Mymensingh
2022-02-16,18.05,11.73,25.61,0.0,60.16,100.26,Mymensingh
2022-02-17,18.56,12.55,26.09,0.0,55.41,100.27,Mymensingh
2022-02-18,18.88,12.66,26.62,0.0,54.63,100.44,Mymensingh
2022-02-19,18.48,11.54,26.34,0.0,55.38,100.46,Mymensingh
2022-02-20,17.57,12.01,25.26,1.09,71.5,100.17,Mymensingh
2022-02-21,18.18,12.42,24.45,1.84,70.43,100.28,Mymensingh
2022-02-22,19.15,12.15,26.43,0.91,62.0,100.76,Mymensingh
2022-02-23,21.23,15.33,27.5,0.07,58.09,100.94,Mymensingh
2022-02-24,21.23,14.59,28.45,0.07,64.69,100.92,Mymensingh
2022-02-25,19.96,17.05,25.11,7.35,79.17,100.93,Mymensingh
2022-02-26,21.5,16.0,28.25,1.02,71.74,100.94,Mymensingh
2022-02-27,22.23,15.43,28.5,0.0,59.88,100.81,Mymensingh
2022-02-28,23.12,17.69,29.21,0.01,62.13,100.67,Mymensingh
2022-03-01,22.35,15.39,30.39,0.0,53.81,100.8,Mymensingh
2022-03-02,22.39,16.15,30.39,0.0,49.87,100.75,Mymensingh
2022-03-03,22.7,15.85,31.15,0.0,48.82,100.69,Mymensingh
2022-03-04,23.17,16.76,30.14,0.0,46.24,100.58,Mymensingh
2022-03-05,22.84,15.39,31.07,0.0,52.46,100.47,Mymensingh
2022-03-06,24.53,19.03,32.74,0.0,46.68,100.5,Mymensingh
2022-03-07,25.26,17.75,34.27,0.0,44.21,100.48,Mymensingh
2022-03-08,25.4,17.62,33.62,0.0,44.1,100.32,Mymensingh
2022-03-09,25.72,19.77,34.45,0.0,43.44,100.31,Mymensingh
2022-03-10,25.31,19.21,34.33,0.0,40.73,100.29,Mymensingh
2022-03-11,25.03,18.33,33.47,0.0,41.98,100.26,Mymensingh
2022-03-12,25.36,18.24,34.18,0.0,42.27,100.18,Mymensingh
2022-03-13,26.0,19.25,34.69,0.0,43.86,100.23,Mymensingh
2022-03-14,26.64,19.69,35.18,0.0,44.14,100.17,Mymensingh
2022-03-15,27.83,22.0,36.08,0.0,41.77,99.95,Mymensingh
2022-03-16,27.96,20.41,35.62,0.0,40.94,99.9,Mymensingh
2022-03-17,27.96,19.83,35.69,0.0,41.47,100.08,Mymensingh
2022-03-18,28.54,22.23,36.39,0.0,44.09,100.08,Mymensingh
2022-03-19,28.93,22.42,37.26,0.0,44.18,99.88,Mymensingh
2022-03-20,26.98,19.33,35.88,0.0,51.4,99.82,Mymensingh
2022-03-21,26.62,18.29,35.52,0.1,53.31,99.97,Mymensingh
2022-03-22,28.22,20.34,35.94,0.16,52.58,100.01,Mymensingh
2022-03-23,29.47,22.61,37.3,0.03,48.05,99.94,Mymensingh
2022-03-24,28.25,22.05,36.38,0.17,51.88,99.78,Mymensingh
2022-03-25,27.45,21.18,35.29,6.02,66.28,99.85,Mymensingh
2022-03-26,27.95,22.48,35.88,17.02,69.16,99.98,Mymensingh
2022-03-27,27.39,21.47,34.76,8.09,66.75,100.28,Mymensingh
2022-03-28,26.98,21.52,33.04,0.99,65.44,100.22,Mymensingh
2022-03-29,26.66,21.46,32.73,3.02,68.44,100.1,Mymensingh
2022-03-30,26.89,22.32,32.48,4.33,72.61,100.17,Mymensingh
2022-03-31,27.77,22.94,33.68,11.65,73.18,100.12,Mymensingh
2022-04-01,27.86,23.46,33.21,26.47,76.9,100.1,Mymensingh
2022-04-02,27.36,23.91,32.32,22.31,79.36,100.36,Mymensingh
2022-04-03,27.37,23.07,32.42,10.85,76.0,100.23,Mymensingh
2022-04-04,27.36,23.07,33.58,23.97,74.66,100.18,Mymensingh
2022-04-05,27.06,22.51,32.86,28.31,77.2,100.44,Mymensingh
2022-04-06,26.92,21.8,32.93,3.05,76.21,100.49,Mymensingh
2022-04-07,27.72,22.49,33.8,0.72,70.49,100.42,Mymensingh
2022-04-08,28.26,22.48,34.9,0.65,62.87,100.18,Mymensingh
2022-04-09,27.28,21.8,33.73,5.82,68.94,100.11,Mymensingh
2022-04-10,27.09,21.91,33.15,4.99,70.83,100.05,Mymensingh
2022-04-11,27.54,23.19,32.88,13.96,75.38,99.9,Mymensingh
2022-04-12,27.52,23.42,32.21,7.01,78.4,99.96,Mymensingh
2022-04-13,27.44,23.43,32.22,29.67,81.35,99.78,Mymensingh
2022-04-14,28.17,23.43,34.87,13.95,77.24,99.54,Mymensingh
2022-04-15,28.78,23.76,36.59,7.36,70.44,99.5,Mymensingh
2022-04-16,28.08,23.98,33.1,12.89,80.35,99.63,Mymensingh
2022-04-17,28.07,23.8,33.59,10.21,77.79,99.76,Mymensingh
2022-04-18,27.09,23.53,31.97,10.8,80.67,100.05,Mymensingh
2022-04-19,27.34,23.03,32.13,10.77,78.7,100.15,Mymensingh
2022-04-20,26.52,23.12,30.27,10.31,83.32,100.16,Mymensingh
2022-04-21,26.47,21.69,30.9,5.18,75.05,100.15,Mymensingh
2022-04-22,27.2,22.82,32.01,16.13,78.86,100.07,Mymensingh
2022-04-23,27.49,23.27,33.06,7.22,80.4,99.94,Mymensingh
2022-04-24,28.48,23.66,34.92,7.81,75.23,99.71,Mymensingh
2022-04-25,28.48,22.63,35.5,2.43,74.85,99.74,Mymensingh
2022-04-26,28.56,24.3,34.09,1.82,77.77,99.83,Mymensingh
2022-04-27,28.81,24.56,34.41,4.89,77.38,99.84,Mymensingh
2022-04-28,28.42,24.31,33.61,1.93,77.95,99.99,Mymensingh
2022-04-29,28.98,24.25,33.81,3.99,72.02,99.9,Mymensingh
2022-04-30,28.06,24.39,32.83,15.17,77.14,99.89,Mymensingh
2022-05-01,27.99,23.53,32.56,2.93,73.76,99.82,Mymensingh
2022-05-02,27.76,23.69,33.26,6.76,75.95,99.84,Mymensingh
2022-05-03,27.21,23.17,31.17,5.0,75.8,99.99,Mymensingh
2022-05-04,27.38,23.44,31.72,6.21,75.64,100.15,Mymensingh
2022-05-05,27.17,23.57,30.9,10.69,77.47,100.05,Mymensingh
2022-05-06,27.66,23.73,31.75,9.92,77.91,99.99,Mymensingh
2022-05-07,28.81,24.36,32.98,1.67,71.69,99.93,Mymensingh
2022-05-08,29.67,23.83,34.3,0.21,65.95,99.85,Mymensingh
2022-05-09,28.09,24.12,32.5,4.46,75.17,99.93,Mymensingh
2022-05-10,26.87,23.66,30.24,26.19,84.54,99.97,Mymensingh
2022-05-11,27.88,24.52,31.77,25.09,85.3,99.78,Mymensingh
2022-05-12,28.15,25.15,31.72,42.59,86.39,99.67,Mymensingh
2022-05-13,28.29,25.48,31.85,79.98,88.68,99.4,Mymensingh
2022-05-14,28.66,25.74,32.53,43.39,87.73,99.46,Mymensingh
2022-05-15,28.91,26.24,32.63,23.37,87.66,99.71,Mymensingh
2022-05-16,28.05,25.94,30.89,31.16,89.75,99.72,Mymensingh
2022-05-17,27.63,25.83,30.41,57.7,90.99,99.61,Mymensingh
2022-05-18,26.72,25.03,28.27,65.87,92.51,99.74,Mymensingh
2022-05-19,27.78,24.86,31.29,64.98,89.85,99.75,Mymensingh
2022-05-20,27.37,25.03,30.23,35.09,90.16,99.61,Mymensingh
2022-05-21,27.41,24.75,30.59,25.9,90.41,99.28,Mymensingh
2022-05-22,28.06,25.1,31.69,17.56,85.86,99.22,Mymensingh
2022-05-23,27.52,24.52,30.67,44.44,86.08,99.38,Mymensingh
2022-05-24,28.59,24.15,32.58,4.1,82.11,99.67,Mymensingh
2022-05-25,28.75,25.99,31.73,3.57,80.82,99.74,Mymensingh
2022-05-26,27.94,24.63,30.92,4.33,82.71,99.63,Mymensingh
2022-05-27,27.88,23.73,31.5,3.07,83.81,99.47,Mymensingh
2022-05-28,27.85,24.25,31.21,4.44,81.82,99.44,Mymensingh
2022-05-29,27.41,24.64,30.46,13.18,88.36,99.51,Mymensingh
2022-05-30,27.28,24.3,30.42,2.11,89.57,99.52,Mymensingh
2022-05-31,27.35,24.92,29.79,4.39,88.07,99.46,Mymensingh
2022-06-01,27.49,24.66,30.57,4.81,88.73,99.48,Mymensingh
2022-06-02,26.93,25.47,28.74,18.23,88.86,99.53,Mymensingh
2022-06-03,27.41,25.16,30.0,28.87,90.27,99.49,Mymensingh
2022-06-04,27.42,25.1,30.15,42.9,89.47,99.6,Mymensingh
2022-06-05,27.48,24.67,30.7,36.36,89.01,99.67,Mymensingh
2022-06-06,27.71,24.88,30.96,21.12,89.5,99.61,Mymensingh
2022-06-07,28.23,25.66,31.2,41.73,88.61,99.51,Mymensingh
2022-06-08,27.97,25.86,30.39,39.02,90.78,99.44,Mymensingh
2022-06-09,27.79,25.75,30.54,27.33,92.87,99.43,Mymensingh
2022-06-10,26.21,24.36,27.26,44.32,92.56,99.51,Mymensingh
2022-06-11,27.26,23.64,30.78,6.44,90.41,99.51,Mymensingh
2022-06-12,28.04,25.39,30.97,58.53,91.31,99.61,Mymensingh
2022-06-13,28.5,25.89,31.16,36.37,92.5,99.66,Mymensingh
2022-06-14,28.09,26.28,30.34,34.69,93.8,99.61,Mymensingh
2022-06-15,27.22,26.04,28.83,31.96,94.83,99.63,Mymensingh
2022-06-16,26.95,25.36,29.12,81.52,94.47,99.67,Mymensingh
2022-06-17,26.53,25.22,28.09,71.82,95.45,99.71,Mymensingh
2022-06-18,26.81,25.47,28.77,82.54,93.97,99.67,Mymensingh
2022-06-19,26.77,25.11,29.26,52.07,93.89,99.61,Mymensingh
2022-06-20,27.16,24.82,29.82,29.32,92.38,99.42,Mymensingh
2022-06-21,26.77,24.72,29.11,9.72,93.02,99.41,Mymensingh
2022-06-22,27.41,24.47,30.58,5.02,89.05,99.73,Mymensingh
2022-06-23,27.3,24.27,29.99,40.99,90.84,99.81,Mymensingh
2022-06-24,27.39,25.48,30.23,10.24,93.04,99.71,Mymensingh
2022-06-25,27.7,24.84,31.05,8.72,90.86,99.58,Mymensingh
2022-06-26,27.66,25.3,30.79,13.27,91.43,99.74,Mymensingh
2022-06-27,28.13,25.29,31.1,14.91,89.84,99.78,Mymensingh
2022-06-28,27.2,25.76,29.28,15.88,91.41,99.68,Mymensingh
2022-06-29,26.98,24.96,28.78,25.13,88.16,99.62,Mymensingh
2022-06-30,27.39,24.58,30.12,20.82,90.52,99.55,Mymensingh
2022-07-01,28.18,25.23,31.49,7.31,89.91,99.43,Mymensingh
2022-07-02,28.14,25.47,30.79,6.17,89.52,99.33,Mymensingh
2022-07-03,28.29,25.53,31.34,1.99,89.27,99.4,Mymensingh
2022-07-04,28.35,25.56,31.86,3.07,89.58,99.36,Mymensingh
2022-07-05,28.34,25.48,31.59,2.12,87.45,99.46,Mymensingh
2022-07-06,27.44,25.53,29.67,19.19,91.38,99.78,Mymensingh
2022-07-07,27.91,24.44,31.41,0.54,88.57,99.82,Mymensingh
2022-07-08,27.83,24.96,30.97,2.92,89.9,99.64,Mymensingh
2022-07-09,28.08,24.83,31.76,2.91,87.05,99.53,Mymensingh
2022-07-10,28.18,24.49,32.0,7.84,88.58,99.47,Mymensingh
2022-07-11,27.5,25.35,30.12,6.58,90.23,99.6,Mymensingh
2022-07-12,28.32,25.23,31.86,0.78,86.84,99.47,Mymensingh
2022-07-13,29.44,26.06,32.71,2.19,86.01,99.25,Mymensingh
2022-07-14,29.82,26.66,33.56,1.67,85.81,99.3,Mymensingh
2022-07-15,28.8,26.35,31.69,6.2,89.63,99.53,Mymensingh
2022-07-16,29.08,26.01,32.71,4.26,87.81,99.62,Mymensingh
2022-07-17,28.84,26.23,32.07,26.98,88.07,99.77,Mymensingh
2022-07-18,28.51,25.51,31.75,4.48,88.23,99.68,Mymensingh
2022-07-19,28.38,25.71,31.68,14.98,89.27,99.53,Mymensingh
2022-07-20,28.07,26.08,30.7,14.54,91.82,99.55,Mymensingh
2022-07-21,28.37,26.38,31.35,6.3,89.49,99.66,Mymensingh
2022-07-22,28.62,25.63,31.91,1.49,88.28,99.76,Mymensingh
2022-07-23,27.66,26.03,30.35,36.62,91.59,99.76,Mymensingh
2022-07-24,26.93,25.6,29.02,7.73,91.94,99.9,Mymensingh
2022-07-25,27.0,24.95,29.63,21.66,86.49,100.14,Mymensingh
2022-07-26,27.53,24.07,30.9,15.89,84.92,100.16,Mymensingh
2022-07-27,28.16,25.13,31.38,6.14,85.3,100.03,Mymensingh
2022-07-28,27.89,25.52,30.97,9.94,87.56,100.03,Mymensingh
2022-07-29,27.93,25.16,31.33,7.05,87.71,99.92,Mymensingh
2022-07-30,28.38,25.53,31.18,14.41,88.06,99.72,Mymensingh
2022-07-31,27.08,26.39,28.57,28.38,93.23,99.57,Mymensingh
2022-08-01,28.38,25.96,31.26,32.41,89.67,99.57,Mymensingh
2022-08-02,28.89,25.73,31.95,15.89,86.4,99.56,Mymensingh
2022-08-03,28.31,26.1,30.84,9.56,86.69,99.74,Mymensingh
2022-08-04,28.35,25.23,31.39,17.82,86.23,99.75,Mymensingh
2022-08-05,28.88,26.36,31.65,32.11,86.82,99.54,Mymensingh
2022-08-06,28.16,26.09,30.53,8.49,89.44,99.41,Mymensingh
2022-08-07,29.83,25.72,32.95,14.97,82.3,99.32,Mymensingh
2022-08-08,28.47,26.02,30.89,10.12,89.27,99.3,Mymensingh
2022-08-09,28.24,25.55,31.42,3.71,89.75,99.37,Mymensingh
2022-08-10,27.32,25.27,29.76,2.77,90.63,99.44,Mymensingh
2022-08-11,28.12,25.34,31.54,0.27,88.49,99.57,Mymensingh
2022-08-12,28.24,24.76,31.68,0.45,88.59,99.44,Mymensingh
2022-08-13,27.68,25.22,31.75,7.24,91.1,99.38,Mymensingh
2022-08-14,27.64,24.97,31.21,17.27,88.24,99.78,Mymensingh
2022-08-15,27.97,24.76,31.63,4.8,88.59,100.01,Mymensingh
2022-08-16,28.44,25.06,31.85,3.9,87.3,99.85,Mymensingh
2022-08-17,29.32,25.63,32.53,2.58,84.09,99.6,Mymensingh
2022-08-18,31.11,26.65,34.86,2.56,78.17,99.3,Mymensingh
2022-08-19,28.58,25.84,31.6,9.88,87.41,99.48,Mymensingh
2022-08-20,28.08,25.41,31.56,12.88,88.38,99.68,Mymensingh
2022-08-21,27.46,24.49,30.89,9.19,88.95,99.62,Mymensingh
2022-08-22,28.65,25.36,32.13,2.85,87.06,99.52,Mymensingh
2022-08-23,28.26,25.82,31.34,11.36,89.63,99.74,Mymensingh
2022-08-24,27.58,25.16,31.24,6.99,89.32,99.95,Mymensingh
2022-08-25,28.02,24.43,31.92,0.61,84.91,99.81,Mymensingh
2022-08-26,28.58,25.44,32.6,0.93,85.16,99.6,Mymensingh
2022-08-27,27.16,25.09,29.6,11.0,91.87,99.63,Mymensingh
2022-08-28,27.75,25.03,31.04,12.32,88.59,99.91,Mymensingh
2022-08-29,27.79,24.77,31.34,22.82,88.21,100.12,Mymensingh
2022-08-30,27.83,25.56,30.33,20.02,84.04,100.13,Mymensingh
2022-08-31,28.09,24.15,31.88,4.79,86.3,99.93,Mymensingh
2022-09-01,26.04,24.61,27.19,31.58,91.98,100.06,Mymensingh
2022-09-02,27.13,24.16,30.56,11.37,90.87,100.03,Mymensingh
2022-09-03,28.14,25.71,31.16,38.83,91.46,99.71,Mymensingh
2022-09-04,28.04,26.33,30.4,35.81,92.98,99.72,Mymensingh
2022-09-05,27.45,26.04,29.56,9.15,92.79,99.84,Mymensingh
2022-09-06,27.9,25.85,30.18,9.69,88.95,99.96,Mymensingh
2022-09-07,27.82,25.25,30.51,1.39,86.56,100.09,Mymensingh
2022-09-08,29.89,25.99,33.89,2.01,80.28,100.11,Mymensingh
2022-09-09,29.54,25.97,33.62,8.76,82.9,100.07,Mymensingh
2022-09-10,27.53,25.64,30.34,14.66,90.59,100.07,Mymensingh
2022-09-11,26.34,24.57,28.09,16.65,91.91,100.0,Mymensingh
2022-09-12,26.14,24.03,28.29,13.37,93.19,99.94,Mymensingh
2022-09-13,26.41,25.07,28.31,65.88,95.95,100.02,Mymensingh
2022-09-14,26.83,24.66,29.64,40.85,90.8,100.15,Mymensingh
2022-09-15,27.02,24.44,30.05,33.86,92.06,99.89,Mymensingh
2022-09-16,27.06,24.41,30.14,26.49,91.74,99.59,Mymensingh
2022-09-17,28.02,25.0,31.4,4.26,88.04,99.65,Mymensingh
2022-09-18,28.48,24.84,31.73,6.33,86.61,99.73,Mymensingh
2022-09-19,27.7,25.62,31.36,28.29,89.48,99.88,Mymensingh
2022-09-20,27.38,25.39,30.75,14.85,91.54,99.93,Mymensingh
2022-09-21,26.99,24.52,29.95,5.11,92.1,99.97,Mymensingh
2022-09-22,27.44,24.53,30.84,3.45,90.67,99.96,Mymensingh
2022-09-23,27.13,25.2,29.4,6.17,91.04,99.95,Mymensingh
2022-09-24,26.86,24.87,29.41,16.31,91.11,99.91,Mymensingh
2022-09-25,27.09,24.05,29.92,7.15,87.43,100.0,Mymensingh
2022-09-26,27.99,24.44,31.47,5.47,84.28,100.0,Mymensingh
2022-09-27,27.37,25.54,29.79,1.31,89.71,99.87,Mymensingh
2022-09-28,26.82,24.31,29.96,3.73,83.49,99.85,Mymensingh
2022-09-29,28.53,24.37,33.05,3.14,77.92,99.79,Mymensingh
2022-09-30,29.33,24.68,33.75,0.14,76.84,99.72,Mymensingh
2022-10-01,29.36,25.92,32.58,4.7,80.28,99.66,Mymensingh
2022-10-02,28.26,25.88,33.0,22.54,87.1,99.65,Mymensingh
2022-10-03,26.45,25.2,27.86,26.33,95.44,99.92,Mymensingh
2022-10-04,26.85,24.26,29.36,9.62,91.39,100.26,Mymensingh
2022-10-05,27.2,24.29,30.45,3.91,89.14,100.33,Mymensingh
2022-10-06,27.12,24.24,30.42,1.14,89.09,100.35,Mymensingh
2022-10-07,27.0,24.48,30.16,1.32,88.59,100.31,Mymensingh
2022-10-08,27.07,24.34,30.25,3.12,86.97,100.32,Mymensingh
2022-10-09,26.62,24.04,29.55,7.64,90.84,100.46,Mymensingh
2022-10-10,26.48,24.31,29.26,13.7,91.86,100.47,Mymensingh
2022-10-11,26.28,24.14,29.4,30.03,94.24,100.3,Mymensingh
2022-10-12,25.57,24.37,27.23,15.83,94.33,100.36,Mymensingh
2022-10-13,26.06,24.13,28.98,29.64,91.82,100.35,Mymensingh
2022-10-14,26.5,23.83,29.79,7.1,89.18,100.29,Mymensingh
2022-10-15,25.92,22.3,30.85,0.33,83.59,100.27,Mymensingh
2022-10-16,26.82,22.32,32.27,0.36,77.97,100.41,Mymensingh
2022-10-17,27.25,22.8,31.99,2.65,80.06,100.41,Mymensingh
2022-10-18,27.11,23.37,31.65,0.06,81.34,100.35,Mymensingh
2022-10-19,26.21,23.08,30.49,0.0,81.85,100.37,Mymensingh
2022-10-20,26.31,22.03,31.79,0.0,80.31,100.47,Mymensingh
2022-10-21,26.84,21.66,31.89,0.0,74.5,100.58,Mymensingh
2022-10-22,27.4,21.82,32.62,0.0,69.26,100.61,Mymensingh
2022-10-23,24.75,22.64,28.38,5.6,86.56,100.51,Mymensingh
2022-10-24,22.96,20.91,24.3,110.14,91.76,100.03,Mymensingh
2022-10-25,22.93,20.13,26.24,22.26,87.7,99.93,Mymensingh
2022-10-26,23.64,19.33,27.33,2.13,83.53,100.62,Mymensingh
2022-10-27,23.63,19.04,28.74,0.0,77.22,100.61,Mymensingh
2022-10-28,23.46,18.34,28.54,0.0,76.57,100.52,Mymensingh
2022-10-29,24.09,19.07,28.33,0.0,74.87,100.53,Mymensingh
2022-10-30,24.72,19.92,29.32,0.01,80.89,100.49,Mymensingh
2022-10-31,25.56,21.68,29.96,0.0,80.77,100.55,Mymensingh
2022-11-01,25.18,20.66,29.93,0.0,81.27,100.58,Mymensingh
2022-11-02,24.98,22.04,29.02,0.0,82.77,100.41,Mymensingh
2022-11-03,24.2,20.71,28.61,0.0,81.49,100.43,Mymensingh
2022-11-04,24.28,19.89,28.66,0.05,75.38,100.64,Mymensingh
2022-11-05,24.65,19.42,29.21,0.01,78.78,100.8,Mymensingh
2022-11-06,24.73,20.83,28.51,0.1,75.96,100.77,Mymensingh
2022-11-07,23.69,19.13,27.82,0.02,77.86,100.74,Mymensingh
2022-11-08,23.29,18.75,27.67,0.0,72.45,100.75,Mymensingh
2022-11-09,22.82,18.47,27.57,0.0,72.92,100.77,Mymensingh
2022-11-10,22.48,17.96,27.18,0.0,76.38,100.75,Mymensingh
2022-11-11,22.5,17.54,27.61,0.0,78.81,100.71,Mymensingh
2022-11-12,22.84,18.37,27.94,0.0,78.83,100.63,Mymensingh
2022-11-13,21.35,17.6,26.39,0.0,78.74,100.67,Mymensingh
2022-11-14,21.49,16.62,26.22,0.11,76.99,100.68,Mymensingh
2022-11-15,22.19,17.01,26.66,0.0,78.47,100.6,Mymensingh
2022-11-16,22.04,17.41,26.56,0.0,80.07,100.5,Mymensingh
2022-11-17,22.14,17.54,27.03,0.0,74.12,100.5,Mymensingh
2022-11-18,21.54,16.17,26.63,0.0,71.44,100.65,Mymensingh
2022-11-19,21.09,14.42,26.92,0.0,67.87,100.63,Mymensingh
2022-11-20,21.85,15.15,27.35,0.0,70.03,100.48,Mymensingh
2022-11-21,21.31,17.19,27.28,2.6,71.72,100.39,Mymensingh
2022-11-22,20.73,16.02,26.66,0.0,72.45,100.46,Mymensingh
2022-11-23,20.63,16.09,26.5,0.0,78.06,100.49,Mymensingh
2022-11-24,21.17,16.06,27.05,0.0,79.29,100.52,Mymensingh
2022-11-25,21.09,15.38,26.5,0.0,76.22,100.62,Mymensingh
2022-11-26,21.37,15.53,25.96,0.0,71.34,100.47,Mymensingh
2022-11-27,20.54,15.29,25.36,0.0,75.11,100.32,Mymensingh
2022-11-28,20.54,14.77,25.9,0.0,75.17,100.42,Mymensingh
2022-11-29,21.42,16.32,26.71,0.0,69.66,100.53,Mymensingh
2022-11-30,21.79,17.12,27.22,0.0,75.6,100.59,Mymensingh
2022-12-01,21.61,17.06,27.49,0.0,75.89,100.54,Mymensingh
2022-12-02,20.8,15.7,26.47,0.0,79.37,100.54,Mymensingh
2022-12-03,20.67,15.29,25.75,0.0,79.66,100.57,Mymensingh
2022-12-04,20.81,16.11,25.7,0.0,77.26,100.63,Mymensingh
2022-12-05,21.02,15.94,26.6,0.0,75.52,100.69,Mymensingh
2022-12-06,20.28,15.28,25.67,0.0,77.03,100.57,Mymensingh
2022-12-07,19.48,14.5,25.34,0.0,83.24,100.57,Mymensingh
2022-12-08,19.88,15.13,25.3,0.0,83.02,100.61,Mymensingh
2022-12-09,18.65,13.51,23.93,0.0,78.15,100.6,Mymensingh
2022-12-10,19.55,13.57,25.76,0.0,75.85,100.58,Mymensingh
2022-12-11,19.44,15.26,25.78,0.0,79.7,100.62,Mymensingh
2022-12-12,18.66,14.54,24.48,0.0,80.19,100.61,Mymensingh
2022-12-13,18.92,14.78,24.26,0.0,77.9,100.62,Mymensingh
2022-12-14,18.7,14.29,23.5,0.0,82.28,100.66,Mymensingh
2022-12-15,18.59,14.91,23.58,0.0,79.96,100.55,Mymensingh
2022-12-16,17.72,13.79,23.38,0.0,79.22,100.55,Mymensingh
2022-12-17,19.06,14.79,24.39,0.0,81.04,100.65,Mymensingh
2022-12-18,18.4,12.5,24.13,0.0,79.92,100.67,Mymensingh
2022-12-19,19.3,14.23,24.43,0.0,78.01,100.51,Mymensingh
2022-12-20,19.22,14.53,24.23,0.0,79.6,100.5,Mymensingh
2022-12-21,18.65,14.5,24.4,0.0,81.01,100.55,Mymensingh
2022-12-22,18.5,14.15,24.61,0.0,77.83,100.51,Mymensingh
2022-12-23,17.97,13.17,24.61,0.0,65.73,100.58,Mymensingh
2022-12-24,17.96,13.2,23.94,0.0,65.09,100.61,Mymensingh
2022-12-25,17.81,15.17,21.71,0.29,75.71,100.72,Mymensingh
2022-12-26,19.5,15.85,23.69,1.78,76.24,100.85,Mymensingh
2022-12-27,18.69,15.91,23.07,3.05,82.11,100.76,Mymensingh
2022-12-28,16.44,11.86,21.5,0.08,72.25,100.93,Mymensingh
2022-12-29,15.7,9.82,22.11,0.0,69.63,101.09,Mymensingh
2022-12-30,16.12,10.76,21.91,0.0,74.58,101.15,Mymensingh
2022-12-31,16.42,11.57,21.74,0.0,75.24,101.12,Mymensingh
2023-01-01,16.68,12.04,22.66,0.0,72.89,101.21,Mymensingh
2023-01-02,17.07,12.37,22.67,0.0,72.41,101.2,Mymensingh
2023-01-03,16.68,11.16,23.34,0.0,76.38,101.17,Mymensingh
2023-01-04,16.41,11.46,23.41,0.0,75.83,101.13,Mymensingh
2023-01-05,16.5,10.65,23.68,0.0,73.66,101.2,Mymensingh
2023-01-06,17.37,11.21,25.3,0.0,71.42,101.16,Mymensingh
2023-01-07,17.95,12.32,25.41,0.0,71.67,101.03,Mymensingh
2023-01-08,18.16,12.31,24.99,0.0,74.5,100.96,Mymensingh
2023-01-09,18.56,12.11,25.8,0.0,69.55,101.03,Mymensingh
2023-01-10,18.61,13.4,26.18,0.0,68.98,100.86,Mymensingh
2023-01-11,17.73,13.29,24.41,0.0,66.84,100.73,Mymensingh
2023-01-12,16.82,12.02,23.37,0.0,69.22,100.54,Mymensingh
2023-01-13,16.6,9.93,23.05,0.0,67.21,100.65,Mymensingh
2023-01-14,17.34,10.95,23.45,0.0,72.28,100.58,Mymensingh
2023-01-15,17.53,13.73,23.13,0.0,70.96,100.59,Mymensingh
2023-01-16,16.35,12.63,22.28,0.0,66.89,100.76,Mymensingh
2023-01-17,14.68,9.59,21.44,0.0,61.46,100.88,Mymensingh
2023-01-18,14.48,9.0,21.09,0.0,55.34,101.06,Mymensingh
2023-01-19,14.52,8.64,21.45,0.0,57.7,101.06,Mymensingh
2023-01-20,15.92,10.49,22.62,0.0,57.44,100.96,Mymensingh
2023-01-21,16.82,10.56,23.03,1.12,63.54,100.81,Mymensingh
2023-01-22,17.61,11.41,23.83,0.0,61.82,100.78,Mymensingh
2023-01-23,17.71,12.02,23.63,0.0,68.84,100.74,Mymensingh
2023-01-24,19.07,13.25,25.63,0.0,66.89,100.77,Mymensingh
2023-01-25,20.26,14.31,26.42,0.0,62.43,100.71,Mymensingh
2023-01-26,20.48,14.88,26.67,0.0,68.33,100.62,Mymensingh
2023-01-27,20.86,15.81,26.54,0.0,69.83,100.64,Mymensingh
2023-01-28,20.2,15.42,26.59,0.0,72.79,100.63,Mymensingh
2023-01-29,20.37,13.82,27.27,0.0,66.36,100.69,Mymensingh
2023-01-30,21.77,14.76,29.05,0.0,63.9,100.76,Mymensingh
2023-01-31,21.24,15.44,27.46,0.0,66.34,100.53,Mymensingh
2023-02-01,20.48,15.14,27.17,0.0,60.74,100.51,Mymensingh
2023-02-02,18.41,10.93,27.19,0.0,55.39,100.66,Mymensingh
2023-02-03,19.29,13.48,27.34,0.0,54.88,100.56,Mymensingh
2023-02-04,19.22,13.71,26.82,0.0,62.53,100.44,Mymensingh
2023-02-05,19.21,14.35,26.35,0.0,55.08,100.45,Mymensingh
2023-02-06,19.75,14.18,26.3,0.0,49.59,100.47,Mymensingh
2023-02-07,20.19,15.31,26.78,0.0,49.36,100.38,Mymensingh
2023-02-08,20.49,12.95,27.74,0.0,65.18,100.48,Mymensingh
2023-02-09,20.72,15.36,27.04,0.0,66.95,100.57,Mymensingh
2023-02-10,20.0,13.54,26.59,0.0,56.43,100.58,Mymensingh
2023-02-11,20.83,12.91,27.8,0.0,49.24,100.5,Mymensingh
2023-02-12,19.97,12.84,28.32,0.0,60.72,100.45,Mymensingh
2023-02-13,18.18,9.86,26.58,0.0,43.67,100.6,Mymensingh
2023-02-14,19.48,12.19,28.65,0.0,42.27,100.64,Mymensingh
2023-02-15,20.1,14.23,27.64,0.0,48.2,100.5,Mymensingh
2023-02-16,21.49,14.48,28.94,0.0,50.57,100.65,Mymensingh
2023-02-17,21.85,15.33,28.96,0.0,50.24,100.81,Mymensingh
2023-02-18,22.71,17.36,29.02,0.0,45.25,100.79,Mymensingh
2023-02-19,22.73,17.02,29.23,0.0,48.51,100.68,Mymensingh
2023-02-20,23.85,17.5,29.56,0.02,51.49,100.56,Mymensingh
2023-02-21,23.34,17.52,29.74,0.51,63.61,100.54,Mymensingh
2023-02-22,23.61,17.38,31.58,4.28,72.12,100.38,Mymensingh
2023-02-23,23.34,15.85,31.25,1.81,59.32,100.43,Mymensingh
2023-02-24,22.87,16.35,30.5,4.41,66.88,100.65,Mymensingh
2023-02-25,23.25,17.04,31.38,0.06,49.59,100.92,Mymensingh
2023-02-26,23.43,16.33,32.4,0.22,45.54,100.99,Mymensingh
2023-02-27,23.56,17.95,31.21,0.0,40.28,100.92,Mymensingh
2023-02-28,22.95,15.8,30.97,0.0,42.68,100.96,Mymensingh
2023-03-01,23.65,17.39,31.72,0.0,48.46,100.99,Mymensingh
2023-03-02,24.88,18.37,32.12,0.0,49.04,100.95,Mymensingh
2023-03-03,25.28,20.34,32.63,0.0,44.0,100.92,Mymensingh
2023-03-04,26.28,19.48,33.95,0.0,45.78,100.87,Mymensingh
2023-03-05,26.19,20.48,33.4,0.0,47.97,100.73,Mymensingh
2023-03-06,26.2,19.17,34.17,0.04,41.07,100.6,Mymensingh
2023-03-07,25.05,17.3,34.02,0.0,37.94,100.67,Mymensingh
2023-03-08,25.77,19.51,34.2,0.0,37.04,100.78,Mymensingh
2023-03-09,26.22,20.88,33.82,0.0,41.06,100.66,Mymensingh
2023-03-10,24.64,18.88,30.51,0.0,41.49,100.66,Mymensingh
2023-03-11,26.31,18.65,35.03,0.0,41.52,100.65,Mymensingh
2023-03-12,27.24,20.76,35.69,0.01,41.45,100.61,Mymensingh
2023-03-13,27.26,20.1,36.08,0.0,40.09,100.43,Mymensingh
2023-03-14,27.28,20.47,33.64,0.65,40.8,100.25,Mymensingh
2023-03-15,26.32,20.68,33.39,3.05,57.68,100.23,Mymensingh
2023-03-16,24.91,19.02,31.78,10.13,69.59,100.52,Mymensingh
2023-03-17,24.03,20.53,28.42,6.77,72.56,100.62,Mymensingh
2023-03-18,25.35,19.57,30.7,12.15,62.31,100.43,Mymensingh
2023-03-19,21.92,19.66,24.62,32.94,82.8,100.36,Mymensingh
2023-03-20,21.87,18.91,26.21,29.22,83.59,100.23,Mymensingh
2023-03-21,23.24,18.32,27.5,15.32,73.18,100.22,Mymensingh
2023-03-22,23.4,18.99,28.12,5.26,70.13,100.13,Mymensingh
2023-03-23,23.98,18.49,29.59,0.12,60.34,100.12,Mymensingh
2023-03-24,23.26,16.8,29.73,3.05,72.38,100.35,Mymensingh
2023-03-25,24.56,18.67,30.57,8.05,69.01,100.38,Mymensingh
2023-03-26,25.67,18.91,32.77,1.08,68.91,100.11,Mymensingh
2023-03-27,26.33,20.88,32.51,1.54,67.61,100.1,Mymensingh
2023-03-28,26.38,20.02,32.72,5.94,64.4,100.19,Mymensingh
2023-03-29,25.03,19.78,30.34,14.81,74.01,100.37,Mymensingh
2023-03-30,24.62,19.87,29.15,11.42,74.62,100.25,Mymensingh
2023-03-31,24.08,20.21,28.61,17.66,81.14,100.26,Mymensingh
2023-04-01,23.29,20.44,27.78,20.59,85.06,100.17,Mymensingh
2023-04-02,23.54,18.55,27.9,12.68,76.22,100.01,Mymensingh
2023-04-03,24.61,18.71,30.46,2.37,71.14,100.0,Mymensingh
2023-04-04,25.64,20.1,32.16,3.16,73.0,100.06,Mymensingh
2023-04-05,26.19,20.7,32.38,9.86,77.49,100.0,Mymensingh
2023-04-06,26.33,20.92,32.25,1.26,72.3,100.31,Mymensingh
2023-04-07,26.48,18.82,33.72,0.44,62.42,100.47,Mymensingh
2023-04-08,27.29,19.54,34.33,0.0,58.18,100.57,Mymensingh
2023-04-09,27.92,20.16,34.75,0.0,52.15,100.47,Mymensingh
2023-04-10,27.86,20.25,35.14,0.01,51.62,100.29,Mymensingh
2023-04-11,28.87,22.49,35.87,0.0,49.08,100.28,Mymensingh
2023-04-12,28.71,19.58,35.91,0.0,48.59,100.19,Mymensingh
2023-04-13,29.14,21.58,36.59,0.0,46.51,100.1,Mymensingh
2023-04-14,29.89,21.56,37.84,0.0,50.42,100.09,Mymensingh
2023-04-15,30.29,23.99,37.58,0.0,51.2,100.07,Mymensingh
2023-04-16,31.01,23.53,38.13,0.0,46.49,99.86,Mymensingh
2023-04-17,30.04,22.06,38.73,0.0,63.3,99.92,Mymensingh
2023-04-18,30.73,24.41,38.56,0.01,66.39,100.06,Mymensingh
2023-04-19,30.58,24.34,38.48,1.37,66.33,99.69,Mymensingh
2023-04-20,30.17,24.57,37.75,6.25,67.98,99.46,Mymensingh
2023-04-21,29.51,24.07,36.13,11.42,68.92,99.56,Mymensingh
2023-04-22,28.31,23.52,34.6,7.63,68.25,99.75,Mymensingh
2023-04-23,26.27,22.24,30.79,11.3,67.56,100.13,Mymensingh
2023-04-24,27.33,20.98,33.7,0.01,60.37,100.37,Mymensingh
2023-04-25,28.35,22.46,33.94,0.68,55.55,100.31,Mymensingh
2023-04-26,29.35,21.87,34.94,0.36,51.91,100.12,Mymensingh
2023-04-27,29.66,22.94,35.69,1.74,53.85,100.12,Mymensingh
2023-04-28,28.48,22.22,33.55,2.27,56.32,100.18,Mymensingh
2023-04-29,29.16,22.85,34.73,3.11,58.6,100.1,Mymensingh
2023-04-30,27.84,23.18,32.93,6.92,63.95,100.06,Mymensingh
2023-05-01,27.01,23.62,31.13,5.42,69.91,100.13,Mymensingh
2023-05-02,28.04,22.68,33.8,1.1,62.64,100.22,Mymensingh
2023-05-03,29.09,23.72,34.83,0.61,58.13,100.23,Mymensingh
2023-05-04,27.16,23.83,31.32,33.22,76.89,100.16,Mymensingh
2023-05-05,27.66,23.51,31.58,21.07,74.09,99.86,Mymensingh
2023-05-06,28.53,23.5,33.87,3.81,69.73,99.75,Mymensingh
2023-05-07,28.67,22.85,35.07,2.64,65.83,99.77,Mymensingh
2023-05-08,29.12,22.41,37.01,0.0,57.14,99.74,Mymensingh
2023-05-09,29.91,23.27,37.35,0.0,51.11,99.71,Mymensingh
2023-05-10,30.68,23.04,38.18,0.31,54.95,99.79,Mymensingh
2023-05-11,30.04,24.9,35.14,10.83,65.72,100.01,Mymensingh
2023-05-12,29.28,24.72,33.86,17.48,65.74,100.05,Mymensingh
2023-05-13,29.85,23.28,37.02,0.0,59.18,99.91,Mymensingh
2023-05-14,29.24,24.17,35.5,0.01,60.29,99.55,Mymensingh
2023-05-15,28.34,21.71,34.84,0.98,60.67,99.62,Mymensingh
2023-05-16,28.42,23.92,33.74,24.09,73.8,99.89,Mymensingh
2023-05-17,27.99,24.55,32.34,22.46,81.09,100.15,Mymensingh
2023-05-18,27.53,24.54,31.52,34.02,84.12,100.21,Mymensingh
2023-05-19,27.5,24.07,31.53,14.84,85.91,99.99,Mymensingh
2023-05-20,28.28,24.74,32.88,15.23,82.81,99.9,Mymensingh
2023-05-21,27.38,24.05,31.22,23.5,84.54,100.09,Mymensingh
2023-05-22,27.22,24.53,30.6,18.8,86.73,100.14,Mymensingh
2023-05-23,27.13,24.47,29.96,14.45,87.84,100.13,Mymensingh
2023-05-24,26.72,23.85,30.16,24.68,86.08,100.03,Mymensingh
2023-05-25,27.11,22.91,30.95,2.04,83.35,99.95,Mymensingh
2023-05-26,27.71,24.38,31.04,27.66,83.84,100.0,Mymensingh
2023-05-27,27.71,24.18,31.08,15.83,82.51,99.94,Mymensingh
2023-05-28,28.1,23.75,31.99,3.1,77.46,100.03,Mymensingh
2023-05-29,29.27,24.53,33.28,0.02,71.84,100.11,Mymensingh
2023-05-30,30.7,25.67,34.22,0.0,66.59,100.01,Mymensingh
2023-05-31,31.05,26.11,34.83,0.0,69.15,99.79,Mymensingh
2023-06-01,30.34,26.92,33.78,1.62,76.91,99.63,Mymensingh
2023-06-02,29.91,26.07,34.88,2.96,77.18,99.65,Mymensingh
2023-06-03,29.74,25.75,33.81,1.99,81.33,99.79,Mymensingh
2023-06-04,29.81,25.6,33.77,0.74,78.74,99.78,Mymensingh
2023-06-05,29.49,24.72,33.22,0.34,76.88,99.67,Mymensingh
2023-06-06,30.62,25.85,34.14,0.04,72.31,99.56,Mymensingh
2023-06-07,31.12,26.56,35.23,0.02,73.15,99.5,Mymensingh
2023-06-08,30.81,26.64,33.88,4.2,70.41,99.48,Mymensingh
2023-06-09,28.77,26.55,31.73,28.33,80.35,99.37,Mymensingh
2023-06-10,29.32,25.52,33.29,15.3,80.09,99.29,Mymensingh
2023-06-11,29.28,26.07,32.88,21.03,82.53,99.23,Mymensingh
2023-06-12,28.25,25.76,31.36,11.79,89.36,99.32,Mymensingh
2023-06-13,29.23,25.48,33.38,8.66,85.9,99.25,Mymensingh
2023-06-14,28.58,26.83,30.99,48.31,92.01,99.24,Mymensingh
2023-06-15,28.58,26.67,31.87,78.57,92.14,99.21,Mymensingh
2023-06-16,28.95,26.62,32.74,100.07,90.65,99.34,Mymensingh
2023-06-17,28.72,26.21,32.14,47.19,92.1,99.5,Mymensingh
2023-06-18,28.35,26.23,31.15,69.03,92.3,99.63,Mymensingh
2023-06-19,28.19,26.11,31.0,38.13,91.42,99.61,Mymensingh
2023-06-20,27.78,25.74,30.54,25.66,91.76,99.58,Mymensingh
2023-06-21,27.52,26.15,29.01,46.65,94.83,99.67,Mymensingh
2023-06-22,27.17,25.83,28.83,20.71,93.28,99.75,Mymensingh
2023-06-23,28.29,25.47,31.63,5.9,89.57,99.66,Mymensingh
2023-06-24,28.16,25.6,31.47,2.77,88.64,99.6,Mymensingh
2023-06-25,27.9,24.83,31.31,0.5,88.13,99.67,Mymensingh
2023-06-26,27.67,24.91,30.94,3.89,90.36,99.69,Mymensingh
2023-06-27,27.47,25.2,30.89,22.82,91.65,99.7,Mymensingh
2023-06-28,27.76,25.29,31.18,42.76,91.26,99.88,Mymensingh
2023-06-29,27.61,25.5,30.05,39.8,92.5,99.84,Mymensingh
2023-06-30,27.96,25.39,30.42,44.71,92.38,99.7,Mymensingh
2023-07-01,28.56,25.94,31.26,107.56,90.23,99.71,Mymensingh
2023-07-02,28.43,26.16,31.03,34.77,92.75,99.62,Mymensingh
2023-07-03,28.14,26.74,29.92,62.45,92.61,99.66,Mymensingh
2023-07-04,28.9,25.87,32.28,16.56,90.64,99.59,Mymensingh
2023-07-05,28.43,25.95,30.68,9.85,89.4,99.54,Mymensingh
2023-07-06,27.71,26.08,29.29,30.02,94.31,99.67,Mymensingh
2023-07-07,28.11,25.87,30.83,11.1,92.65,99.85,Mymensingh
2023-07-08,28.28,26.06,31.37,10.97,90.85,99.89,Mymensingh
2023-07-09,28.57,25.24,31.83,6.33,88.84,99.77,Mymensingh
2023-07-10,28.93,25.98,32.33,10.04,90.34,99.71,Mymensingh
2023-07-11,28.52,26.55,31.36,37.66,91.72,99.69,Mymensingh
2023-07-12,27.88,25.53,30.75,26.21,90.03,99.77,Mymensingh
2023-07-13,28.17,26.02,31.07,35.35,90.73,99.77,Mymensingh
2023-07-14,28.36,25.62,31.56,18.16,88.84,99.73,Mymensingh
2023-07-15,28.2,25.84,31.29,9.05,90.6,99.64,Mymensingh
2023-07-16,27.82,25.22,30.48,2.57,91.14,99.58,Mymensingh
2023-07-17,27.2,25.73,29.17,3.05,92.53,99.56,Mymensingh
2023-07-18,29.0,25.65,32.34,0.93,85.95,99.51,Mymensingh
2023-07-19,29.55,26.19,32.93,2.7,86.39,99.43,Mymensingh
2023-07-20,29.13,26.04,32.39,1.34,88.11,99.44,Mymensingh
2023-07-21,28.66,26.86,30.0,12.24,88.53,99.72,Mymensingh
2023-07-22,27.94,26.24,29.51,7.61,89.04,100.02,Mymensingh
2023-07-23,29.41,26.09,32.86,2.22,83.57,99.92,Mymensingh
2023-07-24,29.04,26.39,31.42,1.67,86.58,99.74,Mymensingh
2023-07-25,28.77,26.89,31.21,3.97,85.28,99.77,Mymensingh
2023-07-26,28.69,25.54,31.98,10.75,88.18,99.82,Mymensingh
2023-07-27,28.94,25.77,32.28,16.21,88.76,99.7,Mymensingh
2023-07-28,28.89,26.09,32.19,19.76,88.75,99.44,Mymensingh
2023-07-29,29.0,25.96,32.2,8.12,88.77,99.37,Mymensingh
2023-07-30,30.24,27.13,33.19,2.74,81.44,99.18,Mymensingh
2023-07-31,30.82,27.44,33.58,3.18,79.3,99.04,Mymensingh
2023-08-01,30.49,27.34,33.92,5.5,84.99,98.94,Mymensingh
2023-08-02,28.87,26.31,32.35,9.79,90.43,99.18,Mymensingh
2023-08-03,28.65,25.63,32.28,15.57,89.98,99.36,Mymensingh
2023-08-04,28.54,26.15,31.93,22.11,90.52,99.61,Mymensingh
2023-08-05,28.24,25.39,31.25,9.63,89.62,99.67,Mymensingh
2023-08-06,28.21,26.05,31.16,59.84,91.26,99.33,Mymensingh
2023-08-07,28.48,26.43,31.63,57.62,92.65,99.0,Mymensingh
2023-08-08,27.88,26.52,30.0,42.71,93.07,99.16,Mymensingh
2023-08-09,28.04,25.96,31.44,20.14,91.62,99.62,Mymensingh
2023-08-10,28.47,26.04,31.56,6.07,90.11,99.75,Mymensingh
2023-08-11,28.43,25.95,31.7,14.49,90.4,99.71,Mymensingh
2023-08-12,28.03,26.28,30.6,40.16,93.04,99.51,Mymensingh
2023-08-13,27.02,25.37,28.9,58.58,91.53,99.59,Mymensingh
2023-08-14,27.69,24.67,31.33,7.78,85.13,99.72,Mymensingh
2023-08-15,28.42,25.48,31.85,12.98,88.77,99.69,Mymensingh
2023-08-16,28.73,26.3,31.47,19.44,90.41,99.68,Mymensingh
2023-08-17,29.55,26.17,33.22,7.29,85.48,99.63,Mymensingh
2023-08-18,28.91,26.34,32.14,7.01,88.35,99.7,Mymensingh
2023-08-19,28.17,25.58,31.21,2.33,90.98,99.85,Mymensingh
2023-08-20,28.54,25.39,31.97,1.4,88.82,99.86,Mymensingh
2023-08-21,28.02,25.92,30.81,14.69,90.16,99.75,Mymensingh
2023-08-22,27.4,26.15,29.35,13.99,93.96,99.73,Mymensingh
2023-08-23,27.57,25.72,30.31,17.89,91.78,99.68,Mymensingh
2023-08-24,27.68,25.63,30.48,40.4,91.56,99.46,Mymensingh
2023-08-25,28.08,25.86,31.09,23.78,91.03,99.41,Mymensingh
2023-08-26,27.98,25.22,31.02,44.92,90.95,99.43,Mymensingh
2023-08-27,28.21,25.93,31.12,47.34,91.5,99.38,Mymensingh
2023-08-28,28.84,26.01,32.02,8.69,88.11,99.48,Mymensingh
2023-08-29,29.28,25.7,32.58,0.69,79.25,99.65,Mymensingh
2023-08-30,29.17,24.87,33.34,0.17,79.94,99.76,Mymensingh
2023-08-31,29.52,25.57,33.76,0.83,80.38,99.82,Mymensingh
2023-09-01,29.59,26.07,33.08,2.84,81.9,99.83,Mymensingh
2023-09-02,29.9,26.56,33.19,4.46,82.73,99.72,Mymensingh
2023-09-03,30.06,27.16,34.14,10.69,83.8,99.55,Mymensingh
2023-09-04,28.46,26.35,31.32,11.97,88.39,99.59,Mymensingh
2023-09-05,30.57,25.87,34.46,3.71,77.96,99.58,Mymensingh
2023-09-06,29.63,27.15,32.06,1.63,84.4,99.72,Mymensingh
2023-09-07,27.98,26.01,30.03,22.15,90.44,99.85,Mymensingh
2023-09-08,27.29,25.59,29.69,14.16,93.94,99.96,Mymensingh
2023-09-09,28.23,25.32,31.26,3.84,87.59,99.88,Mymensingh
2023-09-10,29.15,26.2,32.47,10.62,83.66,99.63,Mymensingh
2023-09-11,28.97,26.01,32.5,8.85,86.42,99.54,Mymensingh
2023-09-12,28.57,26.03,31.15,10.26,87.98,99.61,Mymensingh
2023-09-13,27.84,26.09,29.96,9.92,91.02,99.68,Mymensingh
2023-09-14,27.89,25.9,30.94,3.71,90.13,99.84,Mymensingh
2023-09-15,27.73,25.51,31.11,4.37,89.56,99.99,Mymensingh
2023-09-16,28.68,25.42,32.13,0.04,85.39,99.9,Mymensingh
2023-09-17,29.69,26.0,33.4,0.97,83.26,99.69,Mymensingh
2023-09-18,27.82,26.13,30.13,6.3,92.0,99.72,Mymensingh
2023-09-19,26.81,25.26,29.24,17.9,92.1,100.0,Mymensingh
2023-09-20,26.74,24.93,29.21,21.59,92.77,100.06,Mymensingh
2023-09-21,26.82,25.47,29.12,35.97,94.1,100.14,Mymensingh
2023-09-22,26.76,25.32,28.91,28.25,93.56,100.15,Mymensingh
2023-09-23,27.21,24.77,30.11,17.47,92.36,100.12,Mymensingh
2023-09-24,27.19,25.44,29.68,19.23,91.74,100.0,Mymensingh
2023-09-25,27.6,25.54,29.99,13.12,90.35,99.98,Mymensingh
2023-09-26,28.16,25.42,30.89,10.39,86.83,99.99,Mymensingh
2023-09-27,28.48,25.13,32.16,5.99,84.75,99.92,Mymensingh
2023-09-28,29.23,25.85,32.51,0.07,82.84,99.8,Mymensingh
2023-09-29,27.78,25.84,30.41,8.82,91.23,99.79,Mymensingh
2023-09-30,27.76,25.84,29.77,4.36,89.47,99.86,Mymensingh
2023-10-01,27.76,25.95,29.55,8.34,90.08,99.8,Mymensingh
2023-10-02,27.54,25.83,29.79,14.07,90.26,99.92,Mymensingh
2023-10-03,26.98,24.73,30.16,12.34,91.52,100.02,Mymensingh
2023-10-04,25.57,23.75,27.75,16.92,92.93,100.15,Mymensingh
2023-10-05,24.87,23.59,26.45,95.35,95.17,99.98,Mymensingh
2023-10-06,26.36,24.93,27.43,171.78,95.5,99.81,Mymensingh
2023-10-07,27.45,25.21,30.58,22.25,93.18,99.91,Mymensingh
2023-10-08,27.69,25.13,30.68,13.69,88.21,100.09,Mymensingh
2023-10-09,27.55,24.52,31.06,9.98,89.55,100.21,Mymensingh
2023-10-10,28.15,25.03,31.19,3.79,81.92,100.29,Mymensingh
2023-10-11,27.37,24.37,30.56,1.8,85.26,100.26,Mymensingh
2023-10-12,27.63,23.92,30.87,2.07,78.71,100.43,Mymensingh
2023-10-13,26.95,23.19,30.61,1.43,76.24,100.57,Mymensingh
2023-10-14,26.18,22.02,30.11,0.2,77.38,100.49,Mymensingh
2023-10-15,25.95,21.62,30.31,0.01,78.14,100.36,Mymensingh
2023-10-16,25.89,21.23,30.33,0.0,76.15,100.47,Mymensingh
2023-10-17,26.11,21.62,30.53,0.05,74.48,100.49,Mymensingh
2023-10-18,25.51,21.16,30.13,0.19,80.22,100.57,Mymensingh
2023-10-19,24.81,21.01,29.23,0.04,83.83,100.62,Mymensingh
2023-10-20,24.77,20.31,29.54,0.0,82.28,100.68,Mymensingh
2023-10-21,24.78,20.07,29.39,0.0,76.18,100.71,Mymensingh
2023-10-22,24.4,19.29,28.86,0.02,75.31,100.69,Mymensingh
2023-10-23,24.97,21.23,28.89,2.23,82.96,100.62,Mymensingh
2023-10-24,24.4,22.77,27.11,3.05,92.06,100.51,Mymensingh
2023-10-25,25.78,22.18,29.54,1.55,82.01,100.45,Mymensingh
2023-10-26,25.7,22.67,29.32,4.02,80.79,100.54,Mymensingh
2023-10-27,24.42,20.21,28.72,0.51,79.35,100.57,Mymensingh
2023-10-28,23.71,18.88,29.09,0.0,76.02,100.62,Mymensingh
2023-10-29,23.42,18.86,28.24,0.0,76.32,100.62,Mymensingh
2023-10-30,24.52,20.14,28.85,0.0,76.13,100.67,Mymensingh
2023-10-31,24.34,19.45,28.82,0.0,80.43,100.79,Mymensingh
2023-11-01,24.7,19.75,29.77,0.0,74.27,100.75,Mymensingh
2023-11-02,24.67,20.61,29.27,0.0,75.31,100.64,Mymensingh
2023-11-03,24.45,20.5,28.3,0.0,77.53,100.48,Mymensingh
2023-11-04,24.41,20.21,28.85,0.0,76.68,100.46,Mymensingh
2023-11-05,23.66,19.46,28.66,0.11,77.24,100.69,Mymensingh
2023-11-06,23.07,18.2,28.28,0.0,75.04,100.76,Mymensingh
2023-11-07,22.78,18.49,27.67,0.0,73.27,100.68,Mymensingh
2023-11-08,22.18,17.61,27.37,0.03,79.55,100.6,Mymensingh
2023-11-09,22.44,18.74,27.89,0.0,78.87,100.66,Mymensingh
2023-11-10,22.71,18.02,28.43,0.0,75.82,100.76,Mymensingh
2023-11-11,22.96,18.07,28.16,0.0,75.01,100.8,Mymensingh
2023-11-12,22.84,18.11,28.28,0.0,76.65,100.85,Mymensingh
2023-11-13,23.0,17.87,27.77,0.0,71.39,100.88,Mymensingh
2023-11-14,22.8,17.29,27.45,0.0,74.45,100.82,Mymensingh
2023-11-15,22.44,16.86,27.65,0.0,70.65,100.83,Mymensingh
2023-11-16,23.0,18.9,27.67,3.47,81.06,100.96,Mymensingh
2023-11-17,22.55,20.96,25.86,23.57,92.18,100.84,Mymensingh
2023-11-18,23.02,19.26,27.41,3.36,82.52,100.74,Mymensingh
2023-11-19,22.95,18.74,27.47,2.34,83.77,100.87,Mymensingh
2023-11-20,23.24,19.49,27.58,0.0,82.34,100.84,Mymensingh
2023-11-21,23.1,19.64,27.77,0.0,82.43,100.65,Mymensingh
2023-11-22,21.3,17.71,26.35,0.0,81.23,100.66,Mymensingh
2023-11-23,21.61,16.8,26.72,0.0,76.39,100.63,Mymensingh
2023-11-24,21.78,16.64,26.34,0.0,77.34,100.73,Mymensingh
2023-11-25,21.73,17.09,27.01,0.0,76.08,100.88,Mymensingh
2023-11-26,21.29,14.84,27.08,0.0,73.82,100.99,Mymensingh
2023-11-27,21.89,16.9,27.04,0.0,75.02,100.88,Mymensingh
2023-11-28,22.45,17.93,27.52,0.0,73.5,100.68,Mymensingh
2023-11-29,22.11,17.03,27.38,0.0,74.28,100.76,Mymensingh
2023-11-30,21.96,16.92,27.48,0.0,74.53,100.83,Mymensingh
2023-12-01,21.8,16.01,27.25,0.0,73.66,100.75,Mymensingh
2023-12-02,22.27,18.13,27.15,0.0,72.85,100.74,Mymensingh
2023-12-03,22.62,17.23,28.36,0.0,72.45,100.78,Mymensingh
2023-12-04,21.78,16.61,27.31,0.0,75.83,100.68,Mymensingh
2023-12-05,22.54,18.72,26.66,0.0,75.89,100.65,Mymensingh
2023-12-06,22.3,17.98,26.72,0.17,79.16,100.81,Mymensingh
2023-12-07,20.73,19.48,22.74,20.88,89.72,100.75,Mymensingh
2023-12-08,20.57,17.93,24.18,21.01,90.9,100.46,Mymensingh
2023-12-09,19.59,16.29,24.42,2.08,88.06,100.62,Mymensingh
2023-12-10,18.46,14.32,23.78,0.0,82.35,100.63,Mymensingh
2023-12-11,18.88,14.77,24.25,0.02,79.92,100.71,Mymensingh
2023-12-12,19.09,14.42,24.29,0.04,78.27,100.59,Mymensingh
2023-12-13,17.89,13.87,23.37,0.03,81.47,100.7,Mymensingh
2023-12-14,16.68,12.68,21.78,0.0,69.08,100.94,Mymensingh
2023-12-15,17.08,11.73,23.03,0.0,69.04,100.98,Mymensingh
2023-12-16,17.69,12.98,23.2,0.0,72.32,100.83,Mymensingh
2023-12-17,17.9,13.05,23.12,0.0,75.24,100.85,Mymensingh
2023-12-18,17.94,12.95,22.96,0.0,80.47,100.93,Mymensingh
2023-12-19,18.5,13.27,24.01,0.0,80.35,101.01,Mymensingh
2023-12-20,17.77,12.01,23.2,0.0,77.26,100.98,Mymensingh
2023-12-21,18.41,13.12,23.44,0.0,76.87,100.9,Mymensingh
2023-12-22,18.79,14.35,23.84,0.0,81.35,100.94,Mymensingh
2023-12-23,19.35,15.53,24.26,0.0,84.12,101.1,Mymensingh
2023-12-24,19.54,15.1,24.29,0.29,80.71,101.17,Mymensingh
2023-12-25,19.63,15.29,24.29,0.03,80.15,101.06,Mymensingh
2023-12-26,19.54,15.1,24.54,0.0,77.13,101.12,Mymensingh
2023-12-27,19.24,13.95,24.57,0.0,79.49,101.14,Mymensingh
2023-12-28,19.34,14.34,24.31,0.0,78.91,101.03,Mymensingh
2023-12-29,19.58,14.53,25.09,0.04,74.99,101.02,Mymensingh
2023-12-30,19.9,14.71,25.16,0.03,73.28,100.91,Mymensingh
2023-12-31,19.25,15.32,24.95,0.64,75.76,100.89,Mymensingh
2024-01-01,18.18,13.79,24.23,0.12,79.18,100.87,Mymensingh
2024-01-02,17.62,12.46,24.07,0.12,78.18,100.87,Mymensingh
2024-01-03,17.31,12.02,23.69,0.0,78.74,100.85,Mymensingh
2024-01-04,17.37,12.41,23.74,0.0,76.33,100.86,Mymensingh
2024-01-05,17.62,12.37,24.21,0.0,72.99,100.92,Mymensingh
2024-01-06,18.16,12.93,24.52,0.0,71.39,100.96,Mymensingh
2024-01-07,18.22,13.39,25.37,0.0,69.92,101.0,Mymensingh
2024-01-08,17.87,13.63,24.47,0.0,73.96,101.04,Mymensingh
2024-01-09,17.24,12.41,24.57,0.0,76.64,100.94,Mymensingh
2024-01-10,16.7,12.24,23.2,0.0,73.1,100.83,Mymensingh
2024-01-11,16.01,11.32,23.14,0.0,73.76,100.92,Mymensingh
2024-01-12,15.66,10.12,23.09,0.0,75.89,100.92,Mymensingh
2024-01-13,16.25,10.54,22.87,0.0,73.16,100.89,Mymensingh
2024-01-14,16.26,10.57,22.63,0.0,76.67,100.87,Mymensingh
2024-01-15,16.56,11.45,23.07,0.0,76.52,100.79,Mymensingh
2024-01-16,15.53,10.72,21.66,0.0,78.81,100.82,Mymensingh
2024-01-17,15.22,9.57,21.27,0.0,76.23,100.82,Mymensingh
2024-01-18,15.85,9.37,21.71,0.0,73.63,100.91,Mymensingh
2024-01-19,17.07,13.31,22.33,6.67,73.86,100.94,Mymensingh
2024-01-20,16.01,10.95,23.35,5.16,74.72,100.91,Mymensingh
2024-01-21,14.3,9.68,21.08,0.04,71.14,100.91,Mymensingh
2024-01-22,14.85,8.04,21.99,0.0,67.5,101.08,Mymensingh
2024-01-23,15.67,10.29,22.07,0.0,71.69,100.97,Mymensingh
2024-01-24,15.57,11.14,21.97,0.25,71.23,100.99,Mymensingh
2024-01-25,15.66,10.7,23.1,0.05,65.43,101.15,Mymensingh
2024-01-26,15.1,9.49,22.37,0.0,64.9,101.23,Mymensingh
2024-01-27,15.25,10.46,22.33,0.0,65.56,101.18,Mymensingh
2024-01-28,15.78,11.08,23.19,0.0,62.78,101.15,Mymensingh
2024-01-29,16.68,11.75,23.95,0.0,64.46,101.06,Mymensingh
2024-01-30,17.36,12.24,23.5,0.0,58.76,100.96,Mymensingh
2024-01-31,18.7,13.53,24.32,0.0,62.02,100.93,Mymensingh
2024-02-01,19.27,13.38,24.62,0.03,66.45,100.95,Mymensingh
2024-02-02,18.88,13.9,24.46,0.17,75.19,100.75,Mymensingh
2024-02-03,17.44,10.67,24.88,0.01,64.92,100.82,Mymensingh
2024-02-04,17.79,11.74,24.05,0.08,49.02,101.03,Mymensingh
2024-02-05,18.39,12.83,24.86,0.0,58.25,100.97,Mymensingh
2024-02-06,18.7,16.26,22.93,0.0,73.0,100.94,Mymensingh
2024-02-07,18.07,13.33,24.73,0.0,67.31,100.85,Mymensingh
2024-02-08,16.72,11.4,23.45,0.0,47.7,100.86,Mymensingh
2024-02-09,16.97,11.17,24.74,0.0,52.07,101.12,Mymensingh
2024-02-10,18.15,11.61,26.76,0.0,57.23,101.13,Mymensingh
2024-02-11,19.51,13.63,27.58,0.0,53.15,101.18,Mymensingh
2024-02-12,19.75,13.59,27.86,0.0,51.31,101.17,Mymensingh
2024-02-13,20.7,13.94,28.78,0.0,46.11,101.13,Mymensingh
2024-02-14,21.22,16.63,27.96,0.0,59.94,100.99,Mymensingh
2024-02-15,21.48,16.65,27.25,0.06,70.66,101.03,Mymensingh
2024-02-16,21.51,15.59,28.65,0.0,67.7,101.01,Mymensingh
2024-02-17,20.96,15.4,28.18,0.0,59.27,100.69,Mymensingh
2024-02-18,20.82,15.18,27.41,0.0,45.09,100.74,Mymensingh
2024-02-19,20.99,15.01,27.99,0.0,41.51,100.72,Mymensingh
2024-02-20,21.22,14.02,29.1,0.02,55.14,100.43,Mymensingh
2024-02-21,22.79,16.65,30.41,3.83,69.56,100.29,Mymensingh
2024-02-22,22.64,18.0,29.07,18.51,74.46,100.35,Mymensingh
2024-02-23,22.32,17.69,28.44,5.89,62.32,100.56,Mymensingh
2024-02-24,21.59,15.65,28.92,0.0,50.96,100.81,Mymensingh
2024-02-25,20.48,16.05,26.32,4.49,51.48,100.88,Mymensingh
2024-02-26,20.13,12.99,28.62,1.89,54.53,100.95,Mymensingh
2024-02-27,21.19,16.2,29.16,0.0,49.7,100.76,Mymensingh
2024-02-28,21.9,16.17,28.22,0.0,48.55,100.54,Mymensingh
2024-02-29,22.26,15.64,28.75,0.0,50.76,100.66,Mymensingh
2024-03-01,22.11,16.02,29.6,0.0,48.12,100.76,Mymensingh
2024-03-02,22.3,15.9,30.23,0.0,49.79,100.62,Mymensingh
2024-03-03,23.42,18.6,30.39,0.0,47.41,100.55,Mymensingh
2024-03-04,22.66,17.94,29.09,2.62,62.47,100.51,Mymensingh
2024-03-05,22.34,16.28,30.68,0.11,61.47,100.48,Mymensingh
2024-03-06,21.42,13.8,29.97,0.0,43.77,100.52,Mymensingh
2024-03-07,22.09,14.83,30.12,0.0,37.91,100.51,Mymensingh
2024-03-08,22.52,15.92,30.54,0.0,38.63,100.53,Mymensingh
2024-03-09,22.19,15.57,30.35,0.0,38.77,100.63,Mymensingh
2024-03-10,22.24,15.98,30.04,0.0,40.08,100.8,Mymensingh
2024-03-11,23.01,16.02,31.32,0.0,44.52,100.73,Mymensingh
2024-03-12,24.83,18.98,32.91,0.0,41.31,100.46,Mymensingh
2024-03-13,24.51,15.25,33.1,0.0,54.0,100.45,Mymensingh
2024-03-14,25.78,18.62,33.75,0.08,55.6,100.43,Mymensingh
2024-03-15,26.32,18.83,34.22,0.76,57.69,100.49,Mymensingh
2024-03-16,26.84,19.93,34.41,0.66,42.59,100.62,Mymensingh
2024-03-17,27.11,20.69,34.42,3.06,45.69,100.59,Mymensingh
2024-03-18,27.82,21.29,34.47,0.12,44.35,100.51,Mymensingh
2024-03-19,26.83,22.76,34.03,0.05,49.08,100.55,Mymensingh
2024-03-20,24.07,20.15,27.44,52.43,63.12,100.69,Mymensingh
2024-03-21,23.22,19.0,28.63,5.66,65.98,100.67,Mymensingh
2024-03-22,22.78,17.7,27.96,1.1,66.94,100.34,Mymensingh
2024-03-23,23.94,17.45,29.43,6.05,62.34,100.23,Mymensingh
2024-03-24,23.99,18.99,30.01,18.85,77.65,100.46,Mymensingh
2024-03-25,24.97,19.58,30.77,6.62,71.01,100.49,Mymensingh
2024-03-26,25.0,20.43,30.97,12.56,72.51,100.54,Mymensingh
2024-03-27,25.31,19.75,31.14,0.03,63.42,100.71,Mymensingh
2024-03-28,25.6,20.05,31.61,0.22,63.2,100.48,Mymensingh
2024-03-29,26.26,20.82,32.06,0.51,63.21,100.33,Mymensingh
2024-03-30,26.03,21.43,30.68,12.39,75.4,100.35,Mymensingh
2024-03-31,26.8,22.46,33.41,32.54,78.92,100.14,Mymensingh
2024-04-01,25.94,21.15,33.2,53.9,74.79,99.8,Mymensingh
2024-04-02,26.54,19.78,33.86,1.06,63.89,99.86,Mymensingh
2024-04-03,27.34,20.66,34.21,3.21,62.7,100.03,Mymensingh
2024-04-04,27.25,19.34,34.57,1.74,64.77,99.98,Mymensingh
2024-04-05,27.34,21.93,33.78,6.53,78.94,99.89,Mymensingh
2024-04-06,28.2,22.74,35.16,0.33,66.99,99.84,Mymensingh
2024-04-07,27.92,22.36,34.92,16.98,70.91,99.91,Mymensingh
2024-04-08,27.44,21.24,33.89,0.04,59.07,100.22,Mymensingh
2024-04-09,26.88,19.6,33.63,0.0,59.18,100.33,Mymensingh
2024-04-10,27.84,21.95,33.7,0.0,53.03,100.35,Mymensingh
2024-04-11,28.14,21.73,34.69,0.02,51.08,100.45,Mymensingh
2024-04-12,28.86,22.81,35.43,0.0,48.75,100.4,Mymensingh
2024-04-13,28.74,22.45,35.15,0.0,51.34,100.35,Mymensingh
2024-04-14,29.8,23.47,36.09,0.0,48.11,100.33,Mymensingh
2024-04-15,30.44,26.08,36.52,0.87,49.99,100.26,Mymensingh
2024-04-16,29.81,24.26,36.86,1.05,60.76,100.03,Mymensingh
2024-04-17,29.23,23.02,36.31,0.96,64.42,99.84,Mymensingh
2024-04-18,29.1,24.4,35.51,4.09,70.94,99.81,Mymensingh
2024-04-19,29.67,23.76,36.99,4.32,65.69,99.51,Mymensingh
2024-04-20,29.64,24.2,37.46,12.02,62.62,99.4,Mymensingh
2024-04-21,29.96,22.11,39.91,0.62,57.15,99.53,Mymensingh
2024-04-22,30.18,25.7,38.35,5.07,63.73,99.71,Mymensingh
2024-04-23,29.44,22.67,37.41,1.29,56.89,99.68,Mymensingh
2024-04-24,29.97,22.87,38.97,0.3,55.19,99.63,Mymensingh
2024-04-25,30.89,23.28,40.23,0.88,52.16,99.69,Mymensingh
2024-04-26,30.52,22.89,39.36,1.15,57.81,99.7,Mymensingh
2024-04-27,29.62,24.03,37.36,5.09,67.45,99.74,Mymensingh
2024-04-28,30.74,24.6,39.75,4.78,63.74,99.69,Mymensingh
2024-04-29,31.06,24.89,40.41,2.0,58.38,99.74,Mymensingh
2024-04-30,31.14,23.8,41.5,0.37,60.72,99.4,Mymensingh
2024-05-01,30.81,24.64,40.9,4.19,58.84,99.32,Mymensingh
2024-05-02,30.12,24.86,37.54,12.61,61.91,99.43,Mymensingh
2024-05-03,29.31,21.33,37.4,0.17,51.44,99.83,Mymensingh
2024-05-04,29.07,23.05,35.39,1.56,65.15,99.92,Mymensingh
2024-05-05,28.21,24.69,32.53,55.51,79.5,99.7,Mymensingh
2024-05-06,27.71,25.26,31.43,32.75,84.78,100.07,Mymensingh
2024-05-07,24.57,22.41,28.32,17.31,86.93,100.42,Mymensingh
2024-05-08,25.25,21.26,28.21,5.85,76.63,100.36,Mymensingh
2024-05-09,26.27,21.68,29.87,4.86,73.52,100.28,Mymensingh
2024-05-10,26.05,23.03,28.81,15.74,77.34,100.27,Mymensingh
2024-05-11,26.26,23.18,29.79,20.55,84.99,100.34,Mymensingh
2024-05-12,27.57,23.21,31.46,1.8,78.51,100.36,Mymensingh
2024-05-13,28.45,23.44,32.51,0.23,74.64,100.25,Mymensingh
2024-05-14,29.64,24.87,33.0,0.97,69.84,100.18,Mymensingh
2024-05-15,29.89,25.37,33.56,1.38,71.55,100.28,Mymensingh
2024-05-16,30.02,25.69,33.64,3.53,72.28,100.17,Mymensingh
2024-05-17,30.43,25.81,35.38,3.27,68.22,99.91,Mymensingh
2024-05-18,28.23,25.4,31.77,34.16,85.47,99.83,Mymensingh
2024-05-19,27.61,24.77,31.58,20.88,87.8,99.75,Mymensingh
2024-05-20,28.26,24.94,31.45,10.13,82.73,99.88,Mymensingh
2024-05-21,29.13,24.87,32.64,6.55,77.47,99.88,Mymensingh
2024-05-22,29.8,25.75,33.11,5.87,75.96,99.89,Mymensingh
2024-05-23,30.13,25.27,34.09,0.92,74.64,99.73,Mymensingh
2024-05-24,31.24,26.18,35.81,0.23,71.59,99.51,Mymensingh
2024-05-25,30.9,26.38,35.52,0.08,75.21,99.34,Mymensingh
2024-05-26,30.37,26.8,35.49,15.35,80.75,99.26,Mymensingh
2024-05-27,27.1,25.55,29.36,55.95,89.17,98.71,Mymensingh
2024-05-28,27.16,25.52,29.44,158.94,92.17,98.56,Mymensingh
2024-05-29,29.2,26.57,32.25,12.46,91.72,99.26,Mymensingh
2024-05-30,29.41,27.29,32.51,32.39,90.27,99.51,Mymensingh
2024-05-31,29.1,26.86,32.08,20.63,88.76,99.67,Mymensingh
2024-06-01,29.17,26.44,32.33,27.39,86.76,99.77,Mymensingh
2024-06-02,28.78,26.04,31.79,54.98,88.84,99.82,Mymensingh
2024-06-03,27.89,26.15,30.29,65.0,91.94,99.74,Mymensingh
2024-06-04,28.17,25.36,31.56,32.08,90.28,99.8,Mymensingh
2024-06-05,28.45,25.61,31.37,26.83,89.93,99.85,Mymensingh
2024-06-06,28.61,26.0,30.99,60.81,88.86,99.83,Mymensingh
2024-06-07,29.48,26.15,33.26,10.22,84.3,99.62,Mymensingh
2024-06-08,29.04,26.26,32.31,29.98,90.6,99.51,Mymensingh
2024-06-09,28.73,26.81,31.25,45.22,92.54,99.49,Mymensingh
2024-06-10,28.75,26.82,31.63,23.42,92.63,99.54,Mymensingh
2024-06-11,28.93,26.86,31.69,4.62,91.0,99.56,Mymensingh
2024-06-12,28.64,26.11,31.58,28.11,89.16,99.56,Mymensingh
2024-06-13,28.57,26.79,31.24,49.84,92.05,99.48,Mymensingh
2024-06-14,28.5,26.18,31.09,26.69,92.76,99.41,Mymensingh
2024-06-15,28.85,27.05,31.29,27.73,92.82,99.4,Mymensingh
2024-06-16,29.19,27.35,31.54,24.01,92.22,99.53,Mymensingh
2024-06-17,28.8,27.22,30.94,51.91,93.48,99.56,Mymensingh
2024-06-18,28.36,26.92,29.83,72.7,95.34,99.35,Mymensingh
2024-06-19,28.09,26.63,30.2,91.77,95.26,99.24,Mymensingh
2024-06-20,27.47,25.64,29.79,17.84,93.27,99.38,Mymensingh
2024-06-21,28.28,25.54,31.22,5.88,86.74,99.47,Mymensingh
2024-06-22,28.74,25.43,31.95,7.21,86.76,99.47,Mymensingh
2024-06-23,29.06,26.29,32.08,4.08,88.73,99.5,Mymensingh
2024-06-24,28.81,26.11,31.51,6.68,90.18,99.42,Mymensingh
2024-06-25,29.05,26.25,31.89,1.87,89.15,99.42,Mymensingh
2024-06-26,29.91,26.95,32.28,6.06,83.51,99.46,Mymensingh
2024-06-27,28.42,26.55,30.08,16.99,91.01,99.66,Mymensingh
2024-06-28,28.46,25.85,31.62,23.63,91.62,99.52,Mymensingh
2024-06-29,28.24,26.19,30.72,33.27,93.27,99.42,Mymensingh
2024-06-30,28.46,26.81,30.23,471.59,94.24,99.29,Mymensingh
2024-07-01,28.06,26.54,30.19,41.9,94.07,99.22,Mymensingh
2024-07-02,28.29,25.61,31.71,51.06,91.64,99.23,Mymensingh
2024-07-03,28.53,26.23,31.63,13.46,91.26,99.39,Mymensingh
2024-07-04,27.7,25.38,30.52,25.28,92.25,99.65,Mymensingh
2024-07-05,27.45,25.96,28.97,38.25,95.02,99.55,Mymensingh
2024-07-06,28.03,25.61,31.32,13.01,89.31,99.57,Mymensingh
2024-07-07,28.61,25.61,31.71,12.54,89.45,99.67,Mymensingh
2024-07-08,28.52,26.48,31.35,13.48,90.93,99.66,Mymensingh
2024-07-09,28.28,25.75,30.96,8.55,91.23,99.78,Mymensingh
2024-07-10,28.43,26.65,30.43,33.76,91.79,99.79,Mymensingh
2024-07-11,28.61,26.49,30.91,71.09,92.24,99.51,Mymensingh
2024-07-12,28.54,26.47,31.15,45.28,91.56,99.35,Mymensingh
2024-07-13,28.7,25.66,31.99,8.27,88.52,99.22,Mymensingh
2024-07-14,29.25,26.71,31.94,4.41,87.72,99.25,Mymensingh
2024-07-15,29.45,26.84,31.94,6.12,87.73,99.47,Mymensingh
2024-07-16,28.21,26.8,30.09,8.33,89.56,99.63,Mymensingh
2024-07-17,29.74,26.53,33.02,2.75,85.73,99.48,Mymensingh
2024-07-18,30.56,26.78,34.2,0.63,83.46,99.35,Mymensingh
2024-07-19,29.95,27.47,32.54,3.69,87.65,99.25,Mymensingh
2024-07-20,28.99,26.61,32.4,12.36,90.61,99.38,Mymensingh
2024-07-21,28.59,26.27,31.72,8.25,90.78,99.44,Mymensingh
2024-07-22,28.34,26.18,31.02,33.43,91.88,99.52,Mymensingh
2024-07-23,28.35,26.08,31.39,15.15,90.72,99.34,Mymensingh
2024-07-24,28.74,25.6,32.09,4.67,90.97,98.94,Mymensingh
2024-07-25,29.53,26.97,32.15,5.38,88.25,98.78,Mymensingh
2024-07-26,30.32,27.24,33.72,5.42,87.27,98.81,Mymensingh
2024-07-27,29.61,27.14,32.83,2.56,89.8,99.14,Mymensingh
2024-07-28,29.56,26.46,32.75,13.11,88.2,99.29,Mymensingh
2024-07-29,28.86,26.73,32.19,7.68,90.26,99.3,Mymensingh
2024-07-30,28.25,26.24,30.53,9.72,91.76,99.46,Mymensingh
2024-07-31,28.98,26.91,32.11,24.91,91.19,99.48,Mymensingh
2024-08-01,28.07,26.14,31.0,14.0,90.84,99.39,Mymensingh
2024-08-02,26.81,25.62,28.68,78.21,93.92,99.53,Mymensingh
2024-08-03,27.55,25.48,29.87,50.5,92.9,99.8,Mymensingh
2024-08-04,28.25,25.29,31.47,12.71,88.97,99.87,Mymensingh
2024-08-05,28.15,25.77,31.09,30.72,90.34,99.79,Mymensingh
2024-08-06,27.71,25.73,30.55,36.4,91.84,99.66,Mymensingh
2024-08-07,27.8,25.31,30.83,7.04,90.47,99.72,Mymensingh
2024-08-08,27.58,25.13,30.47,11.07,91.41,99.84,Mymensingh
2024-08-09,27.78,25.3,31.04,22.8,90.81,99.88,Mymensingh
2024-08-10,28.25,25.43,31.51,26.79,90.31,99.79,Mymensingh
2024-08-11,28.18,26.41,30.4,19.78,92.64,99.69,Mymensingh
2024-08-12,27.82,26.16,29.9,14.74,92.06,99.74,Mymensingh
2024-08-13,28.54,26.16,31.56,14.7,90.57,99.77,Mymensingh
2024-08-14,28.01,26.29,30.42,3.0,90.12,99.81,Mymensingh
2024-08-15,28.11,25.69,29.91,17.48,89.84,99.74,Mymensingh
2024-08-16,27.96,25.82,30.27,40.8,90.06,99.64,Mymensingh
2024-08-17,28.2,25.71,32.04,9.71,88.34,99.72,Mymensingh
2024-08-18,27.25,25.64,29.26,10.13,91.98,99.85,Mymensingh
2024-08-19,26.52,25.2,27.99,17.5,94.58,99.65,Mymensingh
2024-08-20,27.2,25.72,28.51,146.99,95.16,99.68,Mymensingh
2024-08-21,27.31,26.01,28.66,52.93,95.45,99.82,Mymensingh
2024-08-22,26.84,25.27,28.6,38.31,95.17,99.72,Mymensingh
2024-08-23,27.05,25.32,29.12,6.13,93.77,99.93,Mymensingh
2024-08-24,27.49,24.91,30.33,8.96,91.7,99.93,Mymensingh
2024-08-25,26.7,25.13,29.0,6.05,93.44,99.77,Mymensingh
2024-08-26,26.01,24.44,28.63,2.6,92.09,99.83,Mymensingh
2024-08-27,27.58,24.62,30.69,1.73,89.58,99.96,Mymensingh
2024-08-28,28.23,25.5,30.87,0.73,87.3,99.85,Mymensingh
2024-08-29,28.46,25.17,31.56,0.47,85.75,99.77,Mymensingh
2024-08-30,28.64,25.93,31.48,3.32,87.57,99.81,Mymensingh
2024-08-31,28.25,25.92,30.82,4.92,88.85,99.88,Mymensingh
2024-09-01,27.3,25.25,29.54,6.51,90.72,100.02,Mymensingh
2024-09-02,28.95,25.38,32.82,3.1,83.88,99.94,Mymensingh
2024-09-03,28.29,26.2,31.59,20.12,89.98,99.96,Mymensingh
2024-09-04,27.93,25.64,30.14,6.93,90.48,99.72,Mymensingh
2024-09-05,27.99,25.87,30.17,9.98,90.08,99.65,Mymensingh
2024-09-06,29.52,25.37,32.55,1.56,81.64,99.67,Mymensingh
2024-09-07,29.77,26.25,33.14,5.18,83.82,99.69,Mymensingh
2024-09-08,29.96,26.56,33.11,6.26,83.34,99.69,Mymensingh
2024-09-09,28.81,26.32,31.89,4.37,87.27,99.59,Mymensingh
2024-09-10,28.55,25.94,31.8,1.44,90.89,99.58,Mymensingh
2024-09-11,28.87,26.33,31.13,3.72,88.13,99.66,Mymensingh
2024-09-12,30.74,26.44,34.77,0.9,79.7,99.49,Mymensingh
2024-09-13,30.47,26.96,35.14,1.61,79.73,99.25,Mymensingh
2024-09-14,27.25,25.06,29.9,4.57,89.42,99.3,Mymensingh
2024-09-15,26.38,24.8,28.11,12.95,91.65,99.49,Mymensingh
2024-09-16,27.5,23.55,31.03,4.44,83.39,99.78,Mymensingh
2024-09-17,28.67,24.91,32.34,1.24,83.75,99.89,Mymensingh
2024-09-18,29.61,25.82,33.71,0.08,82.78,99.76,Mymensingh
2024-09-19,30.04,26.09,34.69,0.06,84.06,99.68,Mymensingh
2024-09-20,30.89,26.76,35.65,0.14,81.35,99.65,Mymensingh
2024-09-21,30.3,27.02,35.56,6.04,84.86,99.77,Mymensingh
2024-09-22,30.67,26.99,35.12,2.37,80.12,99.67,Mymensingh
2024-09-23,31.5,27.25,37.38,3.58,75.9,99.69,Mymensingh
2024-09-24,27.88,26.37,29.53,19.11,93.54,99.85,Mymensingh
2024-09-25,26.07,24.82,26.85,108.18,95.37,100.09,Mymensingh
2024-09-26,25.67,24.12,28.14,40.86,93.95,100.31,Mymensingh
2024-09-27,26.92,23.7,30.22,10.54,82.58,100.37,Mymensingh
2024-09-28,27.27,24.05,30.68,8.24,89.34,100.23,Mymensingh
2024-09-29,27.85,25.73,31.1,19.34,92.45,100.09,Mymensingh
2024-09-30,28.04,25.78,31.07,5.16,90.93,99.97,Mymensingh
2024-10-01,28.12,25.75,30.77,8.74,91.32,99.76,Mymensingh
2024-10-02,28.3,26.1,30.84,13.38,86.89,99.69,Mymensingh
2024-10-03,26.8,25.51,29.08,43.02,93.32,99.7,Mymensingh
2024-10-04,26.76,25.23,28.98,65.17,93.16,99.89,Mymensingh
2024-10-05,26.58,24.77,28.86,57.05,93.27,100.12,Mymensingh
2024-10-06,26.15,24.66,28.09,7.01,93.16,100.4,Mymensingh
2024-10-07,27.12,24.18,30.28,10.01,84.29,100.59,Mymensingh
2024-10-08,27.24,24.57,30.25,11.44,86.17,100.52,Mymensingh
2024-10-09,26.29,24.12,28.81,4.46,91.24,100.33,Mymensingh
2024-10-10,26.33,23.77,29.29,3.38,92.41,100.2,Mymensingh
2024-10-11,27.08,24.37,30.4,12.31,90.97,100.12,Mymensingh
2024-10-12,26.98,24.46,29.97,15.06,88.88,100.31,Mymensingh
2024-10-13,26.71,23.53,30.54,0.37,82.1,100.44,Mymensingh
2024-10-14,26.15,22.5,30.14,0.02,79.15,100.42,Mymensingh
2024-10-15,25.56,22.59,29.58,3.32,82.47,100.35,Mymensingh
2024-10-16,26.03,21.99,29.98,0.99,79.03,100.39,Mymensingh
2024-10-17,25.7,21.29,29.91,8.93,83.9,100.4,Mymensingh
2024-10-18,25.41,23.4,28.15,2.86,91.42,100.32,Mymensingh
2024-10-19,26.45,23.11,30.02,4.29,80.87,100.43,Mymensingh
2024-10-20,25.36,21.56,29.62,0.07,78.62,100.57,Mymensingh
2024-10-21,25.73,21.61,29.75,0.0,81.55,100.45,Mymensingh
2024-10-22,27.1,22.91,31.21,6.39,81.63,100.39,Mymensingh
2024-10-23,25.99,24.19,28.69,38.81,89.81,100.39,Mymensingh
2024-10-24,24.84,23.05,27.67,8.61,90.29,100.38,Mymensingh
2024-10-25,25.58,22.2,29.55,1.88,85.34,100.33,Mymensingh
2024-10-26,26.05,23.07,29.73,2.57,85.62,100.34,Mymensingh
2024-10-27,26.13,22.46,29.86,0.0,82.02,100.23,Mymensingh
2024-10-28,25.79,22.15,30.45,0.0,82.92,100.14,Mymensingh
2024-10-29,26.39,22.36,30.49,0.49,81.99,100.18,Mymensingh
2024-10-30,26.28,22.84,29.28,3.94,86.2,100.31,Mymensingh
2024-10-31,26.37,23.57,29.84,4.3,85.27,100.37,Mymensingh
2024-11-01,25.35,20.79,29.85,2.89,79.27,100.53,Mymensingh
2024-11-02,24.28,19.79,28.83,0.15,77.77,100.66,Mymensingh
2024-11-03,24.72,20.61,29.31,0.0,75.73,100.64,Mymensingh
2024-11-04,24.83,20.56,29.09,0.12,79.34,100.6,Mymensingh
2024-11-05,25.22,21.31,29.43,1.0,78.82,100.66,Mymensingh
2024-11-06,23.7,21.69,26.75,1.43,86.62,100.75,Mymensingh
2024-11-07,24.51,20.17,28.57,0.11,77.95,100.74,Mymensingh
2024-11-08,24.18,20.94,27.9,0.0,79.55,100.72,Mymensingh
2024-11-09,24.43,20.04,29.07,0.0,76.72,100.69,Mymensingh
2024-11-10,23.76,19.77,28.01,0.0,78.89,100.74,Mymensingh
2024-11-11,23.38,19.21,28.07,0.0,77.08,100.67,Mymensingh
2024-11-12,22.87,18.27,28.28,0.0,77.17,100.58,Mymensingh
2024-11-13,22.45,17.96,27.88,0.0,77.43,100.5,Mymensingh
2024-11-14,22.44,18.08,28.12,0.0,79.4,100.6,Mymensingh
2024-11-15,22.19,17.95,27.52,0.0,79.36,100.56,Mymensingh
2024-11-16,21.98,17.69,27.4,0.0,78.05,100.5,Mymensingh
2024-11-17,21.27,16.65,26.22,0.0,78.16,100.54,Mymensingh
2024-11-18,20.91,15.74,25.81,0.0,79.8,100.7,Mymensingh
2024-11-19,21.3,16.07,26.36,0.0,74.47,100.71,Mymensingh
2024-11-20,20.96,15.81,25.48,0.0,74.78,100.63,Mymensingh
2024-11-21,21.53,17.71,25.71,0.0,75.57,100.61,Mymensingh
2024-11-22,20.89,16.52,25.27,0.0,72.1,100.62,Mymensingh
2024-11-23,20.98,17.19,25.89,0.0,76.63,100.74,Mymensingh
2024-11-24,19.7,15.85,24.25,0.0,82.47,100.79,Mymensingh
2024-11-25,20.01,15.42,25.08,0.0,82.43,100.79,Mymensingh
2024-11-26,20.08,15.31,24.7,0.0,80.14,100.7,Mymensingh
2024-11-27,19.84,15.5,24.76,0.0,79.17,100.64,Mymensingh
2024-11-28,19.89,14.36,25.24,0.0,78.14,100.75,Mymensingh
2024-11-29,20.81,16.16,26.71,0.0,74.77,100.74,Mymensingh
2024-11-30,20.64,14.75,27.07,0.0,68.02,100.6,Mymensingh
2024-12-01,20.31,16.15,24.77,0.01,71.61,100.45,Mymensingh
2024-12-02,19.33,14.96,24.99,0.01,77.13,100.53,Mymensingh
2024-12-03,19.02,14.49,25.4,0.0,76.61,100.6,Mymensingh
2024-12-04,18.54,14.26,24.5,0.0,79.68,100.6,Mymensingh
2024-12-05,18.92,15.54,23.87,0.0,76.83,100.59,Mymensingh
2024-12-06,17.6,13.77,23.12,0.0,76.04,100.56,Mymensingh
2024-12-07,17.05,11.87,23.25,0.0,73.19,100.66,Mymensingh
2024-12-08,17.07,11.82,22.52,0.0,73.78,100.68,Mymensingh
2024-12-09,16.71,11.3,22.07,0.0,78.0,100.6,Mymensingh
2024-12-10,17.16,13.29,22.43,0.0,81.44,100.69,Mymensingh
2024-12-11,16.02,11.35,22.89,0.0,81.13,100.8,Mymensingh
2024-12-12,15.77,10.39,22.8,0.0,82.16,100.64,Mymensingh
2024-12-13,16.97,11.07,23.25,0.0,74.85,100.71,Mymensingh
2024-12-14,16.98,11.09,23.42,0.0,72.08,100.9,Mymensingh
2024-12-15,16.39,10.95,22.36,0.0,70.89,101.0,Mymensingh
2024-12-16,17.13,10.18,23.44,0.0,66.96,100.9,Mymensingh
2024-12-17,17.23,11.29,23.5,0.0,79.21,100.75,Mymensingh
2024-12-18,17.82,12.49,23.29,0.0,77.02,100.68,Mymensingh
2024-12-19,18.46,13.11,23.84,0.0,78.78,100.77,Mymensingh
2024-12-20,18.44,13.59,23.82,0.0,74.29,100.67,Mymensingh
2024-12-21,17.81,14.4,23.13,0.0,79.06,100.71,Mymensingh
2024-12-22,16.93,11.31,23.86,0.0,74.48,100.83,Mymensingh
2024-12-23,16.83,10.83,23.42,0.0,72.71,100.82,Mymensingh
2024-12-24,17.7,13.01,23.65,0.0,67.94,100.78,Mymensingh
2024-12-25,18.39,13.17,24.16,0.0,65.12,100.96,Mymensingh
2024-12-26,18.49,13.4,25.25,0.0,71.47,101.15,Mymensingh
2024-12-27,18.27,12.62,24.27,0.0,72.04,101.13,Mymensingh
2024-12-28,18.57,12.28,24.69,0.0,72.33,100.99,Mymensingh
2024-12-29,18.73,14.35,24.56,0.0,71.91,100.86,Mymensingh
2024-12-30,19.04,14.43,25.18,0.0,75.5,100.96,Mymensingh
2024-12-31,17.83,13.19,23.88,0.0,77.98,100.98,Mymensingh
2025-01-01,17.35,12.88,23.8,0.0,80.71,100.78,Mymensingh
2025-01-02,17.13,12.19,23.37,0.0,80.63,100.83,Mymensingh
2025-01-03,17.33,11.85,23.26,0.0,78.35,100.91,Mymensingh
2025-01-04,18.18,12.67,24.64,0.0,77.88,100.79,Mymensingh
2025-01-05,19.33,13.6,25.18,0.0,74.41,100.87,Mymensingh
2025-01-06,20.48,15.02,25.13,0.0,68.6,100.7,Mymensingh
2025-01-07,20.07,16.89,24.55,0.06,73.51,100.54,Mymensingh
2025-01-08,16.58,11.6,22.4,0.04,76.84,100.75,Mymensingh
2025-01-09,15.49,9.78,22.39,0.0,71.97,101.01,Mymensingh
2025-01-10,16.11,10.67,22.26,0.0,72.48,101.16,Mymensingh
2025-01-11,17.52,11.07,24.18,0.0,68.19,101.17,Mymensingh
2025-01-12,18.46,11.23,24.52,0.0,62.99,101.03,Mymensingh
2025-01-13,18.03,12.58,24.22,0.0,67.64,100.82,Mymensingh
2025-01-14,18.02,12.76,25.39,0.0,67.13,101.03,Mymensingh
2025-01-15,17.43,11.48,24.57,0.0,71.55,101.12,Mymensingh
2025-01-16,18.75,12.71,24.88,0.0,68.58,101.04,Mymensingh
2025-01-17,19.38,14.67,26.02,0.0,68.88,100.86,Mymensingh
2025-01-18,18.47,13.34,26.1,0.0,68.17,100.8,Mymensingh
2025-01-19,17.68,12.49,25.27,0.0,65.89,100.68,Mymensingh
2025-01-20,17.48,13.21,24.06,0.0,69.14,100.53,Mymensingh
2025-01-21,17.11,12.98,23.39,0.0,69.87,100.51,Mymensingh
2025-01-22,17.56,13.27,23.63,0.0,70.16,100.59,Mymensingh
2025-01-23,17.28,12.39,24.44,0.0,71.92,100.63,Mymensingh
2025-01-24,17.0,11.42,23.48,0.0,64.92,100.59,Mymensingh
2025-01-25,16.79,11.77,23.32,0.0,67.99,100.72,Mymensingh
2025-01-26,16.6,10.94,23.7,0.0,70.25,100.69,Mymensingh
2025-01-27,18.15,12.69,24.78,0.0,69.42,100.47,Mymensingh
2025-01-28,18.48,14.36,24.62,0.0,67.21,100.62,Mymensingh
2025-01-29,18.39,14.13,24.79,0.0,62.91,100.84,Mymensingh
2025-01-30,18.76,13.4,24.76,2.55,67.91,100.5,Mymensingh
2025-01-31,19.61,14.86,26.59,0.0,77.05,100.45,Mymensingh
2025-02-01,18.89,13.55,26.15,0.0,58.21,100.54,Mymensingh
2025-02-02,18.31,12.25,24.94,0.0,62.14,100.53,Mymensingh
2025-02-03,19.09,13.56,26.32,0.0,60.66,100.63,Mymensingh
2025-02-04,19.35,13.9,26.39,0.0,62.27,100.59,Mymensingh
2025-02-05,20.17,15.45,26.48,0.0,59.67,100.39,Mymensingh
2025-02-06,20.28,14.08,27.52,0.0,65.18,100.47,Mymensingh
2025-02-07,19.67,13.35,26.97,0.0,48.77,100.63,Mymensingh
2025-02-08,18.15,12.31,26.71,0.0,44.22,100.72,Mymensingh
2025-02-09,18.26,12.39,26.03,0.0,50.35,100.62,Mymensingh
2025-02-10,19.25,14.18,26.05,0.0,49.4,100.65,Mymensingh
2025-02-11,18.96,11.4,27.16,0.0,60.69,100.53,Mymensingh
2025-02-12,20.38,14.11,28.59,0.05,65.05,100.53,Mymensingh
2025-02-13,21.01,14.02,29.13,0.3,65.19,100.45,Mymensingh
2025-02-14,20.36,14.44,27.47,0.01,39.58,100.45,Mymensingh
2025-02-15,18.92,13.28,26.97,0.0,39.51,100.52,Mymensingh
2025-02-16,19.22,12.27,27.21,0.0,43.7,100.6,Mymensingh
2025-02-17,21.44,14.88,29.06,0.0,48.32,100.75,Mymensingh
2025-02-18,22.57,16.83,30.36,0.0,53.35,100.62,Mymensingh
2025-02-19,22.3,17.31,29.81,0.0,51.14,100.58,Mymensingh
2025-02-20,22.65,16.76,30.7,0.0,50.14,100.76,Mymensingh
2025-02-21,22.93,16.84,30.06,0.02,53.48,100.71,Mymensingh
2025-02-22,23.88,17.42,30.75,0.06,52.09,100.76,Mymensingh
2025-02-23,22.95,19.26,27.83,6.61,59.27,100.91,Mymensingh
2025-02-24,22.33,16.62,30.07,0.0,59.25,100.98,Mymensingh
2025-02-25,22.1,16.42,29.96,0.0,51.05,101.1,Mymensingh
2025-02-26,21.84,15.32,30.36,0.0,52.12,101.08,Mymensingh
2025-02-27,22.69,16.83,30.6,0.0,53.71,100.82,Mymensingh
2025-02-28,23.24,17.9,30.4,0.0,51.58,100.71,Mymensingh
2025-03-01,24.06,18.18,30.99,0.04,49.91,100.42,Mymensingh
2025-03-02,25.05,18.38,33.77,0.01,54.71,100.09,Mymensingh
2025-03-03,24.95,19.95,32.73,0.0,44.41,100.28,Mymensingh
2025-03-04,24.51,19.74,31.42,0.0,33.19,100.29,Mymensingh
2025-03-05,23.17,16.19,31.89,0.0,41.56,100.16,Mymensingh
2025-03-06,23.32,17.04,31.4,0.0,33.51,100.43,Mymensingh
2025-03-07,21.5,15.39,29.63,0.0,43.75,100.25,Mymensingh
2025-03-08,22.59,16.02,30.81,0.0,43.88,100.22,Mymensingh
2025-03-09,23.02,15.88,31.27,0.13,46.36,100.68,Mymensingh
2025-03-10,24.42,17.82,32.84,0.27,47.32,100.85,Mymensingh
2025-03-11,25.76,19.32,33.2,0.0,46.35,100.56,Mymensingh
2025-03-12,25.62,19.81,32.56,0.6,48.25,100.18,Mymensingh
2025-03-13,25.36,18.52,33.85,1.85,53.3,100.02,Mymensingh
2025-03-14,26.75,19.77,34.98,3.92,53.53,100.13,Mymensingh
2025-03-15,27.15,19.38,34.9,2.18,57.93,100.31,Mymensingh
2025-03-16,27.37,20.15,36.54,3.35,59.97,100.17,Mymensingh
2025-03-17,28.06,20.29,37.19,0.36,52.46,100.02,Mymensingh
2025-03-18,27.4,21.47,35.92,0.02,48.44,100.18,Mymensingh
2025-03-19,26.86,19.65,35.39,0.0,43.79,100.56,Mymensingh
2025-03-20,26.34,18.55,35.11,0.0,43.25,100.66,Mymensingh
2025-03-21,24.08,20.68,30.21,1.02,55.72,100.83,Mymensingh
2025-03-22,24.1,19.35,30.73,0.15,63.42,100.81,Mymensingh
2025-03-23,23.58,18.89,29.23,0.7,60.17,100.83,Mymensingh
2025-03-24,25.13,17.89,33.65,0.0,49.46,100.65,Mymensingh
2025-03-25,26.27,18.76,35.08,0.0,44.7,100.21,Mymensingh
2025-03-26,27.46,20.22,35.41,0.0,38.71,100.0,Mymensingh
2025-03-27,28.5,21.85,35.37,0.0,39.31,99.83,Mymensingh
2025-03-28,28.85,20.47,37.7,0.0,44.65,99.71,Mymensingh
2025-03-29,29.04,20.72,38.61,0.0,46.51,99.84,Mymensingh
2025-03-30,27.9,19.29,37.27,0.0,40.04,100.2,Mymensingh
2025-03-31,28.24,19.45,36.35,0.07,36.42,100.16,Mymensingh
2025-04-01,27.49,20.7,34.74,4.38,54.81,100.16,Mymensingh
2025-04-02,27.67,22.04,34.77,5.6,59.7,100.32,Mymensingh
2025-04-03,28.42,21.63,37.21,0.22,50.25,100.35,Mymensingh
2025-04-04,29.55,22.01,37.95,0.0,36.42,100.2,Mymensingh
2025-04-05,29.3,21.04,37.44,0.12,36.95,100.1,Mymensingh
2025-04-06,29.26,22.15,37.17,1.12,51.48,100.15,Mymensingh
2025-04-07,28.93,23.32,35.2,2.57,50.09,100.43,Mymensingh
2025-04-08,29.21,23.99,35.23,0.95,52.47,100.65,Mymensingh
2025-04-09,29.38,22.76,36.23,1.07,52.63,100.41,Mymensingh
2025-04-10,28.91,22.45,35.75,0.81,50.67,100.04,Mymensingh
2025-04-11,27.47,24.54,30.94,21.68,64.85,99.9,Mymensingh
2025-04-12,27.75,22.88,32.51,6.94,62.6,100.05,Mymensingh
2025-04-13,27.1,23.52,31.21,10.15,63.29,100.28,Mymensingh
2025-04-14,27.32,23.45,31.84,3.5,63.75,100.33,Mymensingh
2025-04-15,28.84,22.5,34.89,1.78,54.43,100.3,Mymensingh
2025-04-16,28.22,23.32,33.26,10.73,58.98,100.23,Mymensingh
2025-04-17,26.57,22.1,31.26,11.38,71.99,100.19,Mymensingh
2025-04-18,26.85,22.06,31.79,3.68,71.37,100.12,Mymensingh
2025-04-19,27.78,23.24,33.19,2.65,66.73,100.04,Mymensingh
2025-04-20,28.06,22.9,33.0,11.02,71.14,100.0,Mymensingh
2025-04-21,28.63,24.46,33.35,34.19,79.72,100.13,Mymensingh
2025-04-22,29.03,25.19,34.09,40.15,81.79,100.06,Mymensingh
2025-04-23,29.02,24.14,36.27,22.38,75.38,99.69,Mymensingh
2025-04-24,29.16,23.97,36.48,19.14,75.83,99.72,Mymensingh
2025-04-25,28.67,24.79,34.79,30.16,79.96,99.85,Mymensingh
2025-04-26,29.01,25.07,34.86,4.08,79.07,99.94,Mymensingh
2025-04-27,27.89,24.79,32.18,14.01,80.78,100.22,Mymensingh
2025-04-28,26.39,22.99,29.86,22.86,82.9,100.19,Mymensingh
2025-04-29,24.88,21.67,28.66,6.45,82.06,100.24,Mymensingh
2025-04-30,25.5,21.71,29.23,20.24,79.9,100.33,Mymensingh
2025-05-01,26.35,22.13,30.32,4.9,77.17,100.41,Mymensingh
2025-05-02,26.0,22.0,29.76,3.61,77.32,100.27,Mymensingh
2025-05-03,26.72,22.0,31.26,0.45,71.75,100.11,Mymensingh
2025-05-04,27.13,22.45,31.57,1.41,75.84,100.0,Mymensingh
2025-05-05,27.96,23.22,31.79,3.2,72.77,100.02,Mymensingh
2025-05-06,27.95,23.42,32.38,6.91,71.98,100.03,Mymensingh
2025-05-07,28.23,23.73,31.83,2.33,70.14,99.88,Mymensingh
2025-05-08,29.07,23.63,34.51,13.23,70.26,99.87,Mymensingh
2025-05-09,29.89,24.44,35.25,0.47,67.06,99.94,Mymensingh
2025-05-10,30.82,24.77,36.91,1.0,64.51,99.84,Mymensingh
2025-05-11,29.67,24.52,35.73,8.78,70.16,99.78,Mymensingh
2025-05-12,28.08,25.45,31.36,55.45,81.71,99.72,Mymensingh
2025-05-13,28.06,24.31,31.9,24.17,84.87,99.73,Mymensingh
2025-05-14,28.95,25.19,33.54,22.29,82.7,99.82,Mymensingh
2025-05-15,28.4,25.21,32.22,21.4,86.57,99.93,Mymensingh
2025-05-16,28.99,24.93,33.07,7.07,81.79,99.9,Mymensingh
2025-05-17,28.78,25.6,32.0,30.74,84.77,99.93,Mymensingh
2025-05-18,27.91,24.85,31.21,32.52,84.94,100.03,Mymensingh
2025-05-19,28.09,25.04,31.44,47.79,84.85,100.0,Mymensingh
2025-05-20,28.24,25.75,31.57,54.93,87.18,99.8,Mymensingh
2025-05-21,27.67,25.46,30.56,24.2,90.46,99.92,Mymensingh
2025-05-22,27.18,25.4,29.25,22.09,87.64,99.84,Mymensingh
2025-05-23,27.83,24.41,30.5,4.65,83.89,99.68,Mymensingh
2025-05-24,28.36,25.48,31.73,10.94,86.37,99.69,Mymensingh
2025-05-25,28.55,25.49,32.07,23.69,84.72,99.79,Mymensingh
2025-05-26,26.86,25.57,28.53,26.7,91.22,99.69,Mymensingh
2025-05-27,29.23,24.56,33.72,3.26,80.27,99.4,Mymensingh
2025-05-28,28.57,25.96,31.89,16.75,86.75,99.18,Mymensingh
2025-05-29,27.19,25.37,29.63,92.26,91.36,98.93,Mymensingh
2025-05-30,26.1,24.8,28.01,99.67,94.55,98.49,Mymensingh
2025-05-31,27.57,24.59,29.61,91.05,95.19,99.32,Mymensingh
2025-06-01,28.58,25.98,31.51,51.04,92.13,99.28,Mymensingh
2025-06-02,28.9,25.66,32.83,24.63,88.14,99.32,Mymensingh
2025-06-03,27.96,25.19,30.97,26.6,90.55,99.56,Mymensingh
2025-06-04,27.31,25.32,30.22,39.92,90.57,99.86,Mymensingh
2025-06-05,28.24,25.41,30.93,18.68,83.82,99.95,Mymensingh
2025-06-06,28.34,24.32,31.79,16.52,81.99,99.94,Mymensingh
2025-06-07,28.94,25.16,32.27,12.71,78.35,99.87,Mymensingh
2025-06-08,29.13,25.14,32.85,0.12,78.46,99.73,Mymensingh
2025-06-09,29.6,25.35,32.95,10.18,78.78,99.59,Mymensingh
2025-06-10,30.63,26.81,34.07,2.38,79.73,99.52,Mymensingh
2025-06-11,28.56,26.77,30.45,7.28,90.31,99.65,Mymensingh
2025-06-12,29.63,26.37,32.88,0.68,85.51,99.63,Mymensingh
2025-06-13,29.86,26.93,33.04,14.29,84.88,99.61,Mymensingh
2025-06-14,29.08,27.11,32.11,7.59,88.98,99.44,Mymensingh
2025-06-15,28.19,26.22,31.02,12.91,90.52,99.48,Mymensingh
2025-06-16,27.9,25.61,31.08,6.63,89.77,99.42,Mymensingh
2025-06-17,27.88,25.54,30.15,14.37,90.72,99.31,Mymensingh
2025-06-18,27.85,26.05,29.89,25.45,91.27,99.13,Mymensingh
2025-06-19,27.51,26.12,29.59,25.93,92.27,99.27,Mymensingh
2025-06-20,28.36,25.86,31.44,18.46,90.04,99.46,Mymensingh
2025-06-21,28.91,26.03,32.33,18.67,89.49,99.45,Mymensingh
2025-06-22,28.0,25.98,30.2,14.96,91.53,99.44,Mymensingh
2025-06-23,27.54,25.53,29.37,20.56,93.43,99.28,Mymensingh
2025-06-24,28.24,25.53,31.2,15.26,89.92,99.24,Mymensingh
2025-06-25,27.86,26.06,30.32,23.1,91.66,99.5,Mymensingh
2025-06-26,28.26,25.78,30.97,10.02,90.22,99.71,Mymensingh
2025-06-27,28.39,25.32,31.85,4.55,90.02,99.56,Mymensingh
2025-06-28,27.92,24.98,31.12,3.49,89.64,99.33,Mymensingh
2025-06-29,27.94,25.12,31.53,11.18,91.09,99.1,Mymensingh
2025-06-30,28.39,25.46,31.85,10.55,90.12,99.15,Mymensingh
2025-07-01,28.67,25.92,31.73,11.15,88.34,99.32,Mymensingh
2025-07-02,28.49,26.0,31.69,5.47,90.11,99.4,Mymensingh
2025-07-03,28.52,26.03,31.48,6.43,89.91,99.49,Mymensingh
2025-07-04,28.03,26.05,30.91,14.52,91.46,99.41,Mymensingh
2025-07-05,27.55,25.78,29.76,13.4,92.64,99.29,Mymensingh
2025-07-06,27.18,25.56,29.55,12.61,92.39,99.29,Mymensingh
2025-07-07,27.14,25.23,29.75,12.92,90.26,99.25,Mymensingh
2025-07-08,26.7,24.53,29.14,26.36,92.74,99.31,Mymensingh
2025-07-09,27.21,25.2,30.31,26.83,91.93,99.55,Mymensingh
2025-07-10,27.08,25.1,29.99,17.19,91.48,99.64,Mymensingh
2025-07-11,28.17,24.52,31.81,2.84,87.93,99.5,Mymensingh
2025-07-12,29.44,25.9,32.27,0.68,84.48,99.48,Mymensingh
2025-07-13,29.07,26.92,31.61,8.39,87.3,99.49,Mymensingh
2025-07-14,27.76,26.08,30.14,37.55,91.71,99.51,Mymensingh
2025-07-15,27.55,25.53,29.92,14.74,91.93,99.56,Mymensingh
2025-07-16,28.02,25.24,31.35,59.35,90.0,99.72,Mymensingh
2025-07-17,27.68,25.64,30.39,39.92,90.92,99.83,Mymensingh
2025-07-18,28.78,25.5,32.16,1.18,87.33,99.63,Mymensingh
2025-07-19,28.54,26.45,31.59,7.3,91.26,99.26,Mymensingh
2025-07-20,28.9,26.51,31.35,29.45,85.7,99.3,Mymensingh
2025-07-21,29.6,25.64,33.22,7.42,81.78,99.36,Mymensingh
2025-07-22,29.66,27.23,33.06,6.64,81.0,99.23,Mymensingh
2025-07-23,30.4,26.79,33.55,7.92,82.43,98.91,Mymensingh
2025-07-24,30.56,27.71,34.99,18.36,86.42,98.67,Mymensingh
2025-07-25,29.15,26.47,32.92,21.09,90.06,98.82,Mymensingh
2025-07-26,28.61,25.76,32.03,24.35,90.65,99.21,Mymensingh
2025-07-27,28.73,26.2,31.78,39.87,90.38,99.19,Mymensingh
2025-07-28,28.43,26.21,31.69,17.92,91.05,99.25,Mymensingh
2025-07-29,28.15,25.71,31.33,12.01,90.63,99.33,Mymensingh
2025-07-30,27.73,25.29,30.94,23.65,90.26,99.47,Mymensingh
2025-07-31,27.84,24.88,31.25,35.18,91.16,99.38,Mymensingh
2025-08-01,28.14,25.49,31.07,18.64,92.08,99.38,Mymensingh
2025-08-02,28.01,26.41,30.32,28.28,93.7,99.56,Mymensingh
2025-08-03,28.0,26.07,30.43,46.75,91.18,99.84,Mymensingh
2025-08-04,28.12,25.68,31.02,56.37,91.79,99.87,Mymensingh
2025-08-05,27.37,25.28,30.06,27.28,90.93,99.93,Mymensingh
2025-08-06,27.78,24.99,31.08,27.61,89.57,99.75,Mymensingh
2025-08-07,27.88,25.16,30.93,7.74,91.06,99.63,Mymensingh
2025-08-08,26.9,24.79,29.61,33.37,93.18,99.91,Mymensingh
2025-08-09,27.23,23.91,30.96,22.28,90.86,100.08,Mymensingh
2025-08-10,27.98,25.43,30.8,21.6,91.83,99.87,Mymensingh
2025-08-11,28.12,25.96,30.89,10.54,90.82,99.73,Mymensingh
2025-08-12,28.42,26.65,31.13,24.31,91.82,99.56,Mymensingh
2025-08-13,26.85,25.46,28.23,23.7,91.32,99.83,Mymensingh
2025-08-14,27.01,24.64,29.93,6.01,89.13,99.9,Mymensingh
2025-08-15,27.75,24.41,31.16,9.97,88.66,99.68,Mymensingh
2025-08-16,28.83,25.03,32.65,11.58,86.3,99.54,Mymensingh
2025-08-17,28.84,26.74,30.97,1.68,87.24,99.68,Mymensingh
2025-08-18,28.23,25.36,30.91,20.8,87.57,99.86,Mymensingh
2025-08-19,27.8,25.5,30.52,13.84,90.69,99.88,Mymensingh
2025-08-20,27.65,25.31,30.71,19.03,91.63,99.84,Mymensingh
2025-08-21,27.52,25.32,30.39,18.02,92.26,99.78,Mymensingh
2025-08-22,27.04,25.33,29.46,12.09,93.87,99.53,Mymensingh
2025-08-23,27.42,25.19,30.49,14.44,91.99,99.52,Mymensingh
2025-08-24,27.56,25.15,30.43,9.1,90.87,99.76,Mymensingh
2025-08-25,27.65,25.14,30.21,3.62,87.91,99.78,Mymensingh
2025-08-26,28.26,25.23,31.26,8.65,86.73,99.73,Mymensingh
2025-08-27,27.81,24.93,30.4,16.13,88.47,99.75,Mymensingh
2025-08-28,27.51,25.1,30.37,27.2,91.01,99.81,Mymensingh
2025-08-29,27.56,25.19,30.3,20.3,90.25,99.96,Mymensingh
2025-08-30,27.82,25.38,30.19,5.41,87.89,100.02,Mymensingh
2025-08-31,28.46,25.26,31.79,5.75,85.66,99.77,Mymensingh
2025-09-01,29.81,25.6,33.37,3.27,83.55,99.42,Mymensingh
2025-09-02,28.44,26.26,31.16,14.55,86.88,99.62,Mymensingh
2025-09-03,28.54,25.67,31.66,6.15,86.16,99.78,Mymensingh
2025-09-04,27.56,25.25,30.16,1.92,88.39,99.92,Mymensingh
2025-09-05,27.89,25.15,31.08,7.98,87.95,99.94,Mymensingh
2025-09-06,27.53,25.27,30.21,11.83,88.67,99.99,Mymensingh
2025-09-07,28.07,25.22,31.35,13.0,88.8,99.92,Mymensingh
2025-09-08,28.18,25.78,31.47,5.55,86.54,99.91,Mymensingh
2025-09-09,28.12,25.32,30.96,11.19,88.47,99.93,Mymensingh
2025-09-10,28.12,25.74,31.03,2.71,90.71,99.82,Mymensingh
2025-09-11,28.34,25.46,31.67,5.43,88.95,99.86,Mymensingh
2025-09-12,27.49,26.0,29.91,13.23,89.98,100.01,Mymensingh
2025-09-13,27.51,24.84,30.96,9.09,89.84,100.1,Mymensingh
2025-09-14,26.5,24.87,28.41,71.25,93.82,100.11,Mymensingh
2025-09-15,26.68,24.27,29.77,25.15,90.66,100.08,Mymensingh
2025-09-16,26.54,24.45,29.04,58.02,91.38,100.11,Mymensingh
2025-09-17,27.03,24.06,30.42,7.29,89.82,100.08,Mymensingh
2025-09-18,27.52,24.79,30.54,18.88,90.54,99.99,Mymensingh
2025-09-19,28.16,25.35,31.33,13.9,88.71,99.94,Mymensingh
2025-09-20,28.44,24.97,32.15,1.74,84.8,99.75,Mymensingh
2025-09-21,28.08,25.9,31.38,5.52,87.4,99.67,Mymensingh
2025-09-22,27.99,25.8,31.86,9.74,90.04,99.75,Mymensingh
2025-09-23,27.32,24.53,30.06,2.57,90.56,99.74,Mymensingh
2025-09-24,27.47,24.98,30.4,2.52,91.35,99.58,Mymensingh
2025-09-25,27.94,25.96,30.39,0.95,88.85,99.54,Mymensingh
2025-09-26,28.42,25.47,31.88,0.72,88.53,99.8,Mymensingh
2025-09-27,27.83,25.45,30.93,6.35,88.27,100.17,Mymensingh
2025-09-28,28.53,25.0,31.9,5.54,83.38,100.03,Mymensingh
2025-09-29,28.9,24.99,32.7,1.71,82.42,99.82,Mymensingh
2025-09-30,29.03,25.71,33.08,11.99,84.91,99.57,Mymensingh
2025-10-01,27.12,25.59,29.04,20.11,92.12,99.77,Mymensingh
2025-10-02,26.49,24.96,28.38,29.35,95.19,100.23,Mymensingh
2025-10-03,26.61,24.63,28.98,15.86,93.06,100.38,Mymensingh
2025-10-04,26.96,24.97,29.62,16.91,92.34,100.28,Mymensingh
2025-10-05,26.62,24.28,29.37,18.45,92.5,100.21,Mymensingh
2025-10-06,26.64,25.08,28.82,32.52,84.99,100.25,Mymensingh
2025-10-07,26.84,23.11,30.61,3.67,78.97,100.25,Mymensingh
2025-10-08,26.78,23.07,30.15,32.82,83.99,100.26,Mymensingh
2025-10-09,26.71,23.73,29.97,1.32,84.22,100.29,Mymensingh
2025-10-10,26.96,23.35,31.21,4.52,80.71,100.19,Mymensingh
2025-10-11,26.9,24.09,30.36,11.5,80.75,100.2,Mymensingh
2025-10-12,25.61,21.83,29.76,0.09,84.29,100.28,Mymensingh
2025-10-13,25.55,21.51,30.12,0.01,84.22,100.36,Mymensingh
2025-10-14,25.98,21.22,31.05,0.0,83.73,100.24,Mymensingh
2025-10-15,26.06,22.05,30.58,0.0,84.67,100.17,Mymensingh
2025-10-16,26.66,22.5,31.49,0.0,83.94,100.25,Mymensingh
2025-10-17,26.66,22.53,31.46,0.0,82.88,100.4,Mymensingh
2025-10-18,26.62,22.56,31.83,0.01,79.4,100.37,Mymensingh
2025-10-19,26.5,21.73,31.98,0.0,74.47,100.3,Mymensingh
2025-10-20,26.38,21.22,32.24,0.0,73.89,100.32,Mymensingh
2025-10-21,26.59,21.73,31.78,0.0,72.67,100.42,Mymensingh
2025-10-22,27.05,22.57,32.02,0.0,77.71,100.42,Mymensingh
2025-10-23,26.81,23.37,31.03,0.0,80.66,100.38,Mymensingh
2025-10-24,25.99,22.89,29.84,0.33,80.64,100.36,Mymensingh
2025-10-25,25.44,21.05,29.66,0.01,78.98,100.4,Mymensingh
2025-10-26,25.56,21.94,30.38,0.01,76.9,100.46,Mymensingh
2025-10-27,26.05,21.82,30.97,0.34,74.66,100.53,Mymensingh
2025-10-28,26.64,21.95,31.65,0.0,67.61,100.46,Mymensingh
2025-10-29,26.07,22.05,30.94,0.87,74.21,100.44,Mymensingh
2025-10-30,26.26,22.87,30.52,21.45,80.45,100.47,Mymensingh
2025-10-31,26.42,23.56,29.55,12.92,84.8,100.35,Mymensingh
2025-11-01,25.9,24.04,29.06,29.37,90.88,100.15,Mymensingh
2025-11-02,25.67,23.36,28.85,27.36,91.23,100.08,Mymensingh
2025-11-03,24.3,20.91,28.87,1.15,87.32,100.17,Mymensingh
2025-11-04,25.01,19.89,30.85,0.23,83.86,100.07,Mymensingh
2025-11-05,25.03,20.88,29.43,3.67,83.99,99.9,Mymensingh
2025-11-06,24.97,21.37,29.37,5.28,84.33,100.15,Mymensingh
2025-11-07,24.05,20.22,29.21,0.08,84.54,100.38,Mymensingh
2025-11-08,23.54,19.47,29.59,0.0,81.41,100.45,Mymensingh
2025-11-09,23.01,18.04,28.1,0.0,77.01,100.34,Mymensingh
2025-11-10,22.12,17.29,28.1,0.0,80.49,100.4,Mymensingh
2025-11-11,20.98,16.92,26.67,0.0,83.39,100.47,Mymensingh
2025-11-12,20.64,15.83,26.92,0.0,77.7,100.6,Mymensingh
2025-11-13,20.93,15.73,26.27,0.0,74.9,100.74,Mymensingh
2025-11-14,21.56,16.29,26.62,0.0,73.34,100.71,Mymensingh
2025-11-15,20.92,15.36,26.64,0.0,73.52,100.84,Mymensingh
2025-11-16,20.95,16.2,26.0,0.0,74.19,100.96,Mymensingh
2025-11-17,21.49,16.22,26.85,0.0,77.12,100.94,Mymensingh
2025-11-18,21.73,17.34,27.03,0.0,76.72,100.8,Mymensingh
2025-11-19,21.69,18.02,27.07,0.0,74.23,100.78,Mymensingh
2025-11-20,20.64,16.91,25.46,0.0,71.41,100.87,Mymensingh
2025-11-21,20.06,16.48,24.72,0.0,70.6,100.93,Mymensingh
2025-11-22,19.74,14.96,24.8,0.0,75.34,100.83,Mymensingh
2025-11-23,19.18,15.26,24.46,0.0,80.63,100.88,Mymensingh
2025-11-24,18.58,13.37,25.16,0.0,81.36,100.93,Mymensingh
2025-11-25,19.51,14.39,25.3,0.0,77.38,100.79,Mymensingh
2025-11-26,20.27,15.44,25.58,0.0,72.77,100.9,Mymensingh
2025-11-27,20.54,14.61,26.16,0.0,76.05,101.0,Mymensingh
2025-11-28,20.15,15.37,25.49,0.0,79.59,100.85,Mymensingh
2025-11-29,20.04,15.94,25.6,0.0,76.24,100.68,Mymensingh
2025-11-30,19.95,15.73,25.58,0.0,80.48,100.65,Mymensingh
2025-12-01,19.42,16.38,23.48,0.0,84.14,100.68,Mymensingh
2025-12-02,18.69,14.91,23.84,0.0,80.69,100.67,Mymensingh
2025-12-03,18.51,13.55,24.55,0.0,80.39,100.82,Mymensingh
2025-12-04,18.78,13.57,25.04,0.0,80.36,100.9,Mymensingh
2025-12-05,18.68,13.73,24.91,0.0,76.71,101.0,Mymensingh
2025-12-06,18.46,13.53,24.69,0.0,76.23,100.96,Mymensingh
2025-12-07,18.02,13.12,23.54,0.0,79.4,100.96,Mymensingh
2025-12-08,18.06,15.05,22.26,0.0,79.03,100.87,Mymensingh
2025-12-09,18.77,13.66,24.06,0.0,72.82,100.81,Mymensingh
2025-12-10,19.33,13.98,25.46,0.0,70.46,100.88,Mymensingh
2025-12-11,18.58,12.88,23.87,0.0,69.24,100.82,Mymensingh
2025-12-12,18.14,12.3,23.9,0.0,70.61,100.82,Mymensingh
2025-12-13,18.94,12.95,25.17,0.0,70.11,100.89,Mymensingh
2025-12-14,19.26,13.81,24.71,0.0,70.95,100.94,Mymensingh
2025-12-15,19.34,14.89,24.9,0.0,71.47,100.87,Mymensingh
2025-12-16,19.72,15.49,25.13,0.0,70.22,100.78,Mymensingh
2025-12-17,18.86,13.89,24.66,0.0,74.03,100.92,Mymensingh
2025-12-18,18.96,13.33,25.16,0.0,74.01,100.91,Mymensingh
2025-12-19,18.68,13.69,23.88,0.0,76.18,100.72,Mymensingh
2025-12-20,18.12,14.0,23.68,0.01,79.22,100.73,Mymensingh
2025-12-21,18.25,13.24,23.99,0.01,76.32,100.88,Mymensingh
2025-12-22,18.13,13.0,23.89,0.0,74.91,100.79,Mymensingh
2025-12-23,17.56,13.67,23.32,0.0,79.16,100.63,Mymensingh
2025-12-24,17.17,13.42,23.01,0.0,80.19,100.68,Mymensingh
2025-12-25,16.58,11.82,22.18,0.0,79.96,100.82,Mymensingh
2025-12-26,16.7,11.51,22.82,0.0,77.02,100.8,Mymensingh
2025-12-27,16.52,11.42,22.61,0.0,78.19,100.79,Mymensingh
2025-12-28,16.12,12.08,22.4,0.0,80.88,100.87,Mymensingh
2025-12-29,15.42,10.7,22.17,0.0,83.55,100.84,Mymensingh
2025-12-30,14.05,10.25,19.85,0.07,85.74,100.74,Mymensingh
2025-12-31,14.42,8.48,21.03,0.02,81.35,100.63,Mymensingh
2021-12-01,19.62,13.55,26.09,0.0,79.84,101.26,Rajshahi
2021-12-02,20.7,14.47,26.64,0.0,76.59,101.21,Rajshahi
2021-12-03,21.25,15.62,26.19,0.08,77.42,101.34,Rajshahi
2021-12-04,20.93,16.46,25.4,0.58,84.62,101.3,Rajshahi
2021-12-05,20.81,17.66,24.41,0.95,90.35,101.3,Rajshahi
2021-12-06,20.59,18.46,23.15,14.72,93.54,101.05,Rajshahi
2021-12-07,21.04,16.31,25.73,1.33,83.21,101.15,Rajshahi
2021-12-08,20.85,15.83,26.12,0.16,82.67,101.38,Rajshahi
2021-12-09,20.33,15.07,26.61,0.06,84.09,101.54,Rajshahi
2021-12-10,18.91,14.55,24.61,0.01,81.06,101.49,Rajshahi
2021-12-11,17.59,12.64,24.03,0.2,78.69,101.53,Rajshahi
2021-12-12,16.22,11.41,23.06,0.0,79.38,101.65,Rajshahi
2021-12-13,16.2,10.2,22.58,0.0,81.43,101.5,Rajshahi
2021-12-14,16.31,10.51,23.05,0.0,80.45,101.37,Rajshahi
2021-12-15,16.17,10.93,22.26,0.0,79.51,101.33,Rajshahi
2021-12-16,16.5,11.38,22.24,0.0,80.85,101.4,Rajshahi
2021-12-17,17.1,10.1,23.72,0.0,71.04,101.37,Rajshahi
2021-12-18,17.13,12.09,23.95,0.0,78.29,101.32,Rajshahi
2021-12-19,13.48,8.68,20.49,0.0,76.96,101.46,Rajshahi
2021-12-20,12.07,5.11,20.16,0.0,77.78,101.48,Rajshahi
2021-12-21,14.55,7.72,21.68,0.0,83.47,101.33,Rajshahi
2021-12-22,16.17,10.79,22.09,0.0,78.11,101.17,Rajshahi
2021-12-23,16.21,10.34,23.14,0.0,78.36,101.19,Rajshahi
2021-12-24,16.8,10.72,22.76,0.0,79.41,101.25,Rajshahi
2021-12-25,18.26,12.24,23.34,0.0,75.03,101.3,Rajshahi
2021-12-26,18.56,13.5,23.74,0.0,75.98,101.5,Rajshahi
2021-12-27,18.47,14.1,22.79,0.0,76.22,101.6,Rajshahi
2021-12-28,17.9,13.36,23.25,0.08,81.33,101.55,Rajshahi
2021-12-29,17.24,12.89,22.74,0.24,85.02,101.57,Rajshahi
2021-12-30,17.02,13.98,23.19,0.58,83.94,101.78,Rajshahi
2021-12-31,16.37,11.37,23.12,0.12,83.38,101.81,Rajshahi
2022-01-01,16.14,11.53,22.72,0.0,81.98,101.74,Rajshahi
2022-01-02,15.81,10.13,22.24,0.0,83.38,101.58,Rajshahi
2022-01-03,16.11,11.04,22.59,0.0,81.15,101.45,Rajshahi
2022-01-04,14.89,9.01,21.96,0.0,77.96,101.53,Rajshahi
2022-01-05,15.53,8.64,22.46,0.0,76.97,101.45,Rajshahi
2022-01-06,17.01,10.4,23.69,0.0,74.59,101.39,Rajshahi
2022-01-07,17.6,11.7,23.82,0.0,75.87,101.46,Rajshahi
2022-01-08,18.21,12.5,24.53,0.0,81.82,101.43,Rajshahi
2022-01-09,19.66,14.03,25.39,0.0,76.84,101.22,Rajshahi
2022-01-10,20.09,14.78,25.54,0.0,76.6,101.26,Rajshahi
2022-01-11,19.44,15.2,24.68,2.31,85.66,101.29,Rajshahi
2022-01-12,18.55,14.85,23.01,5.82,86.68,101.24,Rajshahi
2022-01-13,17.4,13.6,22.62,4.35,81.71,101.37,Rajshahi
2022-01-14,15.37,10.3,20.02,4.41,75.78,101.46,Rajshahi
2022-01-15,15.69,10.03,22.39,0.02,75.5,101.42,Rajshahi
2022-01-16,14.72,8.97,22.05,0.02,79.4,101.6,Rajshahi
2022-01-17,14.37,8.04,21.86,0.0,80.29,101.66,Rajshahi
2022-01-18,15.94,9.8,23.1,0.0,80.15,101.4,Rajshahi
2022-01-19,16.33,10.93,23.06,0.0,79.57,101.17,Rajshahi
2022-01-20,15.46,10.33,21.3,0.0,71.42,100.93,Rajshahi
2022-01-21,16.81,11.53,23.06,0.0,66.5,100.96,Rajshahi
2022-01-22,16.95,11.49,22.75,0.2,76.58,100.88,Rajshahi
2022-01-23,17.63,12.7,23.19,1.33,83.22,100.88,Rajshahi
2022-01-24,18.2,14.08,22.77,1.04,83.0,100.92,Rajshahi
2022-01-25,18.56,14.03,23.03,0.47,78.25,100.95,Rajshahi
2022-01-26,17.02,12.76,21.74,0.78,80.97,101.07,Rajshahi
2022-01-27,14.82,9.53,21.52,0.07,70.94,101.18,Rajshahi
2022-01-28,13.77,8.26,20.33,0.13,72.17,101.34,Rajshahi
2022-01-29,13.43,7.51,20.49,0.0,72.54,101.35,Rajshahi
2022-01-30,14.03,7.52,21.64,0.0,69.45,101.05,Rajshahi
2022-01-31,15.35,8.05,23.06,0.0,72.06,100.98,Rajshahi
2022-02-01,16.28,9.38,23.79,0.0,70.25,100.8,Rajshahi
2022-02-02,17.5,11.14,24.65,0.0,64.57,101.02,Rajshahi
2022-02-03,18.04,11.51,24.86,0.28,73.44,101.04,Rajshahi
2022-02-04,18.28,14.12,22.13,33.28,92.81,100.75,Rajshahi
2022-02-05,15.35,10.16,21.27,0.52,74.98,100.96,Rajshahi
2022-02-06,14.27,7.67,20.73,3.42,71.07,101.4,Rajshahi
2022-02-07,16.05,10.21,21.77,0.14,61.95,101.38,Rajshahi
2022-02-08,16.8,9.08,22.68,0.0,61.94,101.23,Rajshahi
2022-02-09,18.17,10.52,24.39,0.0,64.57,101.3,Rajshahi
2022-02-10,17.35,12.73,21.54,5.28,82.31,101.17,Rajshahi
2022-02-11,17.28,12.34,23.6,0.51,73.73,101.18,Rajshahi
2022-02-12,16.61,8.78,23.45,0.04,60.1,101.18,Rajshahi
2022-02-13,17.74,11.61,23.94,0.0,59.69,101.1,Rajshahi
2022-02-14,17.66,9.9,24.3,0.0,61.55,101.05,Rajshahi
2022-02-15,18.3,10.94,25.26,0.0,55.62,100.97,Rajshahi
2022-02-16,17.96,10.26,24.93,0.0,57.97,100.78,Rajshahi
2022-02-17,18.06,10.78,26.35,0.0,63.44,100.77,Rajshahi
2022-02-18,18.4,10.95,26.4,0.0,55.91,100.94,Rajshahi
2022-02-19,18.12,10.55,27.08,0.0,61.32,100.94,Rajshahi
2022-02-20,18.34,12.58,25.64,0.99,71.72,100.61,Rajshahi
2022-02-21,18.9,13.22,26.57,1.06,68.88,100.7,Rajshahi
2022-02-22,19.28,12.15,26.55,0.01,62.51,101.18,Rajshahi
2022-02-23,21.06,13.7,27.99,0.07,65.92,101.39,Rajshahi
2022-02-24,21.76,14.86,29.14,0.1,68.59,101.32,Rajshahi
2022-02-25,22.79,18.01,28.59,2.38,74.87,101.3,Rajshahi
2022-02-26,22.92,16.93,28.99,1.58,69.28,101.4,Rajshahi
2022-02-27,23.06,16.28,29.31,1.24,63.23,101.28,Rajshahi
2022-02-28,22.92,17.3,30.4,1.09,69.38,101.14,Rajshahi
2022-03-01,22.71,15.35,30.04,0.33,56.61,101.29,Rajshahi
2022-03-02,23.14,16.1,29.89,0.0,52.13,101.26,Rajshahi
2022-03-03,22.72,15.33,30.62,0.0,51.0,101.2,Rajshahi
2022-03-04,22.45,14.55,31.44,0.0,53.69,101.05,Rajshahi
2022-03-05,22.85,14.78,32.23,0.0,57.15,100.93,Rajshahi
2022-03-06,23.94,16.24,31.58,0.0,49.28,101.0,Rajshahi
2022-03-07,23.94,14.94,32.65,0.0,48.95,100.99,Rajshahi
2022-03-08,24.53,16.04,33.01,0.0,52.95,100.83,Rajshahi
2022-03-09,24.31,15.5,33.59,0.0,47.19,100.82,Rajshahi
2022-03-10,24.5,15.86,33.36,0.0,46.1,100.78,Rajshahi
2022-03-11,24.95,15.89,33.48,0.0,45.25,100.74,Rajshahi
2022-03-12,25.25,16.66,33.73,0.0,47.04,100.68,Rajshahi
2022-03-13,25.85,17.18,33.94,0.0,42.91,100.76,Rajshahi
2022-03-14,26.34,17.28,34.66,0.0,43.59,100.68,Rajshahi
2022-03-15,26.74,17.23,35.97,0.0,42.38,100.44,Rajshahi
2022-03-16,27.07,18.79,36.32,0.0,48.81,100.32,Rajshahi
2022-03-17,27.72,19.15,36.68,0.0,56.01,100.47,Rajshahi
2022-03-18,28.17,20.15,37.36,0.0,53.71,100.5,Rajshahi
2022-03-19,28.69,20.83,37.9,0.0,47.27,100.31,Rajshahi
2022-03-20,28.26,20.65,37.29,0.0,46.06,100.21,Rajshahi
2022-03-21,28.66,20.87,37.2,0.0,56.35,100.33,Rajshahi
2022-03-22,29.49,22.11,37.81,0.0,55.42,100.37,Rajshahi
2022-03-23,30.02,23.36,38.52,0.12,49.73,100.35,Rajshahi
2022-03-24,28.33,20.67,38.02,1.43,48.55,100.25,Rajshahi
2022-03-25,29.2,22.25,37.76,0.0,56.22,100.27,Rajshahi
2022-03-26,30.18,23.59,39.57,0.0,52.07,100.39,Rajshahi
2022-03-27,28.88,19.89,37.86,0.0,46.17,100.64,Rajshahi
2022-03-28,28.57,21.57,37.19,0.11,50.62,100.53,Rajshahi
2022-03-29,28.58,20.62,37.0,0.04,56.34,100.37,Rajshahi
2022-03-30,29.42,22.44,36.84,0.15,57.88,100.44,Rajshahi
2022-03-31,30.62,24.01,38.01,0.1,59.78,100.44,Rajshahi
2022-04-01,31.19,24.15,38.54,0.19,59.79,100.43,Rajshahi
2022-04-02,30.97,25.16,37.6,0.3,60.03,100.65,Rajshahi
2022-04-03,30.84,25.07,37.48,1.54,59.19,100.57,Rajshahi
2022-04-04,30.86,24.65,39.4,2.52,56.47,100.53,Rajshahi
2022-04-05,30.46,23.85,39.23,2.53,59.24,100.76,Rajshahi
2022-04-06,30.62,23.01,39.3,0.1,56.13,100.77,Rajshahi
2022-04-07,30.99,23.29,39.53,0.02,53.36,100.74,Rajshahi
2022-04-08,31.29,23.29,39.9,0.04,49.14,100.55,Rajshahi
2022-04-09,31.21,23.57,39.69,0.03,44.99,100.41,Rajshahi
2022-04-10,31.78,23.63,40.51,0.41,50.91,100.31,Rajshahi
2022-04-11,31.9,25.14,39.66,0.28,50.43,100.23,Rajshahi
2022-04-12,32.23,25.02,39.8,0.1,51.51,100.27,Rajshahi
2022-04-13,33.19,26.07,41.45,0.61,50.43,100.08,Rajshahi
2022-04-14,33.53,26.87,42.12,0.27,46.8,99.91,Rajshahi
2022-04-15,33.55,25.99,42.83,1.09,38.51,99.87,Rajshahi
2022-04-16,33.0,24.98,41.08,0.54,43.75,99.94,Rajshahi
2022-04-17,34.07,25.91,41.73,0.04,42.81,100.03,Rajshahi
2022-04-18,33.66,26.36,41.52,0.56,45.53,100.28,Rajshahi
2022-04-19,33.27,26.61,41.14,0.89,49.36,100.41,Rajshahi
2022-04-20,29.87,25.31,35.57,20.94,64.64,100.46,Rajshahi
2022-04-21,29.25,23.66,34.86,4.16,65.82,100.5,Rajshahi
2022-04-22,31.69,25.72,38.0,2.07,56.68,100.41,Rajshahi
2022-04-23,32.82,25.74,41.36,1.65,45.26,100.28,Rajshahi
2022-04-24,32.01,23.61,41.61,1.79,39.89,100.09,Rajshahi
2022-04-25,32.75,23.22,42.74,0.0,37.84,100.07,Rajshahi
2022-04-26,32.73,24.04,42.48,0.0,41.18,100.13,Rajshahi
2022-04-27,33.18,25.39,42.48,0.43,45.96,100.15,Rajshahi
2022-04-28,33.22,26.27,41.18,1.11,50.66,100.29,Rajshahi
2022-04-29,33.66,26.0,41.75,2.36,51.81,100.2,Rajshahi
2022-04-30,33.2,27.17,40.85,4.53,51.63,100.15,Rajshahi
2022-05-01,32.64,25.8,40.03,0.93,49.23,100.13,Rajshahi
2022-05-02,32.73,26.73,39.66,1.44,48.76,100.15,Rajshahi
2022-05-03,29.2,26.25,32.57,26.87,68.08,100.37,Rajshahi
2022-05-04,29.24,24.08,34.34,4.2,66.66,100.49,Rajshahi
2022-05-05,30.16,25.08,35.59,1.74,61.63,100.4,Rajshahi
2022-05-06,29.5,24.9,34.6,14.33,67.85,100.34,Rajshahi
2022-05-07,30.2,25.44,35.31,3.29,62.55,100.34,Rajshahi
2022-05-08,31.2,25.38,36.99,0.37,57.23,100.25,Rajshahi
2022-05-09,30.94,25.68,36.86,0.72,59.68,100.29,Rajshahi
2022-05-10,28.78,25.36,33.11,14.54,75.03,100.34,Rajshahi
2022-05-11,29.63,25.44,34.14,11.09,76.2,100.16,Rajshahi
2022-05-12,30.7,26.3,35.95,5.98,70.79,100.02,Rajshahi
2022-05-13,30.78,26.38,35.99,12.37,74.34,99.72,Rajshahi
2022-05-14,31.84,26.36,39.81,7.79,71.2,99.73,Rajshahi
2022-05-15,31.28,26.99,37.43,8.1,73.78,100.01,Rajshahi
2022-05-16,31.15,26.94,37.42,3.28,71.66,99.98,Rajshahi
2022-05-17,30.89,26.54,37.0,12.74,71.05,99.89,Rajshahi
2022-05-18,30.26,27.44,34.49,14.22,78.55,100.03,Rajshahi
2022-05-19,31.22,26.74,37.76,7.37,70.86,100.03,Rajshahi
2022-05-20,30.76,26.58,36.23,13.88,73.01,99.88,Rajshahi
2022-05-21,30.22,26.21,35.23,26.51,78.69,99.61,Rajshahi
2022-05-22,30.05,25.37,35.84,14.77,75.02,99.58,Rajshahi
2022-05-23,29.69,25.9,34.01,1.97,74.64,99.73,Rajshahi
2022-05-24,30.18,25.49,34.66,6.19,73.39,100.08,Rajshahi
2022-05-25,30.46,26.51,34.79,6.98,71.27,100.14,Rajshahi
2022-05-26,30.51,25.29,35.72,2.3,66.83,100.0,Rajshahi
2022-05-27,29.92,25.42,35.05,7.08,69.55,99.83,Rajshahi
2022-05-28,29.77,25.4,34.64,8.53,70.6,99.79,Rajshahi
2022-05-29,29.37,26.07,32.95,19.38,80.03,99.84,Rajshahi
2022-05-30,29.84,25.81,34.38,1.36,76.58,99.84,Rajshahi
2022-05-31,29.65,26.11,33.75,1.17,77.63,99.79,Rajshahi
2022-06-01,29.2,26.39,32.41,3.53,81.72,99.82,Rajshahi
2022-06-02,30.08,26.32,34.49,0.37,75.56,99.83,Rajshahi
2022-06-03,30.52,26.18,35.59,2.88,74.55,99.8,Rajshahi
2022-06-04,29.94,26.81,33.94,5.46,77.17,99.88,Rajshahi
2022-06-05,30.29,26.08,35.95,1.29,74.07,99.94,Rajshahi
2022-06-06,30.31,26.28,35.38,8.27,75.62,99.87,Rajshahi
2022-06-07,30.52,26.1,35.3,9.39,74.75,99.8,Rajshahi
2022-06-08,30.16,26.61,34.41,6.11,78.68,99.75,Rajshahi
2022-06-09,29.5,26.89,33.03,13.68,84.71,99.72,Rajshahi
2022-06-10,30.02,26.48,34.86,3.84,74.78,99.77,Rajshahi
2022-06-11,30.25,25.7,35.52,0.26,75.13,99.79,Rajshahi
2022-06-12,30.64,26.47,35.83,2.11,75.65,99.89,Rajshahi
2022-06-13,31.88,27.0,38.13,2.35,71.31,99.91,Rajshahi
2022-06-14,31.4,27.43,37.11,4.51,74.07,99.87,Rajshahi
2022-06-15,29.75,27.29,33.7,2.64,80.18,99.91,Rajshahi
2022-06-16,29.8,27.09,34.51,6.84,78.35,99.99,Rajshahi
2022-06-17,28.78,26.88,32.5,20.9,84.69,100.03,Rajshahi
2022-06-18,28.88,26.34,32.36,11.1,81.9,100.03,Rajshahi
2022-06-19,28.99,26.03,33.16,8.04,79.89,99.96,Rajshahi
2022-06-20,28.69,26.03,32.36,14.46,82.66,99.81,Rajshahi
2022-06-21,28.45,25.95,31.3,3.67,84.18,99.73,Rajshahi
2022-06-22,29.11,25.73,33.07,2.03,78.47,100.09,Rajshahi
2022-06-23,29.41,25.07,33.98,0.64,76.71,100.15,Rajshahi
2022-06-24,29.46,26.07,33.36,0.79,78.67,100.04,Rajshahi
2022-06-25,29.62,25.84,33.7,3.15,79.38,99.91,Rajshahi
2022-06-26,29.63,26.36,34.08,3.13,78.89,100.09,Rajshahi
2022-06-27,30.04,26.19,34.63,0.61,76.21,100.16,Rajshahi
2022-06-28,29.14,26.49,32.72,4.12,79.85,100.03,Rajshahi
2022-06-29,28.41,25.91,31.5,1.9,84.38,99.95,Rajshahi
2022-06-30,28.26,26.25,30.73,8.45,86.15,99.91,Rajshahi
2022-07-01,29.81,25.97,34.24,6.35,81.35,99.75,Rajshahi
2022-07-02,29.46,27.03,33.56,4.56,80.48,99.66,Rajshahi
2022-07-03,29.16,25.78,32.73,4.77,83.21,99.72,Rajshahi
2022-07-04,29.14,26.68,31.94,2.78,84.53,99.71,Rajshahi
2022-07-05,30.22,26.84,34.65,0.38,78.45,99.78,Rajshahi
2022-07-06,29.62,26.51,33.62,2.42,81.59,100.08,Rajshahi
2022-07-07,30.39,26.25,35.41,0.17,76.7,100.16,Rajshahi
2022-07-08,30.31,26.75,34.86,0.13,76.17,99.97,Rajshahi
2022-07-09,30.09,26.1,35.05,0.19,74.4,99.86,Rajshahi
2022-07-10,30.17,25.92,34.59,0.9,76.69,99.78,Rajshahi
2022-07-11,29.68,26.1,33.9,0.71,78.55,99.88,Rajshahi
2022-07-12,30.22,26.19,34.81,0.28,76.42,99.77,Rajshahi
2022-07-13,30.7,26.62,35.57,0.25,75.48,99.58,Rajshahi
2022-07-14,29.72,26.77,33.55,0.65,80.42,99.64,Rajshahi
2022-07-15,30.36,26.87,34.75,5.59,77.36,99.86,Rajshahi
2022-07-16,30.61,26.39,35.43,1.15,76.08,99.94,Rajshahi
2022-07-17,31.03,26.74,36.04,0.51,75.22,100.08,Rajshahi
2022-07-18,31.1,26.49,36.56,0.23,70.54,100.02,Rajshahi
2022-07-19,31.17,26.76,36.44,1.15,71.21,99.82,Rajshahi
2022-07-20,30.65,27.03,35.47,4.17,74.35,99.85,Rajshahi
2022-07-21,30.16,26.72,34.79,5.53,77.83,99.98,Rajshahi
2022-07-22,30.0,27.25,33.55,3.89,82.27,100.08,Rajshahi
2022-07-23,29.49,26.87,33.13,7.06,81.52,100.1,Rajshahi
2022-07-24,28.1,26.21,30.63,10.21,86.42,100.23,Rajshahi
2022-07-25,27.99,25.6,31.61,14.32,82.47,100.51,Rajshahi
2022-07-26,28.34,25.1,32.28,6.51,80.07,100.57,Rajshahi
2022-07-27,29.38,25.35,33.86,6.41,76.87,100.44,Rajshahi
2022-07-28,29.13,25.97,32.96,14.99,79.83,100.43,Rajshahi
2022-07-29,29.76,25.06,34.18,6.74,77.09,100.31,Rajshahi
2022-07-30,29.55,26.87,33.06,5.78,83.34,100.13,Rajshahi
2022-07-31,28.37,27.1,30.18,21.22,91.49,99.94,Rajshahi
2022-08-01,28.66,26.76,30.88,22.69,89.56,99.96,Rajshahi
2022-08-02,29.48,25.86,33.17,12.89,83.02,99.96,Rajshahi
2022-08-03,28.48,26.24,31.19,3.09,86.13,100.11,Rajshahi
2022-08-04,28.96,25.79,32.67,13.93,84.54,100.12,Rajshahi
2022-08-05,29.72,26.19,33.59,2.22,82.19,99.93,Rajshahi
2022-08-06,28.69,26.67,31.53,2.43,87.33,99.78,Rajshahi
2022-08-07,29.75,25.96,33.88,2.66,82.01,99.7,Rajshahi
2022-08-08,28.75,26.5,31.92,2.05,86.0,99.58,Rajshahi
2022-08-09,29.04,25.91,32.68,1.37,81.97,99.64,Rajshahi
2022-08-10,28.36,26.0,31.68,1.01,85.55,99.6,Rajshahi
2022-08-11,28.15,25.66,31.09,4.63,86.61,99.83,Rajshahi
2022-08-12,29.33,24.65,33.97,3.12,80.43,99.82,Rajshahi
2022-08-13,29.51,26.03,33.67,1.7,82.63,99.68,Rajshahi
2022-08-14,28.44,25.9,32.41,6.23,85.12,99.94,Rajshahi
2022-08-15,28.35,25.81,31.91,5.66,85.39,100.31,Rajshahi
2022-08-16,29.47,25.52,33.85,2.02,79.96,100.25,Rajshahi
2022-08-17,30.6,25.87,34.58,0.09,75.79,100.03,Rajshahi
2022-08-18,31.65,27.86,34.91,1.41,73.99,99.72,Rajshahi
2022-08-19,29.69,27.12,32.75,19.9,81.6,99.77,Rajshahi
2022-08-20,28.63,25.94,32.23,10.1,84.46,99.91,Rajshahi
2022-08-21,28.73,25.3,32.62,10.68,84.16,99.93,Rajshahi
2022-08-22,29.42,25.7,33.44,1.16,81.19,99.89,Rajshahi
2022-08-23,28.93,26.6,31.73,26.51,85.78,100.11,Rajshahi
2022-08-24,28.38,25.13,32.26,6.0,85.59,100.27,Rajshahi
2022-08-25,28.76,25.04,33.09,1.27,82.78,100.18,Rajshahi
2022-08-26,29.37,25.29,34.05,0.0,79.66,100.02,Rajshahi
2022-08-27,28.64,25.78,31.64,1.11,85.9,99.97,Rajshahi
2022-08-28,28.92,25.75,32.84,4.33,84.3,100.22,Rajshahi
2022-08-29,28.64,25.99,32.31,10.7,84.71,100.5,Rajshahi
2022-08-30,28.31,26.03,32.47,7.96,82.87,100.55,Rajshahi
2022-08-31,28.85,25.09,32.96,16.98,85.66,100.33,Rajshahi
2022-09-01,28.33,26.56,31.38,16.31,89.52,100.37,Rajshahi
2022-09-02,28.6,26.16,32.17,8.57,87.45,100.43,Rajshahi
2022-09-03,29.14,26.16,32.74,15.42,86.55,100.15,Rajshahi
2022-09-04,28.77,26.68,31.78,12.57,88.8,100.13,Rajshahi
2022-09-05,27.76,26.23,29.51,6.52,91.76,100.23,Rajshahi
2022-09-06,27.43,25.71,29.9,24.93,92.54,100.35,Rajshahi
2022-09-07,28.5,25.03,32.09,7.97,86.17,100.48,Rajshahi
2022-09-08,28.97,26.34,32.27,6.31,85.55,100.55,Rajshahi
2022-09-09,28.96,25.72,32.7,6.37,86.14,100.49,Rajshahi
2022-09-10,28.11,25.68,31.02,5.03,87.35,100.4,Rajshahi
2022-09-11,27.4,25.97,29.63,13.41,89.64,100.28,Rajshahi
2022-09-12,27.03,25.77,28.53,29.48,94.43,100.19,Rajshahi
2022-09-13,27.42,26.07,29.31,45.95,93.73,100.29,Rajshahi
2022-09-14,26.95,25.63,28.48,22.48,93.73,100.47,Rajshahi
2022-09-15,26.53,25.39,28.3,21.42,93.39,100.28,Rajshahi
2022-09-16,26.72,24.85,28.83,14.94,93.66,100.02,Rajshahi
2022-09-17,28.24,25.29,31.63,6.93,88.49,100.04,Rajshahi
2022-09-18,29.17,26.22,32.25,0.77,85.08,100.13,Rajshahi
2022-09-19,28.62,26.35,32.07,1.38,87.12,100.23,Rajshahi
2022-09-20,28.15,25.81,31.5,1.52,89.06,100.22,Rajshahi
2022-09-21,28.29,25.69,31.65,0.84,88.84,100.27,Rajshahi
2022-09-22,28.28,25.25,31.7,0.88,87.89,100.32,Rajshahi
2022-09-23,27.83,25.53,30.89,1.26,88.58,100.35,Rajshahi
2022-09-24,27.35,25.6,29.84,0.54,90.15,100.3,Rajshahi
2022-09-25,27.58,24.98,29.92,4.16,87.16,100.4,Rajshahi
2022-09-26,28.2,24.79,31.2,0.57,82.39,100.46,Rajshahi
2022-09-27,26.67,25.17,28.66,4.31,91.5,100.34,Rajshahi
2022-09-28,27.66,24.72,31.21,2.89,87.32,100.26,Rajshahi
2022-09-29,28.47,25.39,31.96,5.75,81.33,100.25,Rajshahi
2022-09-30,28.73,24.76,32.8,0.18,81.42,100.22,Rajshahi
2022-10-01,28.86,25.4,32.41,0.66,83.51,100.12,Rajshahi
2022-10-02,27.19,25.8,29.24,3.32,93.07,100.08,Rajshahi
2022-10-03,27.31,25.1,30.45,15.13,89.7,100.29,Rajshahi
2022-10-04,26.94,25.39,29.03,12.03,92.65,100.63,Rajshahi
2022-10-05,27.65,24.99,31.1,5.23,87.89,100.74,Rajshahi
2022-10-06,27.41,24.49,31.09,2.82,88.26,100.77,Rajshahi
2022-10-07,27.12,24.54,30.76,1.8,87.32,100.76,Rajshahi
2022-10-08,27.22,23.86,30.76,1.21,87.67,100.76,Rajshahi
2022-10-09,27.18,24.05,31.24,1.19,87.53,100.89,Rajshahi
2022-10-10,27.29,24.48,31.19,2.17,87.91,100.91,Rajshahi
2022-10-11,27.1,24.94,30.62,3.83,89.95,100.72,Rajshahi
2022-10-12,26.45,24.87,28.64,26.82,91.95,100.76,Rajshahi
2022-10-13,26.5,24.53,29.42,12.37,88.22,100.78,Rajshahi
2022-10-14,26.56,23.86,30.29,3.25,85.87,100.76,Rajshahi
2022-10-15,25.23,21.48,30.05,0.5,82.19,100.77,Rajshahi
2022-10-16,25.17,20.61,30.49,0.01,82.9,100.94,Rajshahi
2022-10-17,25.22,20.93,30.33,1.14,84.68,100.95,Rajshahi
2022-10-18,25.23,20.63,30.6,0.0,84.48,100.87,Rajshahi
2022-10-19,24.46,20.92,29.14,0.0,85.39,100.9,Rajshahi
2022-10-20,24.37,20.07,30.01,0.0,82.49,101.02,Rajshahi
2022-10-21,24.92,19.6,30.61,0.0,84.62,101.11,Rajshahi
2022-10-22,25.47,20.96,31.17,0.0,82.31,101.11,Rajshahi
2022-10-23,25.27,19.94,31.61,0.72,84.62,100.91,Rajshahi
2022-10-24,23.91,21.41,26.41,29.09,92.38,100.45,Rajshahi
2022-10-25,23.44,18.8,28.42,4.71,83.56,100.55,Rajshahi
2022-10-26,24.62,19.9,28.82,9.32,78.57,101.06,Rajshahi
2022-10-27,24.64,20.53,29.58,0.01,71.48,101.06,Rajshahi
2022-10-28,23.03,17.79,28.51,0.0,76.87,101.01,Rajshahi
2022-10-29,23.52,18.16,28.78,0.0,82.35,100.99,Rajshahi
2022-10-30,24.27,18.77,29.45,0.0,77.56,100.97,Rajshahi
2022-10-31,24.22,18.97,29.65,0.0,82.72,101.03,Rajshahi
2022-11-01,24.15,19.57,29.65,0.0,84.12,101.08,Rajshahi
2022-11-02,23.89,19.62,28.79,0.0,82.44,100.93,Rajshahi
2022-11-03,23.2,17.61,28.47,0.0,77.25,100.93,Rajshahi
2022-11-04,23.53,17.96,28.6,0.0,76.22,101.12,Rajshahi
2022-11-05,24.3,19.01,29.35,0.0,79.01,101.25,Rajshahi
2022-11-06,24.72,19.94,28.96,0.0,73.37,101.24,Rajshahi
2022-11-07,24.25,19.44,28.88,0.0,75.29,101.17,Rajshahi
2022-11-08,23.65,18.5,28.76,0.0,73.42,101.2,Rajshahi
2022-11-09,23.4,19.38,27.99,0.0,75.87,101.25,Rajshahi
2022-11-10,23.14,18.53,27.77,0.0,76.91,101.23,Rajshahi
2022-11-11,22.67,17.01,27.89,0.0,75.27,101.2,Rajshahi
2022-11-12,22.27,17.93,28.14,0.0,79.62,101.15,Rajshahi
2022-11-13,20.28,14.24,26.26,0.0,73.46,101.17,Rajshahi
2022-11-14,20.3,13.98,26.56,0.0,74.53,101.18,Rajshahi
2022-11-15,20.37,14.29,27.0,0.0,74.04,101.11,Rajshahi
2022-11-16,20.42,14.09,26.41,0.0,71.65,101.01,Rajshahi
2022-11-17,21.2,14.97,27.11,0.0,75.34,101.0,Rajshahi
2022-11-18,19.74,15.29,26.15,0.0,77.69,101.17,Rajshahi
2022-11-19,19.42,13.35,26.93,0.0,78.5,101.12,Rajshahi
2022-11-20,19.9,13.08,27.12,0.0,78.21,100.99,Rajshahi
2022-11-21,19.0,12.82,26.16,0.05,76.73,100.94,Rajshahi
2022-11-22,19.07,12.97,25.96,0.0,78.08,100.99,Rajshahi
2022-11-23,19.21,13.26,25.76,0.0,75.6,101.02,Rajshahi
2022-11-24,18.46,12.09,25.98,0.0,72.55,101.06,Rajshahi
2022-11-25,19.44,12.88,27.02,0.0,81.5,101.11,Rajshahi
2022-11-26,20.28,13.81,26.66,0.0,77.37,100.94,Rajshahi
2022-11-27,20.31,13.97,26.01,0.0,74.73,100.78,Rajshahi
2022-11-28,20.44,14.55,26.17,0.0,74.74,100.89,Rajshahi
2022-11-29,21.08,14.1,27.43,0.0,73.84,101.03,Rajshahi
2022-11-30,20.16,13.64,27.12,0.0,77.44,101.11,Rajshahi
2022-12-01,19.46,14.18,26.75,0.0,78.8,101.1,Rajshahi
2022-12-02,18.42,12.2,26.28,0.0,73.52,101.08,Rajshahi
2022-12-03,17.86,11.46,25.55,0.0,69.96,101.11,Rajshahi
2022-12-04,18.67,11.45,25.74,0.0,68.66,101.16,Rajshahi
2022-12-05,18.81,12.71,26.21,0.0,77.47,101.23,Rajshahi
2022-12-06,18.12,12.31,25.4,0.0,77.83,101.12,Rajshahi
2022-12-07,17.36,11.27,24.67,0.0,74.71,101.1,Rajshahi
2022-12-08,17.89,11.32,25.1,0.0,77.06,101.13,Rajshahi
2022-12-09,18.82,12.51,25.22,0.0,76.43,101.08,Rajshahi
2022-12-10,19.64,12.96,26.0,0.0,72.66,101.08,Rajshahi
2022-12-11,18.68,12.16,25.97,0.0,71.18,101.13,Rajshahi
2022-12-12,18.64,12.62,25.18,0.0,72.21,101.1,Rajshahi
2022-12-13,19.46,14.86,25.86,0.0,67.02,101.09,Rajshahi
2022-12-14,19.13,13.44,24.97,0.0,66.69,101.13,Rajshahi
2022-12-15,18.01,11.96,25.08,0.0,63.79,101.04,Rajshahi
2022-12-16,16.23,9.09,24.38,0.0,63.62,101.06,Rajshahi
2022-12-17,17.32,9.86,24.4,0.0,63.37,101.16,Rajshahi
2022-12-18,18.68,12.22,25.19,0.0,80.48,101.12,Rajshahi
2022-12-19,19.39,13.14,25.6,0.0,75.43,100.99,Rajshahi
2022-12-20,18.38,12.31,25.35,0.0,70.07,100.99,Rajshahi
2022-12-21,17.56,11.17,24.93,0.0,68.43,101.06,Rajshahi
2022-12-22,17.56,11.1,25.56,0.0,64.88,101.03,Rajshahi
2022-12-23,17.73,11.55,25.59,0.0,57.8,101.08,Rajshahi
2022-12-24,18.3,12.95,25.49,0.0,64.84,101.11,Rajshahi
2022-12-25,20.28,15.28,26.01,0.0,65.46,101.16,Rajshahi
2022-12-26,21.01,16.94,27.07,0.62,70.51,101.31,Rajshahi
2022-12-27,19.68,15.18,25.88,2.15,72.07,101.25,Rajshahi
2022-12-28,15.8,10.79,22.8,0.02,63.62,101.45,Rajshahi
2022-12-29,15.4,9.4,23.12,0.0,67.42,101.62,Rajshahi
2022-12-30,16.6,10.0,22.73,0.0,70.73,101.63,Rajshahi
2022-12-31,17.2,11.43,23.78,0.0,68.49,101.58,Rajshahi
2023-01-01,16.55,11.49,23.55,0.0,76.78,101.7,Rajshahi
2023-01-02,16.65,10.7,23.64,0.0,73.48,101.72,Rajshahi
2023-01-03,15.72,9.6,23.52,0.0,71.72,101.72,Rajshahi
2023-01-04,14.76,8.8,22.59,0.0,69.89,101.71,Rajshahi
2023-01-05,14.61,8.11,23.24,0.0,69.98,101.78,Rajshahi
2023-01-06,14.96,8.0,24.15,0.01,66.46,101.75,Rajshahi
2023-01-07,15.0,7.34,24.29,0.0,67.86,101.6,Rajshahi
2023-01-08,14.92,7.81,23.86,0.0,63.88,101.5,Rajshahi
2023-01-09,15.71,8.03,25.1,0.0,60.66,101.58,Rajshahi
2023-01-10,16.11,8.59,26.06,0.0,57.79,101.42,Rajshahi
2023-01-11,15.13,8.44,23.35,0.0,62.63,101.27,Rajshahi
2023-01-12,16.23,8.02,23.98,0.0,56.1,101.07,Rajshahi
2023-01-13,18.37,10.52,26.07,0.0,52.23,101.11,Rajshahi
2023-01-14,18.97,12.57,27.14,0.0,60.34,101.03,Rajshahi
2023-01-15,17.64,11.44,25.54,0.0,62.36,101.08,Rajshahi
2023-01-16,16.02,10.26,23.56,0.0,61.66,101.26,Rajshahi
2023-01-17,15.36,8.59,23.01,0.0,53.06,101.37,Rajshahi
2023-01-18,15.7,10.95,22.7,0.0,51.86,101.55,Rajshahi
2023-01-19,14.91,7.86,22.54,0.0,54.78,101.58,Rajshahi
2023-01-20,16.3,9.32,23.34,0.0,51.86,101.47,Rajshahi
2023-01-21,18.47,10.86,25.7,0.11,45.15,101.3,Rajshahi
2023-01-22,19.44,13.01,26.88,0.0,49.73,101.25,Rajshahi
2023-01-23,19.45,13.87,26.99,0.0,63.66,101.19,Rajshahi
2023-01-24,19.89,13.12,27.84,0.0,68.99,101.24,Rajshahi
2023-01-25,21.46,14.76,28.51,0.0,60.23,101.19,Rajshahi
2023-01-26,22.31,15.56,29.59,0.0,57.57,101.08,Rajshahi
2023-01-27,21.97,15.28,29.52,0.0,63.92,101.13,Rajshahi
2023-01-28,20.68,14.96,28.41,0.0,62.0,101.12,Rajshahi
2023-01-29,19.78,11.6,27.64,0.0,52.41,101.2,Rajshahi
2023-01-30,21.15,13.42,29.35,0.0,61.58,101.28,Rajshahi
2023-01-31,21.06,13.51,28.28,0.0,50.73,101.05,Rajshahi
2023-02-01,20.36,14.74,28.83,0.0,54.17,101.06,Rajshahi
2023-02-02,18.47,11.02,27.31,0.0,52.47,101.19,Rajshahi
2023-02-03,18.0,10.58,26.97,0.0,53.31,101.11,Rajshahi
2023-02-04,18.26,10.7,27.22,0.0,50.86,100.97,Rajshahi
2023-02-05,19.01,11.2,27.94,0.0,49.6,100.94,Rajshahi
2023-02-06,20.1,12.68,28.79,0.0,45.96,100.94,Rajshahi
2023-02-07,21.03,11.8,29.6,0.0,43.57,100.82,Rajshahi
2023-02-08,21.02,13.05,30.43,0.0,53.64,100.91,Rajshahi
2023-02-09,21.58,14.17,29.28,0.0,47.68,101.03,Rajshahi
2023-02-10,21.26,14.59,28.88,0.0,41.55,101.06,Rajshahi
2023-02-11,22.38,12.53,32.01,0.0,44.57,100.92,Rajshahi
2023-02-12,21.95,14.46,31.32,0.0,40.05,100.93,Rajshahi
2023-02-13,19.49,10.69,28.36,0.0,30.59,101.09,Rajshahi
2023-02-14,20.54,13.0,28.77,0.0,31.76,101.15,Rajshahi
2023-02-15,20.48,12.51,27.75,0.0,34.8,101.01,Rajshahi
2023-02-16,21.62,14.5,29.26,0.0,39.99,101.1,Rajshahi
2023-02-17,22.81,16.73,29.59,0.0,42.97,101.26,Rajshahi
2023-02-18,23.13,16.49,29.89,0.0,45.15,101.22,Rajshahi
2023-02-19,23.28,16.23,30.28,0.0,50.95,101.12,Rajshahi
2023-02-20,24.28,16.74,31.44,0.0,52.21,100.99,Rajshahi
2023-02-21,25.0,17.53,32.44,0.0,44.99,100.95,Rajshahi
2023-02-22,24.81,16.62,35.08,0.0,47.74,100.79,Rajshahi
2023-02-23,24.88,15.74,34.28,0.07,38.97,100.86,Rajshahi
2023-02-24,24.91,17.92,33.86,0.07,39.0,101.06,Rajshahi
2023-02-25,23.81,15.87,32.72,0.0,48.76,101.36,Rajshahi
2023-02-26,24.15,15.27,33.35,0.01,44.65,101.45,Rajshahi
2023-02-27,24.18,17.48,33.15,0.01,34.77,101.39,Rajshahi
2023-02-28,24.19,17.75,33.26,0.02,36.03,101.4,Rajshahi
2023-03-01,24.49,16.04,34.06,0.0,43.19,101.44,Rajshahi
2023-03-02,25.62,17.01,34.39,0.0,41.08,101.41,Rajshahi
2023-03-03,26.64,18.9,34.96,0.0,33.69,101.38,Rajshahi
2023-03-04,27.43,20.28,35.41,0.0,35.07,101.32,Rajshahi
2023-03-05,27.18,19.3,35.79,0.0,36.48,101.22,Rajshahi
2023-03-06,26.7,18.58,35.95,0.0,32.07,101.11,Rajshahi
2023-03-07,26.25,18.01,35.89,0.0,28.97,101.16,Rajshahi
2023-03-08,27.03,20.0,35.47,0.0,30.45,101.28,Rajshahi
2023-03-09,26.68,19.15,35.17,0.0,36.47,101.18,Rajshahi
2023-03-10,26.58,20.12,34.83,0.0,34.13,101.14,Rajshahi
2023-03-11,27.95,19.66,36.26,0.05,33.53,101.14,Rajshahi
2023-03-12,28.43,20.98,36.16,1.01,35.23,101.1,Rajshahi
2023-03-13,28.64,21.99,36.78,0.41,33.63,100.92,Rajshahi
2023-03-14,27.92,21.98,34.77,0.0,35.98,100.71,Rajshahi
2023-03-15,28.68,22.32,36.47,0.16,34.24,100.64,Rajshahi
2023-03-16,26.18,20.6,32.71,1.52,46.9,100.93,Rajshahi
2023-03-17,25.85,21.37,31.42,1.75,59.19,101.01,Rajshahi
2023-03-18,26.8,20.26,33.67,1.56,52.8,100.85,Rajshahi
2023-03-19,23.83,21.22,27.68,15.73,74.42,100.72,Rajshahi
2023-03-20,23.83,19.92,29.04,21.73,75.68,100.58,Rajshahi
2023-03-21,24.54,18.78,30.49,4.0,65.45,100.66,Rajshahi
2023-03-22,25.03,18.99,31.14,3.48,57.1,100.59,Rajshahi
2023-03-23,25.73,17.53,32.68,0.0,45.49,100.57,Rajshahi
2023-03-24,26.89,19.02,34.09,0.0,46.17,100.72,Rajshahi
2023-03-25,27.8,20.37,35.12,0.51,53.37,100.76,Rajshahi
2023-03-26,28.67,21.69,36.37,0.95,51.47,100.54,Rajshahi
2023-03-27,28.58,21.59,35.98,0.66,51.52,100.53,Rajshahi
2023-03-28,29.3,22.5,36.47,1.44,45.57,100.61,Rajshahi
2023-03-29,28.81,23.3,35.73,2.55,51.85,100.74,Rajshahi
2023-03-30,28.27,22.15,35.22,2.05,58.91,100.6,Rajshahi
2023-03-31,25.43,21.21,31.26,11.88,72.77,100.67,Rajshahi
2023-04-01,24.15,20.89,28.27,17.32,73.72,100.67,Rajshahi
2023-04-02,25.77,18.81,31.93,6.23,65.04,100.44,Rajshahi
2023-04-03,28.18,19.41,35.27,0.06,48.1,100.4,Rajshahi
2023-04-04,29.65,23.17,36.13,0.12,42.55,100.46,Rajshahi
2023-04-05,28.86,20.96,37.6,0.0,47.87,100.42,Rajshahi
2023-04-06,28.98,20.1,37.27,0.0,37.08,100.71,Rajshahi
2023-04-07,29.54,20.6,38.17,0.0,33.99,100.88,Rajshahi
2023-04-08,29.81,21.65,38.54,0.0,35.88,100.99,Rajshahi
2023-04-09,29.86,21.38,38.41,0.0,36.49,100.93,Rajshahi
2023-04-10,30.55,21.52,38.79,0.0,35.87,100.75,Rajshahi
2023-04-11,31.21,23.23,39.66,0.0,29.09,100.71,Rajshahi
2023-04-12,31.13,22.77,39.49,0.0,26.08,100.61,Rajshahi
2023-04-13,31.93,22.32,40.64,0.0,29.36,100.49,Rajshahi
2023-04-14,33.41,25.92,41.92,0.0,30.23,100.45,Rajshahi
2023-04-15,33.3,25.41,42.17,0.0,36.05,100.44,Rajshahi
2023-04-16,33.89,26.42,42.21,0.0,32.19,100.28,Rajshahi
2023-04-17,34.49,26.01,43.19,0.0,32.08,100.29,Rajshahi
2023-04-18,34.01,25.27,43.28,0.0,40.4,100.4,Rajshahi
2023-04-19,34.66,25.41,44.05,0.0,36.55,100.01,Rajshahi
2023-04-20,34.92,26.09,44.34,0.0,33.21,99.75,Rajshahi
2023-04-21,33.43,25.68,42.09,0.04,35.69,99.9,Rajshahi
2023-04-22,32.54,25.83,39.85,0.07,32.97,100.09,Rajshahi
2023-04-23,28.93,24.74,33.58,0.21,41.83,100.54,Rajshahi
2023-04-24,29.79,22.23,36.75,0.24,48.0,100.79,Rajshahi
2023-04-25,29.32,24.25,33.91,15.2,50.22,100.79,Rajshahi
2023-04-26,29.22,22.99,35.72,7.96,59.48,100.57,Rajshahi
2023-04-27,31.07,24.22,37.84,0.46,48.85,100.55,Rajshahi
2023-04-28,29.49,23.67,35.27,6.52,52.34,100.61,Rajshahi
2023-04-29,29.94,23.76,37.1,3.45,57.43,100.5,Rajshahi
2023-04-30,29.27,24.18,34.43,15.02,63.26,100.47,Rajshahi
2023-05-01,27.01,23.72,30.34,8.62,71.18,100.62,Rajshahi
2023-05-02,29.16,23.97,34.4,0.94,57.27,100.67,Rajshahi
2023-05-03,30.23,24.05,36.19,1.69,57.43,100.65,Rajshahi
2023-05-04,29.84,24.83,35.5,3.58,62.14,100.57,Rajshahi
2023-05-05,29.65,24.18,35.37,7.75,61.23,100.29,Rajshahi
2023-05-06,30.92,24.36,38.56,0.4,48.01,100.14,Rajshahi
2023-05-07,31.77,23.95,39.72,0.05,41.35,100.13,Rajshahi
2023-05-08,33.21,24.04,41.63,0.0,33.44,100.1,Rajshahi
2023-05-09,32.83,25.43,41.54,0.0,35.91,100.14,Rajshahi
2023-05-10,33.49,25.51,42.52,0.0,39.7,100.17,Rajshahi
2023-05-11,32.87,26.15,40.3,2.13,49.38,100.34,Rajshahi
2023-05-12,31.17,25.42,37.75,9.7,59.12,100.4,Rajshahi
2023-05-13,31.52,24.86,39.07,1.92,53.32,100.31,Rajshahi
2023-05-14,31.73,25.38,39.08,0.0,50.81,99.95,Rajshahi
2023-05-15,31.7,24.18,39.3,0.14,47.09,99.98,Rajshahi
2023-05-16,32.87,25.96,40.76,0.93,52.87,100.15,Rajshahi
2023-05-17,31.09,26.06,37.28,24.29,69.28,100.43,Rajshahi
2023-05-18,29.4,25.74,34.3,34.05,79.6,100.57,Rajshahi
2023-05-19,30.44,25.7,36.4,15.08,74.81,100.32,Rajshahi
2023-05-20,31.41,25.96,38.51,0.48,62.57,100.22,Rajshahi
2023-05-21,30.86,24.67,37.67,6.68,67.43,100.36,Rajshahi
2023-05-22,30.44,25.99,36.15,8.72,74.96,100.42,Rajshahi
2023-05-23,29.8,26.55,34.35,21.14,78.9,100.47,Rajshahi
2023-05-24,28.63,25.28,33.13,13.18,76.83,100.41,Rajshahi
2023-05-25,28.94,24.19,34.07,4.54,75.36,100.33,Rajshahi
2023-05-26,29.33,25.48,33.71,11.89,76.04,100.39,Rajshahi
2023-05-27,29.5,25.26,34.67,6.08,71.4,100.32,Rajshahi
2023-05-28,29.25,24.19,34.57,0.87,68.73,100.47,Rajshahi
2023-05-29,30.64,25.54,36.13,0.0,62.28,100.53,Rajshahi
2023-05-30,31.81,26.0,37.86,0.0,60.63,100.41,Rajshahi
2023-05-31,32.44,26.31,38.36,0.0,60.83,100.17,Rajshahi
2023-06-01,33.25,27.44,40.13,0.0,54.59,100.01,Rajshahi
2023-06-02,33.74,25.92,41.02,0.0,42.68,100.0,Rajshahi
2023-06-03,33.03,26.05,40.33,0.0,58.01,100.11,Rajshahi
2023-06-04,33.46,27.29,40.66,0.0,55.18,100.1,Rajshahi
2023-06-05,33.01,27.17,39.44,0.44,61.22,99.99,Rajshahi
2023-06-06,33.2,27.63,39.11,0.59,59.04,99.91,Rajshahi
2023-06-07,33.33,28.25,38.8,0.01,60.14,99.87,Rajshahi
2023-06-08,33.74,28.56,39.68,0.32,57.51,99.82,Rajshahi
2023-06-09,31.95,28.3,37.36,5.38,62.84,99.75,Rajshahi
2023-06-10,32.07,26.93,37.89,0.76,62.99,99.66,Rajshahi
2023-06-11,32.36,27.18,37.83,1.62,62.81,99.58,Rajshahi
2023-06-12,30.74,27.55,34.8,13.74,75.81,99.65,Rajshahi
2023-06-13,31.93,26.67,38.05,6.93,71.18,99.58,Rajshahi
2023-06-14,33.15,27.84,40.27,5.22,67.58,99.5,Rajshahi
2023-06-15,35.19,28.67,43.88,5.08,57.73,99.42,Rajshahi
2023-06-16,33.76,28.12,41.63,35.28,67.3,99.58,Rajshahi
2023-06-17,33.96,28.43,41.01,2.4,63.89,99.73,Rajshahi
2023-06-18,31.35,28.04,36.02,12.88,75.43,99.88,Rajshahi
2023-06-19,30.44,27.11,34.56,9.13,80.53,99.93,Rajshahi
2023-06-20,30.46,27.44,35.04,2.4,75.58,99.9,Rajshahi
2023-06-21,29.65,27.37,32.82,7.65,81.73,100.01,Rajshahi
2023-06-22,29.04,26.87,32.07,9.89,83.77,100.07,Rajshahi
2023-06-23,30.07,26.22,34.44,8.74,79.58,100.01,Rajshahi
2023-06-24,30.66,26.78,35.42,1.94,78.42,99.87,Rajshahi
2023-06-25,30.39,26.8,34.63,0.61,76.69,99.92,Rajshahi
2023-06-26,29.69,26.49,33.86,3.63,79.55,99.92,Rajshahi
2023-06-27,28.5,26.18,31.66,19.06,86.45,99.97,Rajshahi
2023-06-28,28.5,26.32,31.31,13.72,85.51,100.16,Rajshahi
2023-06-29,27.86,26.52,30.0,28.18,90.44,100.18,Rajshahi
2023-06-30,28.43,26.53,31.12,18.68,89.11,100.06,Rajshahi
2023-07-01,29.51,26.71,33.18,37.4,83.75,100.08,Rajshahi
2023-07-02,29.26,26.84,31.97,28.97,88.36,100.0,Rajshahi
2023-07-03,28.74,27.3,30.76,19.06,90.91,100.04,Rajshahi
2023-07-04,29.29,26.76,32.17,16.98,87.01,100.0,Rajshahi
2023-07-05,29.6,26.78,32.46,10.99,85.0,99.89,Rajshahi
2023-07-06,29.47,26.79,32.75,4.1,85.7,99.99,Rajshahi
2023-07-07,29.41,27.08,32.05,7.2,86.73,100.17,Rajshahi
2023-07-08,30.01,27.28,33.59,6.69,85.3,100.21,Rajshahi
2023-07-09,30.14,27.15,33.67,7.1,83.32,100.11,Rajshahi
2023-07-10,30.16,27.15,33.92,4.62,84.09,100.08,Rajshahi
2023-07-11,29.84,26.87,33.98,2.31,83.16,100.07,Rajshahi
2023-07-12,29.07,25.78,33.3,2.78,82.93,100.12,Rajshahi
2023-07-13,29.22,26.49,32.85,5.3,85.49,100.12,Rajshahi
2023-07-14,29.54,26.68,32.97,10.61,84.79,100.09,Rajshahi
2023-07-15,29.61,26.73,33.16,4.02,84.15,99.97,Rajshahi
2023-07-16,29.33,26.25,32.78,3.96,86.35,99.82,Rajshahi
2023-07-17,29.28,26.59,32.84,1.88,85.46,99.85,Rajshahi
2023-07-18,29.66,26.53,33.33,0.22,84.33,99.87,Rajshahi
2023-07-19,29.74,26.44,33.45,0.09,84.67,99.78,Rajshahi
2023-07-20,30.07,26.66,34.01,0.01,83.34,99.77,Rajshahi
2023-07-21,29.71,26.77,33.47,2.36,83.42,100.07,Rajshahi
2023-07-22,29.19,26.38,32.53,3.2,85.13,100.35,Rajshahi
2023-07-23,30.12,26.46,34.33,0.71,81.4,100.31,Rajshahi
2023-07-24,30.13,26.96,33.74,0.47,81.52,100.13,Rajshahi
2023-07-25,30.16,26.82,34.16,0.22,80.2,100.15,Rajshahi
2023-07-26,29.93,26.43,34.23,2.2,82.56,100.17,Rajshahi
2023-07-27,30.15,26.96,34.09,3.22,82.19,100.06,Rajshahi
2023-07-28,30.24,26.86,34.41,3.61,82.28,99.76,Rajshahi
2023-07-29,30.41,27.07,34.39,6.1,83.11,99.69,Rajshahi
2023-07-30,30.68,27.38,34.13,5.89,80.69,99.57,Rajshahi
2023-07-31,31.7,27.5,35.33,2.81,74.95,99.46,Rajshahi
2023-08-01,31.63,28.2,35.53,7.29,78.35,99.28,Rajshahi
2023-08-02,29.75,26.97,33.91,6.77,84.09,99.32,Rajshahi
2023-08-03,29.95,26.63,34.18,1.6,82.65,99.62,Rajshahi
2023-08-04,29.67,26.72,33.61,5.07,80.94,99.94,Rajshahi
2023-08-05,29.26,25.73,33.46,5.88,82.09,100.01,Rajshahi
2023-08-06,29.04,26.55,31.59,7.81,85.29,99.68,Rajshahi
2023-08-07,28.5,27.25,30.43,19.08,90.37,99.45,Rajshahi
2023-08-08,28.43,26.63,30.97,58.07,89.36,99.64,Rajshahi
2023-08-09,28.32,26.23,30.78,7.62,91.13,99.92,Rajshahi
2023-08-10,29.44,26.23,33.46,0.48,82.49,100.14,Rajshahi
2023-08-11,28.86,26.15,32.36,9.18,84.76,100.13,Rajshahi
2023-08-12,28.47,26.23,31.86,15.58,87.96,99.93,Rajshahi
2023-08-13,28.55,26.29,31.69,14.56,87.4,100.02,Rajshahi
2023-08-14,29.02,25.34,32.74,13.47,83.04,100.13,Rajshahi
2023-08-15,29.76,25.82,33.68,7.75,81.5,100.11,Rajshahi
2023-08-16,29.91,27.03,33.43,7.16,83.87,100.09,Rajshahi
2023-08-17,29.43,26.98,32.23,13.92,85.64,100.05,Rajshahi
2023-08-18,29.36,26.15,32.92,4.16,85.18,100.05,Rajshahi
2023-08-19,29.12,26.27,32.84,4.33,87.19,100.17,Rajshahi
2023-08-20,29.41,26.36,33.24,0.77,84.62,100.24,Rajshahi
2023-08-21,28.6,26.0,31.2,0.39,85.35,100.15,Rajshahi
2023-08-22,28.94,26.75,31.41,12.14,89.59,100.08,Rajshahi
2023-08-23,28.39,26.79,30.73,19.09,91.64,100.02,Rajshahi
2023-08-24,28.14,26.76,30.09,24.57,92.55,99.82,Rajshahi
2023-08-25,27.91,25.89,30.44,27.06,90.42,99.83,Rajshahi
2023-08-26,27.98,25.34,31.18,15.45,89.62,99.88,Rajshahi
2023-08-27,29.18,25.98,33.06,1.86,85.95,99.81,Rajshahi
2023-08-28,29.57,26.46,33.1,0.53,81.17,99.93,Rajshahi
2023-08-29,30.08,26.26,33.95,0.17,75.0,100.07,Rajshahi
2023-08-30,29.9,25.98,33.64,0.07,79.03,100.21,Rajshahi
2023-08-31,30.55,26.19,34.38,0.13,76.97,100.27,Rajshahi
2023-09-01,30.43,27.15,33.62,1.04,79.89,100.25,Rajshahi
2023-09-02,30.28,26.77,33.72,1.96,81.66,100.13,Rajshahi
2023-09-03,30.29,27.97,32.66,11.09,82.22,99.96,Rajshahi
2023-09-04,28.13,26.68,30.21,24.92,89.65,99.98,Rajshahi
2023-09-05,29.83,25.63,33.6,6.96,80.65,100.02,Rajshahi
2023-09-06,29.77,27.36,32.66,8.8,82.62,100.11,Rajshahi
2023-09-07,28.25,26.74,29.9,12.64,90.25,100.14,Rajshahi
2023-09-08,28.14,26.67,30.5,20.21,91.29,100.22,Rajshahi
2023-09-09,28.44,25.49,31.22,5.32,87.52,100.27,Rajshahi
2023-09-10,29.24,25.98,33.02,0.95,85.27,100.05,Rajshahi
2023-09-11,29.55,26.5,33.36,0.51,83.11,99.97,Rajshahi
2023-09-12,29.61,26.8,32.62,18.28,83.7,99.99,Rajshahi
2023-09-13,28.56,26.63,30.96,4.22,88.39,100.03,Rajshahi
2023-09-14,27.85,26.17,30.35,5.82,90.56,100.12,Rajshahi
2023-09-15,27.95,26.23,30.36,4.39,91.33,100.32,Rajshahi
2023-09-16,29.01,25.56,32.7,0.13,84.14,100.3,Rajshahi
2023-09-17,30.07,25.82,33.49,1.65,78.2,100.14,Rajshahi
2023-09-18,29.02,26.48,31.94,8.69,87.14,100.12,Rajshahi
2023-09-19,27.77,26.36,30.24,11.68,90.44,100.32,Rajshahi
2023-09-20,27.47,25.96,29.43,11.71,93.16,100.34,Rajshahi
2023-09-21,27.61,26.36,29.31,19.51,93.52,100.38,Rajshahi
2023-09-22,27.46,26.02,29.66,20.76,92.94,100.46,Rajshahi
2023-09-23,27.64,25.87,29.92,22.19,92.47,100.44,Rajshahi
2023-09-24,27.47,25.92,29.7,40.57,91.97,100.35,Rajshahi
2023-09-25,27.58,25.04,30.56,12.0,89.38,100.37,Rajshahi
2023-09-26,28.12,25.51,30.83,7.84,87.62,100.42,Rajshahi
2023-09-27,29.12,26.02,32.5,5.01,84.39,100.34,Rajshahi
2023-09-28,28.74,26.4,31.66,3.64,88.02,100.25,Rajshahi
2023-09-29,28.16,26.12,30.46,6.61,92.41,100.2,Rajshahi
2023-09-30,27.72,26.51,29.45,10.75,93.53,100.2,Rajshahi
2023-10-01,28.02,25.89,31.16,13.14,89.6,100.16,Rajshahi
2023-10-02,27.81,25.36,31.32,6.32,91.15,100.28,Rajshahi
2023-10-03,27.83,25.58,30.92,10.0,90.45,100.33,Rajshahi
2023-10-04,27.09,25.69,29.01,55.93,93.9,100.37,Rajshahi
2023-10-05,26.8,25.53,28.03,86.84,95.15,100.1,Rajshahi
2023-10-06,27.54,25.43,30.36,27.18,92.65,99.98,Rajshahi
2023-10-07,27.54,25.14,31.05,3.94,90.93,100.33,Rajshahi
2023-10-08,27.85,24.28,31.66,3.48,86.12,100.55,Rajshahi
2023-10-09,28.14,25.41,31.53,0.6,84.85,100.65,Rajshahi
2023-10-10,28.47,24.81,31.74,1.55,80.77,100.72,Rajshahi
2023-10-11,28.49,25.13,32.28,1.24,78.8,100.7,Rajshahi
2023-10-12,27.82,24.31,31.75,0.96,78.92,100.88,Rajshahi
2023-10-13,27.9,23.77,31.63,0.2,66.45,101.01,Rajshahi
2023-10-14,27.35,23.32,31.17,0.19,67.46,100.93,Rajshahi
2023-10-15,26.96,22.76,31.14,0.0,68.43,100.79,Rajshahi
2023-10-16,26.49,22.48,30.7,0.0,74.35,100.91,Rajshahi
2023-10-17,26.34,21.98,30.69,0.0,77.93,100.97,Rajshahi
2023-10-18,25.8,22.31,29.79,0.02,83.32,101.06,Rajshahi
2023-10-19,25.15,21.05,29.34,0.01,83.49,101.11,Rajshahi
2023-10-20,24.45,19.94,29.27,0.0,82.96,101.18,Rajshahi
2023-10-21,24.21,19.42,29.33,0.0,83.83,101.21,Rajshahi
2023-10-22,24.39,19.26,29.03,0.0,82.94,101.18,Rajshahi
2023-10-23,25.18,21.88,29.11,0.19,82.29,101.08,Rajshahi
2023-10-24,24.58,22.32,27.08,1.57,88.12,100.93,Rajshahi
2023-10-25,25.19,22.1,29.29,0.34,86.75,100.97,Rajshahi
2023-10-26,25.6,21.95,29.88,0.0,80.26,101.04,Rajshahi
2023-10-27,24.97,21.03,28.75,0.0,78.74,101.06,Rajshahi
2023-10-28,23.72,19.46,28.81,0.0,72.48,101.13,Rajshahi
2023-10-29,22.74,17.57,28.0,0.0,76.69,101.11,Rajshahi
2023-10-30,23.86,18.88,28.81,0.0,79.74,101.13,Rajshahi
2023-10-31,24.25,19.86,28.38,0.0,78.76,101.24,Rajshahi
2023-11-01,24.1,18.67,29.55,0.0,80.34,101.25,Rajshahi
2023-11-02,24.02,19.55,28.87,0.0,81.72,101.13,Rajshahi
2023-11-03,24.9,20.49,28.68,0.01,75.77,100.96,Rajshahi
2023-11-04,25.41,21.41,29.55,0.06,72.65,100.95,Rajshahi
2023-11-05,24.25,20.43,28.73,0.03,74.68,101.17,Rajshahi
2023-11-06,22.56,18.47,27.59,0.0,75.9,101.28,Rajshahi
2023-11-07,22.22,17.93,27.5,0.0,77.53,101.19,Rajshahi
2023-11-08,21.91,16.72,27.09,0.0,75.49,101.12,Rajshahi
2023-11-09,22.39,16.58,27.37,0.0,70.47,101.17,Rajshahi
2023-11-10,21.87,16.48,27.31,0.0,79.13,101.29,Rajshahi
2023-11-11,21.99,16.5,27.6,0.0,81.01,101.33,Rajshahi
2023-11-12,22.1,17.11,27.75,0.0,82.12,101.37,Rajshahi
2023-11-13,21.85,16.86,27.5,0.0,83.99,101.39,Rajshahi
2023-11-14,21.97,16.44,27.64,0.0,80.9,101.31,Rajshahi
2023-11-15,22.14,16.39,27.45,0.0,74.77,101.32,Rajshahi
2023-11-16,21.86,16.07,27.31,1.12,79.56,101.43,Rajshahi
2023-11-17,23.17,20.45,27.37,1.38,88.33,101.27,Rajshahi
2023-11-18,23.57,18.71,28.61,0.13,82.21,101.22,Rajshahi
2023-11-19,22.51,17.57,27.61,0.03,83.47,101.36,Rajshahi
2023-11-20,22.87,18.46,27.38,0.0,83.11,101.34,Rajshahi
2023-11-21,22.36,18.54,27.49,0.0,82.61,101.18,Rajshahi
2023-11-22,20.08,15.56,25.97,0.0,81.44,101.16,Rajshahi
2023-11-23,19.63,14.4,25.47,0.0,78.92,101.13,Rajshahi
2023-11-24,20.09,14.38,26.3,0.0,82.52,101.22,Rajshahi
2023-11-25,20.94,15.95,26.92,0.0,82.81,101.38,Rajshahi
2023-11-26,20.87,15.7,26.71,0.0,80.78,101.44,Rajshahi
2023-11-27,21.02,15.93,26.4,0.0,81.68,101.32,Rajshahi
2023-11-28,22.71,17.47,28.22,0.0,77.26,101.13,Rajshahi
2023-11-29,22.54,17.3,27.97,0.0,80.41,101.21,Rajshahi
2023-11-30,21.85,17.13,27.54,0.0,84.58,101.32,Rajshahi
2023-12-01,21.44,16.49,26.94,0.0,84.79,101.28,Rajshahi
2023-12-02,22.06,17.97,27.26,0.0,82.73,101.26,Rajshahi
2023-12-03,22.14,17.02,27.73,0.0,82.27,101.31,Rajshahi
2023-12-04,21.64,16.33,27.18,0.0,83.37,101.21,Rajshahi
2023-12-05,22.93,18.76,27.3,0.02,76.43,101.13,Rajshahi
2023-12-06,21.65,18.25,25.51,1.2,83.34,101.31,Rajshahi
2023-12-07,20.42,18.86,22.75,27.7,91.2,101.23,Rajshahi
2023-12-08,20.26,17.03,24.44,15.0,88.83,101.02,Rajshahi
2023-12-09,18.64,14.85,24.31,5.06,85.02,101.19,Rajshahi
2023-12-10,17.58,12.38,23.79,0.0,77.29,101.14,Rajshahi
2023-12-11,16.48,11.37,22.81,0.0,75.22,101.26,Rajshahi
2023-12-12,16.76,11.31,23.92,0.0,77.04,101.13,Rajshahi
2023-12-13,16.42,11.08,24.11,0.0,72.29,101.22,Rajshahi
2023-12-14,16.04,10.01,22.28,0.0,69.53,101.45,Rajshahi
2023-12-15,16.02,10.27,22.29,0.0,74.33,101.51,Rajshahi
2023-12-16,15.53,9.79,22.5,0.0,73.3,101.36,Rajshahi
2023-12-17,15.45,9.32,22.66,0.0,73.6,101.38,Rajshahi
2023-12-18,15.47,9.68,22.53,0.0,77.8,101.46,Rajshahi
2023-12-19,15.55,9.63,22.86,0.0,79.14,101.55,Rajshahi
2023-12-20,16.49,10.33,23.27,0.0,83.62,101.48,Rajshahi
2023-12-21,17.56,11.81,24.05,0.0,82.45,101.37,Rajshahi
2023-12-22,18.27,12.67,24.34,0.0,81.1,101.39,Rajshahi
2023-12-23,18.55,14.72,23.15,0.0,85.85,101.55,Rajshahi
2023-12-24,18.46,13.81,23.83,0.0,82.1,101.65,Rajshahi
2023-12-25,19.38,13.44,24.84,0.0,79.88,101.54,Rajshahi
2023-12-26,19.32,14.92,24.5,0.0,81.63,101.59,Rajshahi
2023-12-27,18.81,13.45,24.71,0.0,84.21,101.62,Rajshahi
2023-12-28,18.85,13.6,24.5,0.0,82.04,101.52,Rajshahi
2023-12-29,18.51,13.47,24.59,3.75,84.72,101.52,Rajshahi
2023-12-30,17.61,12.64,24.28,1.67,81.65,101.44,Rajshahi
2023-12-31,16.49,11.5,23.03,0.16,80.16,101.46,Rajshahi
2024-01-01,16.05,10.4,23.1,0.46,76.8,101.43,Rajshahi
2024-01-02,15.3,9.55,22.13,0.0,74.58,101.43,Rajshahi
2024-01-03,15.54,8.91,23.03,0.0,75.77,101.4,Rajshahi
2024-01-04,16.53,9.69,23.04,0.0,73.25,101.39,Rajshahi
2024-01-05,17.05,11.52,22.65,0.0,75.22,101.45,Rajshahi
2024-01-06,17.43,12.14,23.76,0.0,84.41,101.5,Rajshahi
2024-01-07,17.68,12.66,23.61,0.0,86.2,101.55,Rajshahi
2024-01-08,17.54,12.39,24.27,0.0,81.36,101.58,Rajshahi
2024-01-09,15.85,10.08,22.98,0.0,76.45,101.49,Rajshahi
2024-01-10,16.48,9.16,23.29,0.0,71.04,101.36,Rajshahi
2024-01-11,15.9,10.82,22.65,0.0,78.35,101.48,Rajshahi
2024-01-12,13.78,7.26,21.4,0.0,74.15,101.48,Rajshahi
2024-01-13,13.97,8.03,21.17,0.0,75.03,101.43,Rajshahi
2024-01-14,14.41,8.03,21.4,0.0,73.0,101.37,Rajshahi
2024-01-15,15.19,8.64,21.64,0.0,76.66,101.3,Rajshahi
2024-01-16,15.49,9.69,21.27,0.0,76.29,101.32,Rajshahi
2024-01-17,15.83,10.83,21.56,0.01,73.58,101.32,Rajshahi
2024-01-18,16.07,11.07,20.9,2.71,74.81,101.4,Rajshahi
2024-01-19,15.61,10.73,21.67,3.79,81.75,101.48,Rajshahi
2024-01-20,14.03,8.55,21.4,7.89,73.68,101.49,Rajshahi
2024-01-21,12.82,7.59,19.51,70.23,72.33,101.46,Rajshahi
2024-01-22,13.05,6.34,20.22,0.0,69.72,101.63,Rajshahi
2024-01-23,14.55,7.18,21.48,0.0,64.28,101.5,Rajshahi
2024-01-24,15.58,10.97,21.64,0.69,59.98,101.49,Rajshahi
2024-01-25,14.62,8.64,22.09,0.13,66.49,101.68,Rajshahi
2024-01-26,13.71,7.0,20.84,0.04,65.39,101.8,Rajshahi
2024-01-27,13.96,6.96,21.29,0.0,65.03,101.74,Rajshahi
2024-01-28,14.63,7.42,21.73,0.0,61.7,101.7,Rajshahi
2024-01-29,16.37,10.45,22.93,0.0,57.18,101.58,Rajshahi
2024-01-30,17.1,10.85,23.46,0.04,62.47,101.43,Rajshahi
2024-01-31,17.95,11.21,24.67,0.05,71.34,101.39,Rajshahi
2024-02-01,18.91,12.74,24.64,0.28,74.81,101.42,Rajshahi
2024-02-02,18.66,13.94,25.02,0.35,74.33,101.25,Rajshahi
2024-02-03,16.9,10.19,25.32,0.0,61.78,101.32,Rajshahi
2024-02-04,17.24,9.71,24.77,0.0,59.98,101.51,Rajshahi
2024-02-05,18.25,12.2,24.04,0.06,67.1,101.48,Rajshahi
2024-02-06,18.53,14.29,23.38,0.0,79.67,101.46,Rajshahi
2024-02-07,18.26,13.3,25.11,0.0,65.63,101.4,Rajshahi
2024-02-08,15.82,8.21,24.29,0.0,57.56,101.38,Rajshahi
2024-02-09,15.35,7.69,23.1,0.0,59.34,101.67,Rajshahi
2024-02-10,16.21,8.74,24.51,0.0,60.45,101.69,Rajshahi
2024-02-11,18.0,9.81,26.06,0.0,52.98,101.72,Rajshahi
2024-02-12,19.66,11.51,26.91,0.0,46.73,101.67,Rajshahi
2024-02-13,21.68,16.02,27.69,0.0,50.52,101.62,Rajshahi
2024-02-14,21.48,17.51,26.72,0.62,72.68,101.46,Rajshahi
2024-02-15,21.56,15.71,27.25,1.42,73.39,101.53,Rajshahi
2024-02-16,20.48,14.56,27.53,0.01,69.26,101.54,Rajshahi
2024-02-17,20.11,12.66,27.54,0.06,55.82,101.21,Rajshahi
2024-02-18,20.91,14.29,27.48,0.0,45.84,101.2,Rajshahi
2024-02-19,21.28,13.98,28.27,0.0,50.21,101.18,Rajshahi
2024-02-20,22.46,14.93,30.48,0.04,59.03,100.86,Rajshahi
2024-02-21,23.42,16.65,32.18,1.87,65.28,100.73,Rajshahi
2024-02-22,22.85,17.95,29.8,1.92,69.58,100.81,Rajshahi
2024-02-23,22.37,17.62,28.99,2.11,62.27,101.08,Rajshahi
2024-02-24,20.6,12.75,28.56,0.0,49.43,101.32,Rajshahi
2024-02-25,20.67,15.47,27.25,5.73,56.69,101.4,Rajshahi
2024-02-26,20.98,14.62,27.73,1.59,58.9,101.45,Rajshahi
2024-02-27,22.13,17.21,28.66,0.0,48.28,101.29,Rajshahi
2024-02-28,21.69,14.96,29.73,0.0,57.5,101.03,Rajshahi
2024-02-29,21.84,13.75,29.6,0.0,52.75,101.14,Rajshahi
2024-03-01,22.43,15.47,29.81,0.0,47.39,101.23,Rajshahi
2024-03-02,23.33,16.7,30.36,0.0,43.32,101.11,Rajshahi
2024-03-03,23.55,16.86,31.27,0.0,50.22,101.04,Rajshahi
2024-03-04,23.28,18.15,30.58,4.78,64.9,101.02,Rajshahi
2024-03-05,22.91,16.88,31.71,0.02,56.96,101.01,Rajshahi
2024-03-06,21.23,12.56,30.91,0.03,43.36,101.03,Rajshahi
2024-03-07,21.91,13.03,31.05,0.0,44.27,101.01,Rajshahi
2024-03-08,21.84,13.4,31.6,0.0,44.85,101.02,Rajshahi
2024-03-09,21.45,13.09,30.74,0.0,44.77,101.12,Rajshahi
2024-03-10,21.94,12.41,30.49,0.0,40.32,101.29,Rajshahi
2024-03-11,23.99,15.01,31.8,0.0,34.46,101.24,Rajshahi
2024-03-12,25.42,17.16,34.57,0.0,38.52,100.93,Rajshahi
2024-03-13,25.26,15.7,34.98,0.0,45.67,100.88,Rajshahi
2024-03-14,27.02,19.92,34.83,0.1,46.7,100.89,Rajshahi
2024-03-15,27.69,19.36,35.57,0.04,39.16,100.92,Rajshahi
2024-03-16,27.93,21.15,35.02,0.31,37.61,101.08,Rajshahi
2024-03-17,27.02,19.88,34.59,2.32,47.77,101.06,Rajshahi
2024-03-18,28.31,21.71,35.08,0.2,47.92,100.96,Rajshahi
2024-03-19,24.55,22.24,28.67,1.53,61.47,101.05,Rajshahi
2024-03-20,21.58,18.97,24.02,24.26,84.27,101.16,Rajshahi
2024-03-21,22.89,17.87,28.37,3.62,71.91,101.12,Rajshahi
2024-03-22,23.69,17.79,29.64,0.21,59.75,100.8,Rajshahi
2024-03-23,25.33,17.89,32.77,0.7,53.88,100.62,Rajshahi
2024-03-24,26.11,18.25,34.75,0.19,60.63,100.81,Rajshahi
2024-03-25,26.94,19.83,34.47,0.47,60.98,100.87,Rajshahi
2024-03-26,27.56,20.9,35.22,1.72,55.12,100.89,Rajshahi
2024-03-27,26.69,20.12,34.29,0.51,60.36,101.1,Rajshahi
2024-03-28,26.75,19.8,34.64,0.06,58.09,100.87,Rajshahi
2024-03-29,28.3,21.0,35.93,0.09,55.67,100.7,Rajshahi
2024-03-30,29.56,22.77,37.12,0.54,59.51,100.7,Rajshahi
2024-03-31,30.42,23.07,39.19,2.52,51.62,100.57,Rajshahi
2024-04-01,29.29,21.43,38.95,2.85,43.82,100.25,Rajshahi
2024-04-02,28.89,20.19,38.8,0.0,38.81,100.3,Rajshahi
2024-04-03,29.54,20.6,39.61,0.0,36.7,100.45,Rajshahi
2024-04-04,30.48,21.0,40.39,0.0,41.68,100.38,Rajshahi
2024-04-05,31.0,22.72,40.61,0.03,46.61,100.26,Rajshahi
2024-04-06,31.11,24.04,38.94,0.01,35.35,100.29,Rajshahi
2024-04-07,31.11,24.14,39.66,0.03,39.81,100.35,Rajshahi
2024-04-08,29.63,22.51,36.61,0.0,38.24,100.64,Rajshahi
2024-04-09,29.62,21.71,38.47,0.0,37.65,100.72,Rajshahi
2024-04-10,30.16,21.69,38.48,0.0,35.38,100.76,Rajshahi
2024-04-11,29.98,23.4,37.98,0.0,37.78,100.88,Rajshahi
2024-04-12,30.57,22.07,38.1,0.02,36.89,100.84,Rajshahi
2024-04-13,31.47,23.71,38.95,0.0,38.0,100.75,Rajshahi
2024-04-14,32.62,25.62,39.68,0.02,36.36,100.75,Rajshahi
2024-04-15,33.35,24.95,40.97,0.04,37.23,100.65,Rajshahi
2024-04-16,34.54,27.88,41.81,0.18,35.8,100.39,Rajshahi
2024-04-17,33.22,25.36,40.75,0.15,35.91,100.2,Rajshahi
2024-04-18,32.91,24.76,41.08,0.24,31.48,100.15,Rajshahi
2024-04-19,33.04,23.57,42.49,0.0,34.48,99.86,Rajshahi
2024-04-20,34.4,24.51,44.19,0.0,26.53,99.8,Rajshahi
2024-04-21,34.87,25.97,44.12,0.0,23.04,99.95,Rajshahi
2024-04-22,33.98,25.4,43.29,0.0,25.15,100.15,Rajshahi
2024-04-23,33.94,25.79,42.74,0.0,27.84,100.1,Rajshahi
2024-04-24,34.17,26.22,43.05,0.24,24.57,100.08,Rajshahi
2024-04-25,34.4,25.28,43.71,0.18,22.39,100.12,Rajshahi
2024-04-26,34.73,24.83,44.02,0.0,22.1,100.1,Rajshahi
2024-04-27,34.93,25.53,44.33,0.0,24.76,100.08,Rajshahi
2024-04-28,36.02,27.34,44.49,0.0,27.29,100.08,Rajshahi
2024-04-29,36.03,27.37,44.8,0.0,23.79,100.15,Rajshahi
2024-04-30,36.51,27.06,46.42,0.0,21.5,99.76,Rajshahi
2024-05-01,35.74,26.61,44.75,0.0,17.85,99.74,Rajshahi
2024-05-02,35.19,27.5,43.47,0.01,17.42,99.84,Rajshahi
2024-05-03,33.46,24.42,42.05,0.0,12.62,100.22,Rajshahi
2024-05-04,32.78,23.76,40.92,0.03,22.88,100.23,Rajshahi
2024-05-05,33.65,27.11,42.26,2.22,39.9,99.94,Rajshahi
2024-05-06,32.3,26.14,40.17,3.23,58.62,100.28,Rajshahi
2024-05-07,29.9,25.67,35.19,8.71,64.52,100.69,Rajshahi
2024-05-08,26.91,24.03,30.3,26.72,76.75,100.76,Rajshahi
2024-05-09,27.82,23.72,31.65,4.65,68.09,100.69,Rajshahi
2024-05-10,28.24,24.39,32.49,3.97,67.96,100.67,Rajshahi
2024-05-11,29.05,24.94,33.85,7.11,71.0,100.67,Rajshahi
2024-05-12,29.51,24.93,34.75,4.17,69.33,100.73,Rajshahi
2024-05-13,30.9,24.85,36.72,0.48,60.38,100.63,Rajshahi
2024-05-14,31.89,26.62,37.01,0.93,56.99,100.58,Rajshahi
2024-05-15,32.41,26.82,38.22,0.93,54.79,100.67,Rajshahi
2024-05-16,32.2,26.97,37.2,2.66,56.71,100.57,Rajshahi
2024-05-17,33.11,27.09,40.49,1.48,49.28,100.3,Rajshahi
2024-05-18,33.35,27.64,40.05,0.89,54.05,100.14,Rajshahi
2024-05-19,33.61,27.45,40.86,0.95,55.99,100.02,Rajshahi
2024-05-20,30.9,27.32,35.31,12.0,67.17,100.22,Rajshahi
2024-05-21,30.7,26.51,34.93,8.88,68.64,100.26,Rajshahi
2024-05-22,30.63,27.08,34.66,17.11,71.56,100.27,Rajshahi
2024-05-23,31.96,26.85,37.0,1.03,64.1,100.12,Rajshahi
2024-05-24,33.52,28.0,39.45,2.8,58.97,99.89,Rajshahi
2024-05-25,33.89,27.87,40.2,0.06,58.57,99.7,Rajshahi
2024-05-26,31.35,28.17,36.04,17.39,73.14,99.55,Rajshahi
2024-05-27,28.11,26.42,29.89,37.26,85.76,98.78,Rajshahi
2024-05-28,31.12,25.16,38.89,15.96,70.38,99.24,Rajshahi
2024-05-29,31.98,28.09,38.35,9.36,79.07,99.52,Rajshahi
2024-05-30,32.04,27.97,37.73,1.14,75.2,99.75,Rajshahi
2024-05-31,31.36,27.83,36.11,9.68,77.45,99.97,Rajshahi
2024-06-01,31.34,26.95,36.85,1.43,73.35,100.14,Rajshahi
2024-06-02,31.7,27.14,37.54,3.45,72.76,100.14,Rajshahi
2024-06-03,30.73,27.51,35.17,7.89,75.84,100.08,Rajshahi
2024-06-04,30.96,26.5,36.64,7.41,76.12,100.12,Rajshahi
2024-06-05,30.96,27.16,35.87,10.51,76.13,100.18,Rajshahi
2024-06-06,31.07,27.25,35.56,12.9,75.91,100.2,Rajshahi
2024-06-07,32.47,27.69,38.06,3.5,67.94,100.0,Rajshahi
2024-06-08,32.8,27.58,39.7,2.83,69.25,99.8,Rajshahi
2024-06-09,31.15,27.95,35.99,48.6,81.14,99.78,Rajshahi
2024-06-10,30.1,27.96,33.09,32.31,88.21,99.86,Rajshahi
2024-06-11,30.36,27.7,34.11,5.86,86.16,99.88,Rajshahi
2024-06-12,30.71,26.75,35.24,1.55,81.04,99.89,Rajshahi
2024-06-13,30.72,27.3,35.49,2.58,81.01,99.79,Rajshahi
2024-06-14,30.43,27.38,34.18,4.39,84.52,99.69,Rajshahi
2024-06-15,30.61,27.82,34.29,6.28,85.73,99.68,Rajshahi
2024-06-16,31.82,27.95,37.55,2.01,77.18,99.8,Rajshahi
2024-06-17,31.74,27.72,38.41,1.78,76.37,99.82,Rajshahi
2024-06-18,31.49,27.93,37.3,2.01,77.93,99.58,Rajshahi
2024-06-19,30.39,27.07,35.82,8.31,83.01,99.5,Rajshahi
2024-06-20,29.06,26.79,31.99,5.03,85.45,99.72,Rajshahi
2024-06-21,29.89,26.65,33.41,3.73,81.38,99.84,Rajshahi
2024-06-22,30.18,26.59,33.95,1.48,78.72,99.84,Rajshahi
2024-06-23,30.66,26.9,34.67,1.72,77.1,99.88,Rajshahi
2024-06-24,30.52,27.12,34.37,0.14,76.89,99.78,Rajshahi
2024-06-25,30.68,27.01,35.09,3.36,77.89,99.76,Rajshahi
2024-06-26,30.82,27.17,34.7,1.25,78.59,99.85,Rajshahi
2024-06-27,30.12,27.37,33.62,0.79,80.68,100.02,Rajshahi
2024-06-28,30.45,27.07,34.81,4.44,80.53,99.81,Rajshahi
2024-06-29,30.2,27.24,34.29,9.48,83.16,99.74,Rajshahi
2024-06-30,29.76,27.56,32.48,16.97,86.65,99.69,Rajshahi
2024-07-01,29.07,26.85,32.22,17.81,85.84,99.63,Rajshahi
2024-07-02,28.92,26.54,32.38,25.87,87.41,99.56,Rajshahi
2024-07-03,29.38,26.55,33.51,45.63,86.7,99.69,Rajshahi
2024-07-04,29.49,26.94,32.63,16.63,87.73,99.9,Rajshahi
2024-07-05,28.96,27.17,31.69,27.47,89.11,99.85,Rajshahi
2024-07-06,29.3,26.89,32.8,19.57,86.56,99.87,Rajshahi
2024-07-07,29.46,26.72,32.77,13.23,84.56,100.04,Rajshahi
2024-07-08,29.42,26.19,33.2,1.86,83.97,100.07,Rajshahi
2024-07-09,29.54,26.67,33.33,2.04,84.98,100.15,Rajshahi
2024-07-10,29.39,27.16,32.13,3.67,87.04,100.17,Rajshahi
2024-07-11,29.63,27.07,32.92,23.07,87.89,99.87,Rajshahi
2024-07-12,29.08,27.12,31.79,54.29,89.31,99.69,Rajshahi
2024-07-13,29.51,26.3,33.43,8.18,83.86,99.6,Rajshahi
2024-07-14,29.85,26.64,33.49,9.28,84.9,99.6,Rajshahi
2024-07-15,29.51,26.65,32.57,0.6,86.81,99.84,Rajshahi
2024-07-16,29.54,26.93,32.49,1.57,87.9,99.96,Rajshahi
2024-07-17,30.13,27.32,33.92,0.42,84.56,99.88,Rajshahi
2024-07-18,30.32,26.76,33.41,0.41,82.7,99.77,Rajshahi
2024-07-19,30.22,26.99,34.11,1.86,84.35,99.61,Rajshahi
2024-07-20,29.84,27.02,33.74,4.65,85.31,99.68,Rajshahi
2024-07-21,29.66,26.92,33.24,2.37,85.76,99.69,Rajshahi
2024-07-22,29.5,26.92,32.67,2.15,87.55,99.75,Rajshahi
2024-07-23,29.48,26.7,33.21,2.61,86.23,99.59,Rajshahi
2024-07-24,30.03,26.67,34.0,2.98,85.66,99.22,Rajshahi
2024-07-25,30.03,27.42,33.24,1.15,86.14,99.11,Rajshahi
2024-07-26,30.82,27.92,34.82,2.09,84.75,99.12,Rajshahi
2024-07-27,30.33,27.3,34.22,1.79,84.95,99.43,Rajshahi
2024-07-28,30.36,27.14,34.17,0.43,84.16,99.62,Rajshahi
2024-07-29,29.95,27.15,33.47,0.99,85.55,99.61,Rajshahi
2024-07-30,29.33,27.44,31.99,2.29,89.07,99.73,Rajshahi
2024-07-31,29.78,26.93,33.3,3.97,86.27,99.83,Rajshahi
2024-08-01,29.03,26.81,32.51,19.72,88.45,99.51,Rajshahi
2024-08-02,27.69,26.7,28.82,75.66,92.79,99.64,Rajshahi
2024-08-03,28.0,26.42,30.21,23.23,90.21,100.03,Rajshahi
2024-08-04,28.5,26.11,31.44,9.19,87.88,100.21,Rajshahi
2024-08-05,28.94,26.6,32.34,15.22,87.39,100.14,Rajshahi
2024-08-06,28.27,26.54,30.48,10.51,90.8,100.0,Rajshahi
2024-08-07,28.72,26.7,32.01,7.1,88.74,100.02,Rajshahi
2024-08-08,28.53,26.19,31.83,5.51,88.47,100.15,Rajshahi
2024-08-09,28.67,25.82,31.87,12.24,87.56,100.22,Rajshahi
2024-08-10,29.37,26.5,32.94,18.52,86.42,100.13,Rajshahi
2024-08-11,28.95,26.28,32.04,5.95,86.76,100.09,Rajshahi
2024-08-12,28.49,26.59,30.63,22.75,89.83,100.12,Rajshahi
2024-08-13,28.93,26.88,31.39,14.82,90.43,100.16,Rajshahi
2024-08-14,29.07,26.32,32.44,3.74,89.19,100.18,Rajshahi
2024-08-15,28.73,26.62,30.86,3.86,89.88,100.09,Rajshahi
2024-08-16,28.45,26.21,31.29,8.62,90.02,100.04,Rajshahi
2024-08-17,28.46,25.12,32.39,4.49,86.79,100.12,Rajshahi
2024-08-18,27.97,25.43,31.42,4.68,88.49,100.21,Rajshahi
2024-08-19,27.91,25.71,30.72,4.57,89.65,100.02,Rajshahi
2024-08-20,28.66,25.61,32.18,4.27,89.53,100.03,Rajshahi
2024-08-21,28.03,25.94,30.67,4.63,89.5,100.15,Rajshahi
2024-08-22,27.83,25.89,29.97,20.35,91.19,100.16,Rajshahi
2024-08-23,27.62,26.2,29.35,40.5,93.23,100.23,Rajshahi
2024-08-24,27.88,26.19,30.45,5.66,91.75,100.25,Rajshahi
2024-08-25,26.94,25.35,28.97,15.36,91.75,100.11,Rajshahi
2024-08-26,26.94,25.45,28.85,5.9,93.14,100.0,Rajshahi
2024-08-27,27.75,25.18,31.13,2.35,88.69,100.32,Rajshahi
2024-08-28,27.1,24.97,29.39,2.18,88.26,100.28,Rajshahi
2024-08-29,28.47,24.82,31.38,0.82,82.11,100.2,Rajshahi
2024-08-30,28.83,26.06,31.28,4.1,86.1,100.22,Rajshahi
2024-08-31,28.67,25.47,32.08,3.58,88.05,100.25,Rajshahi
2024-09-01,28.53,26.33,31.44,3.71,88.91,100.37,Rajshahi
2024-09-02,28.83,26.12,31.99,2.04,87.18,100.36,Rajshahi
2024-09-03,28.6,26.32,31.4,13.71,88.2,100.39,Rajshahi
2024-09-04,28.39,26.13,31.32,5.39,88.9,100.15,Rajshahi
2024-09-05,28.33,25.97,31.1,12.01,88.9,100.05,Rajshahi
2024-09-06,29.11,26.11,31.77,7.04,84.5,100.11,Rajshahi
2024-09-07,28.89,25.91,31.84,6.31,85.87,100.12,Rajshahi
2024-09-08,29.72,26.7,33.21,4.17,85.89,100.09,Rajshahi
2024-09-09,29.02,26.42,31.92,0.9,88.84,99.93,Rajshahi
2024-09-10,28.92,27.05,31.55,0.52,90.64,99.91,Rajshahi
2024-09-11,28.69,27.02,30.66,6.28,90.87,100.02,Rajshahi
2024-09-12,29.94,26.92,33.28,2.46,83.09,99.97,Rajshahi
2024-09-13,29.38,27.07,32.96,13.0,86.83,99.76,Rajshahi
2024-09-14,27.24,26.12,29.49,48.75,92.58,99.54,Rajshahi
2024-09-15,26.32,24.39,28.57,38.08,92.78,99.55,Rajshahi
2024-09-16,26.77,25.21,28.9,42.81,93.62,99.94,Rajshahi
2024-09-17,28.31,25.58,31.7,1.44,87.39,100.3,Rajshahi
2024-09-18,29.45,25.87,33.2,2.0,81.42,100.22,Rajshahi
2024-09-19,29.47,25.58,33.45,0.0,84.59,100.15,Rajshahi
2024-09-20,29.97,26.31,34.19,0.0,84.34,100.13,Rajshahi
2024-09-21,30.26,26.63,33.8,1.5,82.84,100.23,Rajshahi
2024-09-22,29.49,27.27,32.08,7.37,87.07,100.15,Rajshahi
2024-09-23,29.94,26.16,33.29,2.77,84.49,100.13,Rajshahi
2024-09-24,27.96,26.38,30.28,26.06,92.76,100.2,Rajshahi
2024-09-25,27.14,25.99,28.87,50.62,94.05,100.37,Rajshahi
2024-09-26,26.6,25.43,28.42,63.55,94.95,100.58,Rajshahi
2024-09-27,26.77,25.08,28.97,20.16,93.69,100.72,Rajshahi
2024-09-28,27.92,25.27,31.18,10.28,90.45,100.62,Rajshahi
2024-09-29,28.13,26.16,31.02,8.1,90.72,100.55,Rajshahi
2024-09-30,28.67,26.17,31.73,4.72,89.38,100.42,Rajshahi
2024-10-01,28.84,26.14,31.56,5.03,88.28,100.2,Rajshahi
2024-10-02,28.78,25.91,31.57,2.36,85.38,100.14,Rajshahi
2024-10-03,27.99,25.65,31.2,27.41,87.56,100.07,Rajshahi
2024-10-04,27.7,25.41,30.64,8.27,87.81,100.22,Rajshahi
2024-10-05,26.63,25.6,28.49,11.63,93.95,100.45,Rajshahi
2024-10-06,27.11,25.5,29.75,10.9,91.37,100.75,Rajshahi
2024-10-07,27.21,24.46,30.52,9.58,88.93,101.01,Rajshahi
2024-10-08,26.94,24.41,30.08,7.68,89.54,100.98,Rajshahi
2024-10-09,26.87,24.55,30.05,6.18,90.92,100.75,Rajshahi
2024-10-10,27.24,24.81,30.34,6.82,90.74,100.61,Rajshahi
2024-10-11,27.67,25.25,31.37,3.42,88.45,100.57,Rajshahi
2024-10-12,27.47,24.69,30.96,0.67,84.66,100.75,Rajshahi
2024-10-13,27.23,24.02,30.72,0.02,80.86,100.88,Rajshahi
2024-10-14,27.47,24.57,30.68,0.09,78.4,100.86,Rajshahi
2024-10-15,27.23,24.81,30.39,1.08,79.02,100.8,Rajshahi
2024-10-16,27.25,23.91,31.2,0.62,79.24,100.82,Rajshahi
2024-10-17,26.38,23.7,29.28,17.14,90.44,100.79,Rajshahi
2024-10-18,26.96,24.37,30.04,10.96,88.3,100.74,Rajshahi
2024-10-19,26.66,23.64,30.13,3.53,82.91,100.88,Rajshahi
2024-10-20,25.25,22.45,29.12,0.06,84.01,101.05,Rajshahi
2024-10-21,25.03,21.21,29.03,0.0,86.88,100.94,Rajshahi
2024-10-22,26.08,21.35,30.3,0.0,84.03,100.87,Rajshahi
2024-10-23,26.24,23.13,30.17,6.79,89.71,100.79,Rajshahi
2024-10-24,24.9,23.5,26.86,11.73,92.71,100.74,Rajshahi
2024-10-25,25.23,22.82,28.25,7.83,91.38,100.69,Rajshahi
2024-10-26,26.51,24.14,30.07,42.86,90.89,100.7,Rajshahi
2024-10-27,26.76,23.23,30.42,2.28,85.04,100.66,Rajshahi
2024-10-28,27.0,23.24,30.42,0.0,81.49,100.59,Rajshahi
2024-10-29,26.76,23.64,30.63,0.27,87.65,100.63,Rajshahi
2024-10-30,26.91,23.52,30.55,0.15,88.19,100.73,Rajshahi
2024-10-31,27.42,23.59,31.05,0.08,83.95,100.79,Rajshahi
2024-11-01,26.66,23.39,30.21,0.0,81.85,100.96,Rajshahi
2024-11-02,25.5,21.48,30.03,0.02,82.26,101.09,Rajshahi
2024-11-03,25.56,21.96,29.25,0.0,79.33,101.08,Rajshahi
2024-11-04,25.01,21.25,28.68,0.0,78.46,101.05,Rajshahi
2024-11-05,24.42,20.05,28.49,0.02,82.73,101.15,Rajshahi
2024-11-06,24.6,20.73,29.11,1.98,83.7,101.18,Rajshahi
2024-11-07,24.85,21.0,28.76,2.41,81.91,101.19,Rajshahi
2024-11-08,24.45,19.88,28.91,0.03,81.1,101.17,Rajshahi
2024-11-09,23.7,19.68,28.67,0.0,83.56,101.18,Rajshahi
2024-11-10,23.32,17.82,28.29,0.0,79.45,101.2,Rajshahi
2024-11-11,23.69,18.36,27.99,0.0,77.44,101.14,Rajshahi
2024-11-12,23.9,19.15,28.04,0.0,73.94,101.07,Rajshahi
2024-11-13,23.31,18.44,27.75,0.0,77.28,101.0,Rajshahi
2024-11-14,23.04,18.23,27.56,0.0,78.66,101.11,Rajshahi
2024-11-15,21.61,16.53,26.97,0.0,81.72,101.06,Rajshahi
2024-11-16,20.94,15.23,26.76,0.0,78.14,101.0,Rajshahi
2024-11-17,20.86,15.1,25.97,0.0,72.08,101.02,Rajshahi
2024-11-18,21.08,16.68,25.59,0.0,71.61,101.15,Rajshahi
2024-11-19,21.23,16.0,25.83,0.0,76.49,101.21,Rajshahi
2024-11-20,20.64,15.44,25.62,0.0,79.13,101.12,Rajshahi
2024-11-21,21.64,16.91,25.91,0.0,68.77,101.09,Rajshahi
2024-11-22,21.29,16.84,25.68,0.0,78.76,101.09,Rajshahi
2024-11-23,21.17,17.41,26.0,0.0,80.09,101.22,Rajshahi
2024-11-24,20.03,14.87,24.71,0.0,74.28,101.28,Rajshahi
2024-11-25,20.36,16.04,24.86,0.0,71.62,101.3,Rajshahi
2024-11-26,19.67,14.1,25.06,0.0,78.84,101.21,Rajshahi
2024-11-27,19.9,14.55,25.4,0.0,84.95,101.13,Rajshahi
2024-11-28,19.92,14.96,25.57,0.0,83.82,101.25,Rajshahi
2024-11-29,19.54,13.67,25.87,0.0,81.66,101.24,Rajshahi
2024-11-30,19.17,14.24,25.06,0.01,79.99,101.14,Rajshahi
2024-12-01,18.41,13.42,23.23,0.05,76.64,101.0,Rajshahi
2024-12-02,18.31,12.78,24.4,0.01,80.2,101.06,Rajshahi
2024-12-03,19.17,13.14,24.95,0.0,78.2,101.14,Rajshahi
2024-12-04,18.38,12.5,23.97,0.0,75.28,101.11,Rajshahi
2024-12-05,18.21,12.46,24.96,0.0,80.03,101.07,Rajshahi
2024-12-06,17.38,10.63,24.19,0.0,74.16,101.06,Rajshahi
2024-12-07,18.03,13.01,24.15,0.0,69.38,101.14,Rajshahi
2024-12-08,17.11,11.23,23.26,0.0,75.49,101.17,Rajshahi
2024-12-09,17.66,12.97,22.68,0.12,78.25,101.1,Rajshahi
2024-12-10,18.87,14.8,23.75,0.05,77.45,101.18,Rajshahi
2024-12-11,16.03,10.57,22.12,0.15,78.11,101.35,Rajshahi
2024-12-12,15.49,9.49,21.44,0.0,80.81,101.21,Rajshahi
2024-12-13,15.41,9.37,21.89,0.0,79.85,101.27,Rajshahi
2024-12-14,14.42,7.91,21.84,0.0,78.03,101.45,Rajshahi
2024-12-15,15.69,9.76,22.51,0.0,83.67,101.5,Rajshahi
2024-12-16,16.94,9.87,22.93,0.0,77.03,101.36,Rajshahi
2024-12-17,16.89,10.23,22.99,0.0,74.89,101.23,Rajshahi
2024-12-18,16.56,10.56,22.86,0.0,76.91,101.19,Rajshahi
2024-12-19,17.31,10.15,23.59,0.0,79.97,101.28,Rajshahi
2024-12-20,17.56,11.0,23.38,0.0,80.41,101.18,Rajshahi
2024-12-21,17.37,13.48,22.51,0.01,83.25,101.2,Rajshahi
2024-12-22,17.26,13.21,23.32,0.02,82.49,101.32,Rajshahi
2024-12-23,16.58,11.04,22.89,0.0,82.91,101.33,Rajshahi
2024-12-24,17.17,10.45,23.47,0.0,74.27,101.3,Rajshahi
2024-12-25,17.56,11.26,23.4,0.0,72.81,101.49,Rajshahi
2024-12-26,17.82,12.07,23.95,0.0,79.46,101.68,Rajshahi
2024-12-27,17.17,11.7,23.84,0.0,83.75,101.67,Rajshahi
2024-12-28,17.73,11.13,24.49,0.0,79.87,101.49,Rajshahi
2024-12-29,18.9,13.77,24.9,0.0,78.76,101.4,Rajshahi
2024-12-30,19.25,14.29,24.6,0.0,81.57,101.47,Rajshahi
2024-12-31,16.15,11.42,21.77,0.0,77.65,101.54,Rajshahi
2025-01-01,15.21,9.82,21.82,0.0,80.43,101.36,Rajshahi
2025-01-02,14.87,8.96,21.6,0.0,79.83,101.39,Rajshahi
2025-01-03,15.61,9.28,21.99,0.0,82.03,101.42,Rajshahi
2025-01-04,16.71,10.32,23.09,0.0,80.59,101.27,Rajshahi
2025-01-05,17.71,11.8,23.95,0.0,85.14,101.33,Rajshahi
2025-01-06,19.89,14.19,25.01,0.0,77.04,101.18,Rajshahi
2025-01-07,19.06,14.96,23.79,0.0,80.1,101.07,Rajshahi
2025-01-08,15.43,10.11,21.33,0.0,74.8,101.29,Rajshahi
2025-01-09,15.27,9.26,21.06,0.0,73.43,101.56,Rajshahi
2025-01-10,14.78,8.32,20.85,0.0,74.82,101.69,Rajshahi
2025-01-11,16.62,9.24,23.51,0.0,76.05,101.66,Rajshahi
2025-01-12,18.22,12.19,24.05,0.0,70.9,101.5,Rajshahi
2025-01-13,18.52,13.83,23.95,0.0,70.06,101.33,Rajshahi
2025-01-14,17.61,11.83,23.86,0.0,74.46,101.57,Rajshahi
2025-01-15,16.07,9.93,22.59,0.0,79.64,101.67,Rajshahi
2025-01-16,17.17,10.39,23.42,0.0,77.92,101.56,Rajshahi
2025-01-17,18.16,12.02,24.5,0.0,76.0,101.41,Rajshahi
2025-01-18,18.27,11.7,24.36,0.0,69.84,101.35,Rajshahi
2025-01-19,17.11,10.51,23.74,0.0,68.04,101.22,Rajshahi
2025-01-20,16.55,9.43,23.61,0.0,64.4,101.06,Rajshahi
2025-01-21,17.04,10.11,24.2,0.0,71.04,100.99,Rajshahi
2025-01-22,16.98,10.15,24.2,0.0,70.43,101.07,Rajshahi
2025-01-23,17.29,10.32,24.93,0.0,69.3,101.12,Rajshahi
2025-01-24,18.23,11.21,24.76,0.0,65.69,101.06,Rajshahi
2025-01-25,17.72,12.26,23.71,0.0,69.45,101.2,Rajshahi
2025-01-26,16.23,10.17,22.63,0.0,64.8,101.21,Rajshahi
2025-01-27,17.15,10.83,23.72,0.0,68.33,100.99,Rajshahi
2025-01-28,17.01,10.55,24.36,0.0,60.07,101.12,Rajshahi
2025-01-29,17.9,12.33,24.23,0.0,56.61,101.34,Rajshahi
2025-01-30,19.06,12.45,26.14,1.94,73.13,100.91,Rajshahi
2025-01-31,19.46,13.5,27.3,0.0,68.96,100.9,Rajshahi
2025-02-01,19.91,12.65,26.77,0.0,65.57,101.01,Rajshahi
2025-02-02,19.96,12.57,27.28,0.0,67.02,100.98,Rajshahi
2025-02-03,19.43,13.25,26.71,0.0,62.3,101.1,Rajshahi
2025-02-04,19.39,13.27,26.34,0.0,54.49,101.11,Rajshahi
2025-02-05,20.6,12.8,28.7,0.0,62.97,100.85,Rajshahi
2025-02-06,20.19,13.7,28.63,0.0,66.94,100.95,Rajshahi
2025-02-07,17.41,8.39,27.46,0.0,50.5,101.13,Rajshahi
2025-02-08,17.06,8.88,25.24,0.0,49.68,101.22,Rajshahi
2025-02-09,18.57,11.68,25.93,0.0,43.79,101.12,Rajshahi
2025-02-10,18.76,11.63,27.46,0.0,54.47,101.11,Rajshahi
2025-02-11,19.4,11.21,29.16,0.0,60.7,100.97,Rajshahi
2025-02-12,20.71,13.96,29.73,0.0,59.46,100.98,Rajshahi
2025-02-13,20.42,13.86,29.84,0.0,57.69,100.93,Rajshahi
2025-02-14,18.62,9.7,28.22,0.0,45.45,100.94,Rajshahi
2025-02-15,18.72,11.46,27.47,0.0,48.03,100.98,Rajshahi
2025-02-16,19.72,11.68,28.91,0.0,52.61,101.02,Rajshahi
2025-02-17,20.78,13.36,29.53,0.0,58.39,101.19,Rajshahi
2025-02-18,22.25,14.44,30.5,0.0,58.76,101.11,Rajshahi
2025-02-19,22.48,15.57,30.04,0.0,57.8,101.04,Rajshahi
2025-02-20,22.86,16.06,30.03,0.27,58.59,101.22,Rajshahi
2025-02-21,22.66,16.09,30.48,0.12,62.24,101.19,Rajshahi
2025-02-22,23.34,15.81,31.65,0.15,64.87,101.2,Rajshahi
2025-02-23,22.2,18.29,26.99,9.62,73.44,101.36,Rajshahi
2025-02-24,22.62,15.96,29.98,0.02,62.94,101.46,Rajshahi
2025-02-25,22.85,16.55,30.37,0.0,46.15,101.56,Rajshahi
2025-02-26,21.82,15.1,29.48,0.0,49.9,101.58,Rajshahi
2025-02-27,23.23,17.38,30.12,0.0,47.71,101.32,Rajshahi
2025-02-28,24.2,16.82,31.33,0.0,52.58,101.16,Rajshahi
2025-03-01,24.58,16.94,33.59,0.19,58.91,100.85,Rajshahi
2025-03-02,25.78,18.51,35.1,0.05,56.36,100.57,Rajshahi
2025-03-03,25.22,19.06,34.2,0.0,49.45,100.74,Rajshahi
2025-03-04,24.04,15.15,33.21,0.0,43.1,100.75,Rajshahi
2025-03-05,23.4,16.65,32.94,0.0,43.56,100.63,Rajshahi
2025-03-06,22.63,13.65,30.77,0.0,34.6,100.92,Rajshahi
2025-03-07,22.26,15.57,30.9,0.0,36.1,100.75,Rajshahi
2025-03-08,22.78,14.45,32.05,0.0,43.64,100.65,Rajshahi
2025-03-09,23.74,15.2,32.19,0.0,47.4,101.1,Rajshahi
2025-03-10,25.68,17.74,33.55,0.0,49.66,101.28,Rajshahi
2025-03-11,27.01,20.09,34.84,0.0,47.85,101.0,Rajshahi
2025-03-12,26.74,18.99,35.19,0.0,44.56,100.57,Rajshahi
2025-03-13,27.03,18.56,36.24,0.0,48.23,100.4,Rajshahi
2025-03-14,28.27,20.47,38.13,0.0,42.23,100.52,Rajshahi
2025-03-15,28.58,20.52,37.79,0.0,45.13,100.68,Rajshahi
2025-03-16,28.92,19.4,39.98,0.0,48.33,100.59,Rajshahi
2025-03-17,29.52,22.1,38.36,0.01,47.13,100.51,Rajshahi
2025-03-18,28.43,21.65,36.29,0.0,40.01,100.67,Rajshahi
2025-03-19,27.88,19.0,37.06,0.0,37.63,100.99,Rajshahi
2025-03-20,28.31,20.8,36.47,0.11,42.97,101.1,Rajshahi
2025-03-21,23.6,20.72,27.6,3.36,68.02,101.32,Rajshahi
2025-03-22,24.8,20.15,31.17,0.87,66.29,101.21,Rajshahi
2025-03-23,25.14,19.83,31.68,1.46,60.02,101.26,Rajshahi
2025-03-24,26.13,19.38,33.11,0.0,49.97,101.14,Rajshahi
2025-03-25,27.55,20.32,34.87,0.0,41.43,100.7,Rajshahi
2025-03-26,27.98,19.62,36.37,0.0,44.39,100.43,Rajshahi
2025-03-27,28.71,19.57,38.03,0.0,43.93,100.21,Rajshahi
2025-03-28,29.96,19.85,40.32,0.0,33.81,100.1,Rajshahi
2025-03-29,30.16,22.14,40.26,0.0,27.68,100.26,Rajshahi
2025-03-30,28.89,19.18,39.32,0.0,24.01,100.61,Rajshahi
2025-03-31,28.5,19.79,38.02,0.0,34.6,100.59,Rajshahi
2025-04-01,28.9,20.52,38.57,0.0,45.48,100.54,Rajshahi
2025-04-02,29.64,21.49,39.4,0.0,44.92,100.67,Rajshahi
2025-04-03,29.74,21.91,39.77,2.61,42.23,100.77,Rajshahi
2025-04-04,30.23,22.88,38.7,0.0,33.06,100.63,Rajshahi
2025-04-05,30.94,23.06,39.97,0.05,36.18,100.48,Rajshahi
2025-04-06,31.04,21.02,40.34,0.04,40.98,100.47,Rajshahi
2025-04-07,30.01,24.15,36.94,4.09,48.96,100.81,Rajshahi
2025-04-08,29.5,23.88,35.65,4.15,55.52,101.07,Rajshahi
2025-04-09,30.02,23.56,36.8,0.06,54.54,100.82,Rajshahi
2025-04-10,29.86,23.93,36.02,0.49,50.1,100.45,Rajshahi
2025-04-11,27.62,24.54,31.37,28.2,66.85,100.33,Rajshahi
2025-04-12,28.69,23.33,34.28,1.64,62.43,100.46,Rajshahi
2025-04-13,27.57,24.07,31.41,4.35,66.74,100.72,Rajshahi
2025-04-14,28.58,23.44,34.71,2.2,61.72,100.74,Rajshahi
2025-04-15,28.78,22.68,34.09,4.86,60.53,100.77,Rajshahi
2025-04-16,28.05,23.09,33.26,5.77,64.9,100.64,Rajshahi
2025-04-17,27.93,23.54,33.56,7.18,68.83,100.54,Rajshahi
2025-04-18,26.83,22.59,31.4,11.83,76.07,100.5,Rajshahi
2025-04-19,28.58,23.4,34.24,0.49,65.17,100.42,Rajshahi
2025-04-20,30.55,23.87,37.19,0.37,63.0,100.34,Rajshahi
2025-04-21,32.29,26.07,39.49,1.9,63.6,100.43,Rajshahi
2025-04-22,32.71,26.47,40.28,0.92,60.78,100.38,Rajshahi
2025-04-23,32.77,26.17,42.68,0.33,48.95,100.07,Rajshahi
2025-04-24,32.13,25.16,42.14,0.11,48.86,100.1,Rajshahi
2025-04-25,32.01,24.88,41.98,0.0,50.89,100.18,Rajshahi
2025-04-26,32.15,24.13,41.82,0.02,53.89,100.25,Rajshahi
2025-04-27,32.01,25.4,39.4,0.19,55.78,100.5,Rajshahi
2025-04-28,29.24,25.21,34.28,2.49,64.18,100.59,Rajshahi
2025-04-29,27.54,23.44,33.12,7.29,67.97,100.64,Rajshahi
2025-04-30,28.24,22.69,33.8,1.3,62.4,100.73,Rajshahi
2025-05-01,28.33,23.42,33.01,3.96,62.14,100.84,Rajshahi
2025-05-02,28.79,22.95,34.02,2.98,58.01,100.67,Rajshahi
2025-05-03,29.87,23.01,36.37,0.54,54.44,100.48,Rajshahi
2025-05-04,30.16,24.19,36.35,2.14,58.86,100.35,Rajshahi
2025-05-05,30.39,24.3,36.0,3.99,59.61,100.41,Rajshahi
2025-05-06,29.5,25.03,34.18,18.04,65.78,100.46,Rajshahi
2025-05-07,30.45,24.47,36.86,0.01,59.18,100.3,Rajshahi
2025-05-08,32.83,25.34,39.92,0.59,50.0,100.27,Rajshahi
2025-05-09,33.68,26.87,40.94,0.04,46.37,100.34,Rajshahi
2025-05-10,34.41,26.95,41.71,0.12,44.05,100.26,Rajshahi
2025-05-11,35.23,28.38,41.68,0.01,40.19,100.12,Rajshahi
2025-05-12,34.25,27.71,41.22,0.92,50.59,99.99,Rajshahi
2025-05-13,33.46,27.08,40.29,2.22,54.26,100.03,Rajshahi
2025-05-14,34.14,27.3,42.06,0.23,51.83,100.1,Rajshahi
2025-05-15,33.26,27.17,40.74,3.01,58.17,100.21,Rajshahi
2025-05-16,31.76,26.26,38.08,8.46,66.59,100.23,Rajshahi
2025-05-17,31.06,26.58,36.64,17.11,72.38,100.28,Rajshahi
2025-05-18,29.78,25.36,35.21,12.96,74.78,100.39,Rajshahi
2025-05-19,29.87,25.8,34.37,15.38,75.74,100.38,Rajshahi
2025-05-20,30.33,26.02,35.67,14.61,76.46,100.17,Rajshahi
2025-05-21,30.22,26.35,35.35,18.1,77.64,100.26,Rajshahi
2025-05-22,29.46,26.39,33.31,21.93,76.52,100.24,Rajshahi
2025-05-23,28.82,25.49,32.28,12.04,79.68,100.1,Rajshahi
2025-05-24,29.11,25.82,32.99,9.26,80.33,100.09,Rajshahi
2025-05-25,27.85,26.1,30.11,36.57,87.91,100.18,Rajshahi
2025-05-26,27.62,25.76,30.55,17.87,88.2,100.06,Rajshahi
2025-05-27,29.19,25.41,33.24,3.93,81.64,99.81,Rajshahi
2025-05-28,29.23,25.92,33.63,6.65,82.16,99.54,Rajshahi
2025-05-29,28.36,25.79,31.5,30.91,86.98,99.18,Rajshahi
2025-05-30,28.88,25.15,33.23,8.13,79.33,99.15,Rajshahi
2025-05-31,29.57,26.59,32.86,3.48,85.05,99.68,Rajshahi
2025-06-01,30.64,26.8,35.82,16.12,77.75,99.63,Rajshahi
2025-06-02,30.88,26.46,37.16,13.06,72.65,99.66,Rajshahi
2025-06-03,29.77,24.18,35.88,12.52,75.49,99.88,Rajshahi
2025-06-04,28.93,26.22,33.16,20.33,81.14,100.23,Rajshahi
2025-06-05,29.14,25.11,33.09,3.52,76.99,100.39,Rajshahi
2025-06-06,29.82,25.68,34.05,3.56,74.08,100.38,Rajshahi
2025-06-07,29.3,25.18,33.88,1.69,76.2,100.3,Rajshahi
2025-06-08,29.54,24.67,34.48,1.45,74.75,100.15,Rajshahi
2025-06-09,29.94,25.24,34.7,1.44,75.93,100.0,Rajshahi
2025-06-10,30.57,25.73,35.18,0.29,75.9,99.93,Rajshahi
2025-06-11,29.97,26.58,33.43,1.1,81.86,100.02,Rajshahi
2025-06-12,30.26,26.56,33.64,0.14,79.17,100.04,Rajshahi
2025-06-13,30.76,26.72,34.83,0.26,77.08,100.03,Rajshahi
2025-06-14,30.32,27.16,34.39,0.06,77.84,99.87,Rajshahi
2025-06-15,30.17,27.01,34.67,2.85,79.06,99.85,Rajshahi
2025-06-16,29.12,26.89,32.21,9.63,85.82,99.74,Rajshahi
2025-06-17,28.65,26.59,31.9,21.94,87.87,99.57,Rajshahi
2025-06-18,28.31,26.4,31.18,15.97,90.14,99.31,Rajshahi
2025-06-19,28.38,26.29,30.51,10.07,87.01,99.42,Rajshahi
2025-06-20,28.96,26.32,32.56,22.22,86.37,99.72,Rajshahi
2025-06-21,29.54,26.53,33.15,4.39,83.37,99.84,Rajshahi
2025-06-22,29.16,26.76,32.39,3.51,86.4,99.79,Rajshahi
2025-06-23,28.75,26.55,31.58,15.66,87.64,99.65,Rajshahi
2025-06-24,29.17,26.62,32.26,12.06,86.72,99.58,Rajshahi
2025-06-25,28.63,26.27,31.87,5.07,87.1,99.82,Rajshahi
2025-06-26,29.02,26.33,32.79,5.51,86.96,99.96,Rajshahi
2025-06-27,29.4,26.42,33.32,5.23,84.86,99.87,Rajshahi
2025-06-28,29.38,26.57,32.78,1.88,84.54,99.64,Rajshahi
2025-06-29,29.56,26.42,33.37,1.68,84.43,99.4,Rajshahi
2025-06-30,29.05,26.25,32.3,4.73,87.67,99.43,Rajshahi
2025-07-01,29.33,26.54,32.85,8.17,85.39,99.62,Rajshahi
2025-07-02,29.04,26.2,32.4,6.92,87.06,99.72,Rajshahi
2025-07-03,29.54,26.46,33.09,11.29,86.38,99.76,Rajshahi
2025-07-04,29.04,26.85,32.48,17.78,88.18,99.71,Rajshahi
2025-07-05,29.15,26.07,33.05,9.91,84.85,99.6,Rajshahi
2025-07-06,28.75,26.49,32.03,8.2,87.44,99.54,Rajshahi
2025-07-07,28.7,26.1,32.33,5.33,86.08,99.51,Rajshahi
2025-07-08,28.3,25.9,31.88,16.06,85.88,99.51,Rajshahi
2025-07-09,27.61,25.88,30.7,37.18,90.77,99.69,Rajshahi
2025-07-10,28.05,25.57,31.27,17.17,88.6,99.88,Rajshahi
2025-07-11,28.89,25.75,32.64,1.43,86.38,99.83,Rajshahi
2025-07-12,29.25,26.35,32.42,0.48,85.9,99.87,Rajshahi
2025-07-13,29.61,27.13,32.98,6.85,83.74,99.91,Rajshahi
2025-07-14,27.57,26.06,29.81,55.87,91.05,99.79,Rajshahi
2025-07-15,27.8,26.12,29.78,28.08,91.72,99.79,Rajshahi
2025-07-16,27.97,26.46,30.04,21.75,90.45,100.07,Rajshahi
2025-07-17,28.25,25.92,31.07,12.93,87.96,100.23,Rajshahi
2025-07-18,29.14,25.48,32.85,7.22,86.33,100.06,Rajshahi
2025-07-19,29.14,26.74,32.51,5.13,87.31,99.67,Rajshahi
2025-07-20,28.83,26.84,30.65,10.17,86.26,99.73,Rajshahi
2025-07-21,29.64,25.91,33.27,7.89,82.04,99.81,Rajshahi
2025-07-22,29.41,26.87,32.05,2.42,85.89,99.66,Rajshahi
2025-07-23,30.9,26.46,34.53,0.81,80.95,99.34,Rajshahi
2025-07-24,30.42,27.87,32.57,9.26,84.64,99.12,Rajshahi
2025-07-25,29.05,27.12,32.22,8.33,88.9,99.07,Rajshahi
2025-07-26,28.94,26.54,32.3,5.62,88.85,99.49,Rajshahi
2025-07-27,29.48,26.67,33.12,16.45,86.06,99.54,Rajshahi
2025-07-28,28.72,26.65,31.47,10.85,88.66,99.58,Rajshahi
2025-07-29,28.38,26.63,31.15,28.52,89.99,99.59,Rajshahi
2025-07-30,28.57,26.06,32.04,17.71,88.49,99.77,Rajshahi
2025-07-31,28.36,25.16,32.26,20.75,87.68,99.75,Rajshahi
2025-08-01,29.23,26.15,32.99,17.27,87.08,99.73,Rajshahi
2025-08-02,28.68,26.91,31.5,22.36,91.67,99.87,Rajshahi
2025-08-03,28.08,26.7,29.6,43.41,93.27,100.17,Rajshahi
2025-08-04,27.8,26.29,29.51,25.35,92.89,100.29,Rajshahi
2025-08-05,27.82,25.55,30.29,17.74,89.98,100.34,Rajshahi
2025-08-06,28.16,25.57,31.15,8.61,87.3,100.19,Rajshahi
2025-08-07,28.32,25.79,31.65,10.69,88.23,100.05,Rajshahi
2025-08-08,27.4,25.73,29.76,13.77,93.03,100.22,Rajshahi
2025-08-09,27.8,24.81,31.19,2.49,88.27,100.46,Rajshahi
2025-08-10,28.37,25.86,31.31,5.57,89.6,100.27,Rajshahi
2025-08-11,28.95,26.21,32.22,3.57,89.37,100.11,Rajshahi
2025-08-12,29.01,26.84,31.95,8.75,90.55,99.96,Rajshahi
2025-08-13,27.76,25.55,29.92,15.31,91.32,100.17,Rajshahi
2025-08-14,27.27,24.78,29.97,14.61,90.7,100.28,Rajshahi
2025-08-15,27.99,25.08,31.15,3.5,87.98,100.07,Rajshahi
2025-08-16,28.84,25.62,32.18,3.25,86.92,99.96,Rajshahi
2025-08-17,28.28,26.32,30.59,6.43,90.1,100.08,Rajshahi
2025-08-18,27.81,25.53,30.91,5.59,91.47,100.23,Rajshahi
2025-08-19,28.12,25.72,30.91,3.84,90.35,100.19,Rajshahi
2025-08-20,28.06,25.89,30.96,7.68,90.25,100.17,Rajshahi
2025-08-21,28.17,25.83,31.5,16.08,89.33,100.12,Rajshahi
2025-08-22,28.1,25.54,31.3,40.47,90.72,99.83,Rajshahi
2025-08-23,27.8,25.87,30.45,12.82,90.98,99.74,Rajshahi
2025-08-24,28.02,25.58,31.13,10.65,88.86,100.06,Rajshahi
2025-08-25,27.9,25.97,30.09,3.6,89.82,100.15,Rajshahi
2025-08-26,28.01,25.43,30.58,0.84,87.36,100.17,Rajshahi
2025-08-27,28.55,25.35,32.03,1.0,86.43,100.11,Rajshahi
2025-08-28,28.41,25.58,31.63,2.19,88.41,100.15,Rajshahi
2025-08-29,27.95,25.61,31.21,9.26,89.76,100.32,Rajshahi
2025-08-30,28.17,25.22,31.53,7.2,88.41,100.42,Rajshahi
2025-08-31,28.83,25.88,31.9,7.5,85.49,100.23,Rajshahi
2025-09-01,29.43,25.99,32.7,1.36,84.01,99.88,Rajshahi
2025-09-02,28.62,26.92,31.33,17.9,90.56,99.92,Rajshahi
2025-09-03,28.5,25.78,31.93,6.49,88.49,100.14,Rajshahi
2025-09-04,27.98,25.46,30.97,2.27,89.7,100.27,Rajshahi
2025-09-05,28.09,25.33,31.53,3.09,87.65,100.35,Rajshahi
2025-09-06,28.61,25.41,31.92,0.86,86.29,100.4,Rajshahi
2025-09-07,28.25,25.78,30.9,0.2,88.15,100.36,Rajshahi
2025-09-08,28.3,25.34,31.44,0.25,86.38,100.33,Rajshahi
2025-09-09,28.38,25.87,31.55,1.87,89.16,100.37,Rajshahi
2025-09-10,28.4,26.38,31.51,7.09,89.85,100.26,Rajshahi
2025-09-11,28.48,25.92,31.91,19.31,88.82,100.29,Rajshahi
2025-09-12,28.13,25.48,31.84,11.85,87.99,100.42,Rajshahi
2025-09-13,27.72,25.12,30.88,12.95,89.72,100.51,Rajshahi
2025-09-14,26.94,25.42,28.51,15.5,93.17,100.5,Rajshahi
2025-09-15,27.11,25.23,29.96,36.34,90.36,100.44,Rajshahi
2025-09-16,27.32,24.44,30.79,34.21,89.83,100.47,Rajshahi
2025-09-17,27.52,25.02,30.86,6.07,89.19,100.48,Rajshahi
2025-09-18,28.17,25.22,31.34,14.49,88.05,100.39,Rajshahi
2025-09-19,29.15,26.11,32.19,6.94,83.8,100.37,Rajshahi
2025-09-20,28.72,26.63,31.36,12.99,85.67,100.22,Rajshahi
2025-09-21,28.61,25.95,31.49,6.31,86.64,100.11,Rajshahi
2025-09-22,28.41,26.14,31.18,14.35,88.39,100.17,Rajshahi
2025-09-23,27.68,25.23,30.7,4.18,90.02,100.12,Rajshahi
2025-09-24,28.4,25.87,31.46,0.9,87.46,99.99,Rajshahi
2025-09-25,28.25,25.96,31.13,0.2,88.77,99.97,Rajshahi
2025-09-26,28.34,26.11,31.25,0.1,89.67,100.18,Rajshahi
2025-09-27,27.67,26.01,29.99,0.47,90.78,100.55,Rajshahi
2025-09-28,28.49,24.74,31.65,0.49,82.84,100.49,Rajshahi
2025-09-29,28.5,25.36,31.6,0.61,83.74,100.29,Rajshahi
2025-09-30,28.82,25.5,31.72,8.13,84.21,100.06,Rajshahi
2025-10-01,28.0,26.55,30.01,29.03,90.1,100.15,Rajshahi
2025-10-02,26.98,26.03,28.56,16.71,94.0,100.55,Rajshahi
2025-10-03,27.25,25.6,29.79,9.72,92.9,100.72,Rajshahi
2025-10-04,27.25,25.62,29.13,19.71,94.64,100.61,Rajshahi
2025-10-05,26.83,24.83,28.58,27.2,92.48,100.56,Rajshahi
2025-10-06,26.83,23.75,30.09,3.87,82.61,100.7,Rajshahi
2025-10-07,27.17,24.08,30.35,4.74,83.62,100.69,Rajshahi
2025-10-08,27.3,24.32,30.36,3.42,83.98,100.71,Rajshahi
2025-10-09,27.56,24.83,30.29,3.83,81.32,100.75,Rajshahi
2025-10-10,26.76,24.05,29.74,4.43,85.74,100.69,Rajshahi
2025-10-11,26.19,22.4,30.39,3.04,83.78,100.69,Rajshahi
2025-10-12,25.87,22.38,30.23,0.69,85.54,100.76,Rajshahi
2025-10-13,25.11,21.26,29.75,0.0,86.57,100.87,Rajshahi
2025-10-14,24.59,20.61,29.72,0.0,85.09,100.77,Rajshahi
2025-10-15,23.9,19.55,28.95,0.0,83.25,100.7,Rajshahi
2025-10-16,24.83,19.56,30.37,0.0,82.62,100.74,Rajshahi
2025-10-17,25.64,21.06,30.49,0.0,81.07,100.89,Rajshahi
2025-10-18,26.33,21.43,31.12,0.0,81.45,100.86,Rajshahi
2025-10-19,26.3,22.21,30.75,0.0,84.2,100.8,Rajshahi
2025-10-20,26.13,21.64,30.59,0.0,83.51,100.83,Rajshahi
2025-10-21,25.96,21.06,30.54,0.0,82.36,100.92,Rajshahi
2025-10-22,26.07,20.94,30.66,0.0,77.74,100.93,Rajshahi
2025-10-23,25.99,21.24,30.35,0.0,75.27,100.88,Rajshahi
2025-10-24,25.91,21.63,29.86,0.0,75.58,100.84,Rajshahi
2025-10-25,26.37,22.81,30.27,0.0,77.35,100.85,Rajshahi
2025-10-26,27.07,23.7,30.75,0.0,74.93,100.92,Rajshahi
2025-10-27,26.58,23.05,30.6,0.27,79.96,101.0,Rajshahi
2025-10-28,26.33,22.09,30.52,0.05,80.05,100.94,Rajshahi
2025-10-29,26.26,22.77,30.1,2.33,82.04,100.9,Rajshahi
2025-10-30,25.62,23.1,29.39,16.64,88.11,100.92,Rajshahi
2025-10-31,26.39,23.02,30.18,13.12,89.44,100.76,Rajshahi
2025-11-01,26.58,24.73,29.33,42.8,92.22,100.53,Rajshahi
2025-11-02,24.68,22.06,27.89,4.1,91.3,100.62,Rajshahi
2025-11-03,24.39,20.41,28.65,0.09,80.78,100.69,Rajshahi
2025-11-04,23.66,18.8,28.95,0.0,82.44,100.64,Rajshahi
2025-11-05,23.43,18.51,29.04,0.0,84.07,100.47,Rajshahi
2025-11-06,24.42,18.73,29.08,0.0,79.18,100.66,Rajshahi
2025-11-07,23.66,19.62,28.59,0.0,83.4,100.9,Rajshahi
2025-11-08,20.91,16.39,27.21,0.0,82.46,101.02,Rajshahi
2025-11-09,20.39,15.22,26.81,0.0,84.76,100.9,Rajshahi
2025-11-10,20.07,15.22,26.83,0.0,83.62,100.96,Rajshahi
2025-11-11,18.61,13.35,24.82,0.0,79.83,101.03,Rajshahi
2025-11-12,18.93,12.72,25.2,0.0,74.77,101.14,Rajshahi
2025-11-13,19.41,12.52,25.42,0.0,75.26,101.26,Rajshahi
2025-11-14,19.92,13.74,25.63,0.0,78.44,101.24,Rajshahi
2025-11-15,19.87,14.01,25.8,0.0,79.23,101.36,Rajshahi
2025-11-16,20.11,14.32,26.03,0.0,79.99,101.47,Rajshahi
2025-11-17,19.87,14.58,25.84,0.0,84.96,101.44,Rajshahi
2025-11-18,20.48,14.12,26.37,0.0,79.37,101.28,Rajshahi
2025-11-19,20.66,14.4,26.11,0.0,71.82,101.29,Rajshahi
2025-11-20,20.67,15.47,25.72,0.0,68.18,101.35,Rajshahi
2025-11-21,19.91,14.43,25.2,0.0,76.72,101.42,Rajshahi
2025-11-22,19.6,13.6,25.41,0.0,79.37,101.33,Rajshahi
2025-11-23,19.65,14.02,25.16,0.0,79.09,101.38,Rajshahi
2025-11-24,18.84,13.93,24.47,0.0,83.27,101.46,Rajshahi
2025-11-25,18.05,12.91,24.38,0.0,85.2,101.35,Rajshahi
2025-11-26,18.6,12.65,24.97,0.0,82.39,101.4,Rajshahi
2025-11-27,19.19,13.0,25.31,0.0,82.81,101.47,Rajshahi
2025-11-28,19.63,13.47,25.78,0.0,80.58,101.32,Rajshahi
2025-11-29,19.25,14.08,25.44,0.0,82.28,101.18,Rajshahi
2025-11-30,19.19,13.92,25.08,0.0,80.41,101.17,Rajshahi
2025-12-01,17.8,13.93,22.6,0.0,84.08,101.2,Rajshahi
2025-12-02,17.81,12.28,23.16,0.0,77.5,101.19,Rajshahi
2025-12-03,16.96,11.47,23.37,0.0,78.17,101.37,Rajshahi
2025-12-04,16.99,10.85,24.23,0.0,81.57,101.44,Rajshahi
2025-12-05,15.92,10.61,23.23,0.0,80.14,101.56,Rajshahi
2025-12-06,15.45,8.89,23.42,0.0,78.31,101.51,Rajshahi
2025-12-07,15.55,10.07,22.44,0.0,80.29,101.49,Rajshahi
2025-12-08,16.8,11.02,23.16,0.0,79.03,101.38,Rajshahi
2025-12-09,17.51,11.89,23.99,0.0,82.29,101.34,Rajshahi
2025-12-10,16.99,11.31,24.07,0.0,81.98,101.42,Rajshahi
2025-12-11,16.2,9.86,22.97,0.0,79.05,101.34,Rajshahi
2025-12-12,17.18,10.68,23.74,0.0,78.37,101.29,Rajshahi
2025-12-13,17.52,10.87,24.21,0.0,77.72,101.36,Rajshahi
2025-12-14,17.4,11.04,24.23,0.0,80.02,101.43,Rajshahi
2025-12-15,17.09,11.07,23.73,0.0,82.98,101.39,Rajshahi
2025-12-16,17.43,11.52,23.98,0.0,79.95,101.32,Rajshahi
2025-12-17,16.75,10.86,23.43,0.0,82.37,101.46,Rajshahi
2025-12-18,16.86,11.22,23.83,0.0,83.89,101.42,Rajshahi
2025-12-19,16.28,10.62,22.57,0.0,83.17,101.25,Rajshahi
2025-12-20,15.68,10.97,21.92,0.0,83.27,101.27,Rajshahi
2025-12-21,15.92,10.01,22.44,0.0,81.95,101.4,Rajshahi
2025-12-22,16.07,10.47,22.67,0.0,82.44,101.32,Rajshahi
2025-12-23,15.37,10.19,21.47,0.0,82.37,101.19,Rajshahi
2025-12-24,14.99,9.29,21.5,0.0,82.39,101.23,Rajshahi
2025-12-25,14.69,8.6,20.51,0.0,79.51,101.35,Rajshahi
2025-12-26,14.97,8.59,21.75,0.0,81.63,101.32,Rajshahi
2025-12-27,14.83,8.81,21.69,0.0,83.75,101.32,Rajshahi
2025-12-28,14.3,8.68,20.72,0.0,83.11,101.43,Rajshahi
2025-12-29,13.46,7.63,19.88,0.0,84.64,101.4,Rajshahi
2025-12-30,12.73,7.57,18.61,0.04,82.37,101.29,Rajshahi
2025-12-31,13.43,7.64,19.71,0.16,79.91,101.17,Rajshahi
2021-12-01,19.15,14.85,24.96,0.0,82.78,101.12,Rangpur
2021-12-02,20.66,15.01,25.93,0.0,77.18,101.05,Rangpur
2021-12-03,20.67,15.37,25.6,0.0,82.38,101.18,Rangpur
2021-12-04,20.88,16.45,24.73,0.0,84.16,101.15,Rangpur
2021-12-05,20.91,16.99,25.29,0.0,86.45,101.17,Rangpur
2021-12-06,20.49,17.9,24.04,0.22,89.5,100.96,Rangpur
2021-12-07,20.42,16.29,25.23,0.02,86.08,100.97,Rangpur
2021-12-08,20.75,16.94,25.55,0.01,84.84,101.21,Rangpur
2021-12-09,20.52,16.46,25.75,0.0,85.09,101.37,Rangpur
2021-12-10,17.95,13.91,23.58,0.0,84.33,101.25,Rangpur
2021-12-11,16.88,11.81,22.63,0.0,79.49,101.32,Rangpur
2021-12-12,16.57,11.12,22.22,0.0,82.01,101.5,Rangpur
2021-12-13,17.61,12.45,22.86,0.0,79.12,101.33,Rangpur
2021-12-14,17.4,13.24,23.37,0.0,85.67,101.18,Rangpur
2021-12-15,15.72,10.65,22.06,0.0,83.87,101.14,Rangpur
2021-12-16,16.33,11.21,22.88,0.0,84.02,101.22,Rangpur
2021-12-17,17.11,10.46,23.2,0.0,74.88,101.2,Rangpur
2021-12-18,17.07,11.98,23.28,0.0,78.06,101.13,Rangpur
2021-12-19,14.81,9.93,22.03,0.0,83.87,101.22,Rangpur
2021-12-20,14.1,7.85,21.69,0.0,82.24,101.25,Rangpur
2021-12-21,16.64,10.8,22.77,0.0,81.27,101.13,Rangpur
2021-12-22,17.6,13.51,22.07,0.0,80.24,100.95,Rangpur
2021-12-23,17.5,13.37,23.27,0.0,80.76,100.94,Rangpur
2021-12-24,17.09,12.16,22.64,0.0,82.7,101.06,Rangpur
2021-12-25,16.83,11.81,22.6,0.0,78.41,101.13,Rangpur
2021-12-26,16.55,11.54,22.84,0.0,76.5,101.35,Rangpur
2021-12-27,16.4,11.32,22.05,0.0,75.06,101.45,Rangpur
2021-12-28,15.87,11.45,21.16,0.01,83.96,101.42,Rangpur
2021-12-29,15.87,12.49,20.26,0.94,84.34,101.48,Rangpur
2021-12-30,17.44,13.7,23.23,1.76,73.53,101.62,Rangpur
2021-12-31,16.55,11.15,23.24,1.06,79.19,101.58,Rangpur
2022-01-01,16.53,12.93,22.42,0.0,82.06,101.56,Rangpur
2022-01-02,16.83,11.11,22.82,0.0,77.94,101.38,Rangpur
2022-01-03,16.98,12.44,23.36,0.0,78.39,101.21,Rangpur
2022-01-04,16.18,10.74,22.86,0.0,76.81,101.29,Rangpur
2022-01-05,17.42,11.82,23.31,0.0,75.06,101.23,Rangpur
2022-01-06,18.36,13.55,24.31,0.0,75.94,101.17,Rangpur
2022-01-07,18.09,12.86,24.01,0.0,79.5,101.26,Rangpur
2022-01-08,18.45,13.38,24.76,0.0,82.5,101.22,Rangpur
2022-01-09,18.77,13.88,24.83,0.0,83.86,101.0,Rangpur
2022-01-10,19.1,14.71,25.35,0.0,83.37,101.04,Rangpur
2022-01-11,18.27,14.26,23.29,0.41,88.19,101.08,Rangpur
2022-01-12,18.78,15.69,23.21,4.66,85.02,101.01,Rangpur
2022-01-13,17.01,13.12,21.92,2.36,83.79,101.11,Rangpur
2022-01-14,15.42,10.73,20.73,5.15,79.07,101.28,Rangpur
2022-01-15,16.94,12.38,23.31,0.0,73.03,101.21,Rangpur
2022-01-16,15.54,9.46,22.99,0.0,76.71,101.34,Rangpur
2022-01-17,15.95,9.59,23.14,0.0,77.59,101.45,Rangpur
2022-01-18,17.15,12.36,23.74,0.0,71.63,101.19,Rangpur
2022-01-19,17.99,14.12,24.11,0.01,67.03,100.91,Rangpur
2022-01-20,16.76,12.01,21.52,0.45,78.46,100.68,Rangpur
2022-01-21,16.68,12.32,22.69,0.18,76.5,100.72,Rangpur
2022-01-22,16.39,10.82,22.61,0.01,77.2,100.69,Rangpur
2022-01-23,16.17,12.24,20.66,0.05,82.41,100.79,Rangpur
2022-01-24,17.93,13.64,22.96,0.04,75.51,100.79,Rangpur
2022-01-25,17.54,12.54,22.53,0.01,77.51,100.76,Rangpur
2022-01-26,16.6,12.23,22.4,0.08,79.03,100.85,Rangpur
2022-01-27,14.46,9.29,20.86,0.0,71.52,100.91,Rangpur
2022-01-28,13.84,8.42,20.17,0.0,75.73,101.06,Rangpur
2022-01-29,14.19,8.82,21.16,0.0,74.38,101.09,Rangpur
2022-01-30,14.44,7.75,21.17,0.0,70.0,100.77,Rangpur
2022-01-31,15.42,9.46,22.33,0.0,69.38,100.77,Rangpur
2022-02-01,15.15,9.4,21.49,0.09,75.26,100.57,Rangpur
2022-02-02,16.02,10.23,22.48,0.02,71.62,100.82,Rangpur
2022-02-03,16.59,11.32,23.04,0.02,78.33,100.95,Rangpur
2022-02-04,16.18,14.38,18.88,39.69,86.65,100.71,Rangpur
2022-02-05,15.37,11.89,19.75,5.98,80.91,100.69,Rangpur
2022-02-06,14.19,8.12,20.62,1.27,75.46,101.13,Rangpur
2022-02-07,14.73,9.11,21.23,0.59,72.93,101.16,Rangpur
2022-02-08,15.49,9.16,21.43,0.02,68.41,101.03,Rangpur
2022-02-09,16.91,11.09,22.93,0.01,66.74,101.12,Rangpur
2022-02-10,16.15,12.4,21.23,1.81,83.72,100.99,Rangpur
2022-02-11,16.39,11.58,23.18,0.18,76.49,100.9,Rangpur
2022-02-12,15.3,8.55,22.39,0.01,71.9,100.91,Rangpur
2022-02-13,16.87,10.85,23.38,0.0,71.2,100.92,Rangpur
2022-02-14,17.59,10.55,24.16,0.0,68.04,100.88,Rangpur
2022-02-15,18.61,12.47,26.01,0.0,62.8,100.77,Rangpur
2022-02-16,17.69,11.3,25.33,0.03,67.15,100.55,Rangpur
2022-02-17,17.58,11.71,25.67,0.05,67.03,100.53,Rangpur
2022-02-18,17.22,10.5,25.65,0.01,66.17,100.73,Rangpur
2022-02-19,17.36,10.32,26.17,0.0,64.08,100.69,Rangpur
2022-02-20,17.68,10.0,25.24,0.07,69.22,100.32,Rangpur
2022-02-21,18.04,11.85,24.99,0.99,69.78,100.46,Rangpur
2022-02-22,18.42,12.03,25.58,0.02,65.08,101.04,Rangpur
2022-02-23,19.03,12.57,25.99,0.0,65.63,101.25,Rangpur
2022-02-24,20.29,13.99,27.57,0.11,67.34,101.21,Rangpur
2022-02-25,18.51,16.13,22.4,16.19,84.5,101.25,Rangpur
2022-02-26,20.33,14.59,26.68,1.09,73.89,101.25,Rangpur
2022-02-27,21.0,14.86,27.24,0.0,65.44,101.06,Rangpur
2022-02-28,21.3,15.58,29.15,0.0,66.29,100.89,Rangpur
2022-03-01,20.83,13.55,28.87,0.0,55.58,101.09,Rangpur
2022-03-02,21.15,14.19,28.95,0.01,56.89,101.06,Rangpur
2022-03-03,21.39,14.5,29.22,0.02,56.01,100.99,Rangpur
2022-03-04,21.45,13.61,29.6,0.03,56.25,100.82,Rangpur
2022-03-05,21.53,14.11,30.59,0.0,56.82,100.69,Rangpur
2022-03-06,23.06,15.75,31.34,0.0,51.78,100.79,Rangpur
2022-03-07,23.95,16.73,31.93,0.0,54.08,100.82,Rangpur
2022-03-08,25.07,17.78,32.73,0.0,46.51,100.63,Rangpur
2022-03-09,24.07,16.88,33.2,0.0,51.29,100.6,Rangpur
2022-03-10,24.52,16.22,33.22,0.0,46.58,100.59,Rangpur
2022-03-11,25.13,17.81,33.31,0.0,43.66,100.53,Rangpur
2022-03-12,25.38,17.68,33.28,0.0,44.78,100.48,Rangpur
2022-03-13,25.99,19.19,33.82,0.0,44.18,100.54,Rangpur
2022-03-14,26.78,19.37,35.03,0.0,44.52,100.44,Rangpur
2022-03-15,27.3,19.67,35.31,0.0,46.04,100.22,Rangpur
2022-03-16,27.9,20.93,35.37,0.0,43.19,100.11,Rangpur
2022-03-17,27.7,19.67,35.65,0.0,49.86,100.27,Rangpur
2022-03-18,28.41,21.02,36.08,0.0,52.56,100.28,Rangpur
2022-03-19,28.69,21.44,36.73,0.0,53.03,100.08,Rangpur
2022-03-20,28.19,20.9,36.54,0.01,52.79,99.97,Rangpur
2022-03-21,27.72,21.44,35.24,1.73,55.34,100.15,Rangpur
2022-03-22,28.35,21.68,35.61,0.59,57.67,100.18,Rangpur
2022-03-23,28.67,21.97,35.85,0.19,55.26,100.19,Rangpur
2022-03-24,28.13,21.56,36.63,0.0,40.99,99.97,Rangpur
2022-03-25,27.39,19.25,36.32,0.11,45.24,99.97,Rangpur
2022-03-26,27.88,20.32,37.59,0.02,43.39,100.11,Rangpur
2022-03-27,27.32,17.84,36.17,0.01,39.17,100.44,Rangpur
2022-03-28,26.86,20.38,33.9,1.09,59.66,100.39,Rangpur
2022-03-29,26.92,21.15,33.37,0.95,64.08,100.29,Rangpur
2022-03-30,26.78,22.02,32.59,6.28,69.74,100.39,Rangpur
2022-03-31,27.37,21.92,32.68,12.35,70.81,100.33,Rangpur
2022-04-01,27.39,22.96,32.55,17.09,72.6,100.29,Rangpur
2022-04-02,27.33,22.86,32.45,11.68,76.86,100.56,Rangpur
2022-04-03,27.58,23.43,31.95,25.02,75.84,100.42,Rangpur
2022-04-04,28.14,23.49,34.38,23.33,70.0,100.28,Rangpur
2022-04-05,26.77,21.75,32.95,9.58,75.77,100.62,Rangpur
2022-04-06,27.39,21.99,33.3,3.57,73.85,100.67,Rangpur
2022-04-07,26.82,22.99,31.88,17.08,77.88,100.67,Rangpur
2022-04-08,26.93,21.58,32.85,1.96,72.94,100.46,Rangpur
2022-04-09,26.36,21.66,31.92,6.95,73.51,100.37,Rangpur
2022-04-10,25.74,21.47,31.13,13.94,76.38,100.33,Rangpur
2022-04-11,26.21,21.42,31.69,4.13,76.09,100.16,Rangpur
2022-04-12,26.91,21.47,32.64,0.89,72.12,100.2,Rangpur
2022-04-13,26.4,22.23,31.15,32.21,82.71,100.03,Rangpur
2022-04-14,26.89,22.71,31.92,2.06,77.24,99.76,Rangpur
2022-04-15,28.5,21.93,34.98,3.55,62.93,99.71,Rangpur
2022-04-16,27.77,21.03,34.61,0.6,58.23,99.79,Rangpur
2022-04-17,27.97,22.65,35.28,6.91,67.84,99.94,Rangpur
2022-04-18,26.97,22.53,32.53,12.47,75.71,100.26,Rangpur
2022-04-19,27.0,22.97,31.49,15.32,79.99,100.39,Rangpur
2022-04-20,26.57,23.24,30.69,20.56,82.45,100.37,Rangpur
2022-04-21,26.26,21.49,30.97,0.12,74.08,100.38,Rangpur
2022-04-22,27.11,22.63,31.56,10.13,77.71,100.29,Rangpur
2022-04-23,28.32,22.72,34.44,0.58,65.33,100.11,Rangpur
2022-04-24,28.28,21.33,36.0,1.47,53.99,99.88,Rangpur
2022-04-25,27.29,21.13,35.42,0.06,60.99,99.95,Rangpur
2022-04-26,27.06,21.07,33.22,0.06,74.47,100.08,Rangpur
2022-04-27,27.81,23.04,33.52,5.35,73.66,100.08,Rangpur
2022-04-28,27.52,22.83,33.38,3.57,74.46,100.25,Rangpur
2022-04-29,28.32,22.3,34.01,5.59,70.18,100.14,Rangpur
2022-04-30,27.46,23.2,32.6,20.0,76.6,100.13,Rangpur
2022-05-01,27.34,23.67,31.97,1.6,77.93,100.07,Rangpur
2022-05-02,27.27,23.31,32.0,3.8,78.2,100.09,Rangpur
2022-05-03,27.19,23.64,30.71,2.33,77.22,100.22,Rangpur
2022-05-04,26.44,23.22,30.18,0.23,77.1,100.4,Rangpur
2022-05-05,27.11,21.97,31.95,2.11,71.24,100.29,Rangpur
2022-05-06,27.95,23.14,31.63,18.81,73.13,100.22,Rangpur
2022-05-07,29.06,24.57,32.86,5.79,69.3,100.19,Rangpur
2022-05-08,29.68,23.94,34.79,0.03,66.81,100.08,Rangpur
2022-05-09,29.16,24.58,34.03,1.36,70.57,100.11,Rangpur
2022-05-10,27.97,23.95,32.23,2.63,76.87,100.17,Rangpur
2022-05-11,29.18,24.58,34.31,5.23,77.39,99.94,Rangpur
2022-05-12,29.15,25.59,32.9,33.86,80.68,99.8,Rangpur
2022-05-13,28.92,25.93,32.17,52.77,86.45,99.52,Rangpur
2022-05-14,29.47,25.93,33.81,19.28,83.16,99.6,Rangpur
2022-05-15,29.84,26.82,33.39,37.91,84.1,99.81,Rangpur
2022-05-16,28.62,26.69,31.34,54.49,87.91,99.87,Rangpur
2022-05-17,28.39,26.18,31.46,37.78,87.4,99.73,Rangpur
2022-05-18,28.6,25.58,32.42,28.88,87.74,99.86,Rangpur
2022-05-19,28.84,25.86,32.4,28.9,85.98,99.87,Rangpur
2022-05-20,28.2,25.78,31.3,57.55,88.09,99.77,Rangpur
2022-05-21,28.21,25.22,31.88,19.46,84.75,99.45,Rangpur
2022-05-22,29.1,25.53,32.26,5.16,78.55,99.42,Rangpur
2022-05-23,28.17,24.99,31.28,2.94,82.67,99.59,Rangpur
2022-05-24,29.24,25.0,33.07,1.14,77.64,99.9,Rangpur
2022-05-25,29.36,26.58,32.26,1.39,76.45,99.94,Rangpur
2022-05-26,28.45,25.26,31.87,18.45,78.45,99.81,Rangpur
2022-05-27,28.26,23.59,32.47,1.02,76.69,99.66,Rangpur
2022-05-28,28.82,25.52,32.23,1.22,70.38,99.63,Rangpur
2022-05-29,28.29,24.71,32.01,2.59,83.09,99.68,Rangpur
2022-05-30,28.51,25.45,31.58,4.94,85.62,99.69,Rangpur
2022-05-31,28.72,25.88,31.97,2.64,85.01,99.63,Rangpur
2022-06-01,28.84,25.49,32.8,2.17,84.51,99.66,Rangpur
2022-06-02,28.46,26.11,31.47,5.49,86.83,99.66,Rangpur
2022-06-03,28.8,25.8,32.48,17.37,85.52,99.61,Rangpur
2022-06-04,28.5,25.83,32.08,27.26,87.51,99.71,Rangpur
2022-06-05,28.11,24.9,31.65,29.14,86.99,99.8,Rangpur
2022-06-06,28.38,25.64,31.63,21.7,88.3,99.74,Rangpur
2022-06-07,28.71,26.19,31.66,24.43,87.72,99.66,Rangpur
2022-06-08,28.71,26.33,31.5,32.72,89.02,99.58,Rangpur
2022-06-09,28.41,26.71,30.5,27.65,92.24,99.54,Rangpur
2022-06-10,27.96,25.73,30.32,28.92,91.8,99.58,Rangpur
2022-06-11,28.28,24.49,31.97,4.41,88.7,99.65,Rangpur
2022-06-12,28.66,26.11,31.37,90.39,89.88,99.74,Rangpur
2022-06-13,29.27,26.66,32.15,33.69,88.76,99.78,Rangpur
2022-06-14,29.34,26.54,32.14,52.32,89.02,99.73,Rangpur
2022-06-15,28.64,26.99,31.1,57.26,92.16,99.67,Rangpur
2022-06-16,28.12,26.57,30.19,47.28,92.79,99.68,Rangpur
2022-06-17,27.74,26.24,29.97,47.73,93.4,99.74,Rangpur
2022-06-18,28.18,25.75,31.41,33.63,90.42,99.7,Rangpur
2022-06-19,28.2,25.78,31.18,28.88,88.49,99.68,Rangpur
2022-06-20,28.08,25.36,31.32,23.67,88.1,99.54,Rangpur
2022-06-21,28.24,25.43,31.19,7.76,87.95,99.57,Rangpur
2022-06-22,28.66,25.66,31.91,2.33,86.16,99.9,Rangpur
2022-06-23,28.49,25.69,31.72,2.55,87.25,99.95,Rangpur
2022-06-24,28.69,25.68,31.82,5.35,87.76,99.86,Rangpur
2022-06-25,28.8,25.98,32.08,0.77,87.02,99.78,Rangpur
2022-06-26,28.8,26.28,31.83,13.1,87.48,99.91,Rangpur
2022-06-27,28.54,26.47,31.01,23.6,88.66,99.94,Rangpur
2022-06-28,27.63,26.32,29.51,74.28,92.12,99.78,Rangpur
2022-06-29,26.98,24.95,28.87,40.17,87.93,99.81,Rangpur
2022-06-30,27.67,23.8,31.28,10.73,84.14,99.74,Rangpur
2022-07-01,28.7,25.67,31.52,15.32,87.06,99.61,Rangpur
2022-07-02,28.5,26.92,30.73,9.77,89.84,99.51,Rangpur
2022-07-03,28.72,26.07,31.7,3.55,87.72,99.58,Rangpur
2022-07-04,28.79,26.18,31.65,0.31,88.8,99.53,Rangpur
2022-07-05,28.91,26.37,31.54,0.43,86.52,99.65,Rangpur
2022-07-06,28.65,26.47,31.24,1.07,87.77,99.96,Rangpur
2022-07-07,29.12,25.33,32.84,0.09,85.58,99.98,Rangpur
2022-07-08,28.96,26.54,31.88,1.18,88.5,99.79,Rangpur
2022-07-09,29.24,26.0,33.01,0.47,84.19,99.7,Rangpur
2022-07-10,29.31,25.71,33.09,0.34,85.3,99.64,Rangpur
2022-07-11,28.89,26.35,31.91,6.21,87.31,99.75,Rangpur
2022-07-12,29.36,25.87,33.0,0.96,83.93,99.67,Rangpur
2022-07-13,30.1,27.53,33.13,0.38,84.84,99.45,Rangpur
2022-07-14,30.26,27.09,34.66,0.3,85.02,99.49,Rangpur
2022-07-15,29.83,27.58,32.31,1.05,86.52,99.74,Rangpur
2022-07-16,30.24,27.2,33.76,0.2,85.21,99.79,Rangpur
2022-07-17,29.87,26.82,33.19,1.04,83.98,99.96,Rangpur
2022-07-18,29.41,26.96,32.53,1.66,85.54,99.83,Rangpur
2022-07-19,28.97,26.35,31.85,20.32,88.02,99.65,Rangpur
2022-07-20,28.69,26.99,30.88,5.6,90.94,99.7,Rangpur
2022-07-21,28.74,26.39,31.18,6.33,87.53,99.87,Rangpur
2022-07-22,28.54,26.7,30.8,4.85,89.01,100.0,Rangpur
2022-07-23,28.95,26.17,32.05,13.06,87.81,99.95,Rangpur
2022-07-24,28.0,26.4,29.9,25.85,90.45,100.07,Rangpur
2022-07-25,27.86,25.76,30.61,14.88,86.65,100.33,Rangpur
2022-07-26,28.0,25.34,31.27,16.02,86.83,100.34,Rangpur
2022-07-27,28.2,25.27,31.27,13.63,87.14,100.21,Rangpur
2022-07-28,28.74,25.91,31.93,12.55,87.28,100.18,Rangpur
2022-07-29,28.78,25.99,31.59,6.15,87.49,100.08,Rangpur
2022-07-30,28.71,26.46,31.39,11.22,88.5,99.9,Rangpur
2022-07-31,28.05,26.86,29.57,61.08,93.99,99.69,Rangpur
2022-08-01,28.14,26.81,29.91,24.56,90.55,99.77,Rangpur
2022-08-02,29.36,25.99,32.81,4.27,83.69,99.76,Rangpur
2022-08-03,28.81,26.41,31.58,4.73,87.31,99.91,Rangpur
2022-08-04,27.65,25.17,29.42,11.59,86.48,99.98,Rangpur
2022-08-05,29.52,26.04,33.18,5.66,82.04,99.73,Rangpur
2022-08-06,28.45,27.0,30.42,12.8,91.03,99.6,Rangpur
2022-08-07,30.24,26.43,33.92,7.8,77.76,99.55,Rangpur
2022-08-08,29.82,27.22,33.38,3.66,85.7,99.46,Rangpur
2022-08-09,29.15,26.31,33.03,3.51,86.94,99.56,Rangpur
2022-08-10,28.47,26.0,31.05,0.49,87.9,99.6,Rangpur
2022-08-11,29.38,26.26,32.98,0.03,84.06,99.74,Rangpur
2022-08-12,29.48,25.71,32.9,0.06,83.74,99.65,Rangpur
2022-08-13,29.82,26.63,33.67,11.04,85.89,99.51,Rangpur
2022-08-14,28.76,26.36,32.44,13.02,86.45,99.95,Rangpur
2022-08-15,28.85,25.44,32.58,3.37,84.5,100.2,Rangpur
2022-08-16,29.09,25.66,32.74,0.59,85.33,100.01,Rangpur
2022-08-17,29.55,26.0,33.35,0.13,84.05,99.79,Rangpur
2022-08-18,31.2,27.15,34.92,1.71,78.17,99.52,Rangpur
2022-08-19,29.83,27.89,32.32,24.35,85.76,99.63,Rangpur
2022-08-20,29.19,26.47,32.74,7.14,84.6,99.85,Rangpur
2022-08-21,28.63,25.39,32.09,1.86,85.01,99.81,Rangpur
2022-08-22,29.35,25.97,33.02,0.66,85.64,99.7,Rangpur
2022-08-23,28.65,26.65,30.65,8.89,87.53,99.94,Rangpur
2022-08-24,28.99,26.37,32.38,16.09,85.5,100.11,Rangpur
2022-08-25,28.74,25.67,32.43,0.69,84.08,100.0,Rangpur
2022-08-26,29.2,25.38,33.4,0.04,83.34,99.77,Rangpur
2022-08-27,28.76,26.05,32.04,16.78,87.53,99.75,Rangpur
2022-08-28,28.75,26.27,32.1,45.89,86.65,100.06,Rangpur
2022-08-29,28.41,26.22,31.2,20.86,88.35,100.29,Rangpur
2022-08-30,28.1,25.88,31.28,15.27,88.31,100.29,Rangpur
2022-08-31,28.35,25.01,31.88,17.14,88.66,100.09,Rangpur
2022-09-01,28.24,25.87,31.46,17.9,89.39,100.14,Rangpur
2022-09-02,28.35,26.1,31.5,28.66,90.91,100.15,Rangpur
2022-09-03,28.6,26.65,31.5,9.04,89.71,99.87,Rangpur
2022-09-04,28.43,26.41,31.31,20.61,90.28,99.87,Rangpur
2022-09-05,27.68,26.28,30.1,15.25,91.94,100.02,Rangpur
2022-09-06,27.72,25.91,30.12,4.86,92.46,100.15,Rangpur
2022-09-07,28.54,25.6,31.75,1.55,87.15,100.31,Rangpur
2022-09-08,27.56,25.83,29.24,3.32,92.91,100.42,Rangpur
2022-09-09,26.79,25.24,29.57,2.66,89.98,100.39,Rangpur
2022-09-10,27.98,24.76,31.82,1.32,87.07,100.26,Rangpur
2022-09-11,27.02,25.52,28.54,4.6,91.7,100.18,Rangpur
2022-09-12,26.43,24.59,28.68,7.73,92.2,100.12,Rangpur
2022-09-13,26.68,25.25,28.48,28.63,94.28,100.21,Rangpur
2022-09-14,26.42,24.93,28.66,15.98,91.36,100.35,Rangpur
2022-09-15,26.97,24.32,29.47,10.15,91.2,100.06,Rangpur
2022-09-16,27.17,24.8,29.75,15.3,92.17,99.75,Rangpur
2022-09-17,28.22,25.48,31.63,4.56,89.3,99.83,Rangpur
2022-09-18,29.46,25.28,32.9,1.93,81.97,99.94,Rangpur
2022-09-19,28.25,26.62,29.95,5.84,91.28,100.07,Rangpur
2022-09-20,28.04,25.59,30.52,0.6,89.6,100.12,Rangpur
2022-09-21,28.16,25.31,31.43,0.08,88.81,100.14,Rangpur
2022-09-22,28.13,26.0,31.04,3.37,89.33,100.13,Rangpur
2022-09-23,27.14,26.02,28.75,7.24,92.68,100.15,Rangpur
2022-09-24,27.02,25.5,29.41,15.88,91.27,100.09,Rangpur
2022-09-25,26.89,25.27,28.63,19.36,90.28,100.24,Rangpur
2022-09-26,27.18,24.05,30.18,0.88,85.02,100.28,Rangpur
2022-09-27,27.06,24.9,29.78,2.21,89.51,100.11,Rangpur
2022-09-28,27.63,24.8,30.9,4.32,88.21,100.04,Rangpur
2022-09-29,28.02,25.25,31.38,7.65,86.45,100.05,Rangpur
2022-09-30,28.97,25.12,33.05,0.35,80.86,100.01,Rangpur
2022-10-01,29.25,25.24,33.15,0.12,81.03,99.92,Rangpur
2022-10-02,28.87,26.27,31.35,0.63,83.12,99.88,Rangpur
2022-10-03,27.5,25.98,29.69,7.35,91.48,100.14,Rangpur
2022-10-04,27.31,24.97,30.75,5.36,88.96,100.51,Rangpur
2022-10-05,26.89,24.6,29.78,14.36,89.83,100.57,Rangpur
2022-10-06,27.23,24.35,30.81,7.15,87.61,100.56,Rangpur
2022-10-07,27.24,24.98,30.21,5.45,89.91,100.48,Rangpur
2022-10-08,27.28,24.67,30.24,7.09,90.26,100.49,Rangpur
2022-10-09,26.99,25.14,29.49,18.74,91.8,100.62,Rangpur
2022-10-10,27.04,25.1,29.89,24.76,91.95,100.64,Rangpur
2022-10-11,26.65,25.19,28.64,11.99,94.19,100.48,Rangpur
2022-10-12,25.91,24.09,27.66,32.36,93.49,100.51,Rangpur
2022-10-13,26.14,23.31,29.45,24.63,86.51,100.6,Rangpur
2022-10-14,25.84,22.61,29.69,1.18,87.79,100.55,Rangpur
2022-10-15,24.96,21.13,29.56,0.03,86.22,100.55,Rangpur
2022-10-16,25.44,21.06,30.38,0.4,83.69,100.74,Rangpur
2022-10-17,26.2,21.84,30.88,0.13,81.23,100.74,Rangpur
2022-10-18,26.22,21.93,30.68,0.0,80.43,100.66,Rangpur
2022-10-19,24.08,21.67,27.67,0.0,87.76,100.71,Rangpur
2022-10-20,25.14,21.05,30.06,0.0,80.22,100.82,Rangpur
2022-10-21,24.46,20.56,29.28,0.0,86.03,100.97,Rangpur
2022-10-22,24.42,20.29,29.61,0.0,76.08,100.99,Rangpur
2022-10-23,24.53,19.86,29.83,0.16,80.37,100.81,Rangpur
2022-10-24,22.62,19.83,26.42,14.9,89.71,100.45,Rangpur
2022-10-25,22.54,18.88,26.76,11.2,85.78,100.35,Rangpur
2022-10-26,22.87,19.09,27.66,2.48,85.06,100.84,Rangpur
2022-10-27,23.01,18.74,27.88,0.17,76.21,100.87,Rangpur
2022-10-28,22.77,17.93,27.62,0.0,83.28,100.85,Rangpur
2022-10-29,22.81,18.75,27.86,0.0,87.16,100.85,Rangpur
2022-10-30,23.14,18.82,28.49,0.0,85.25,100.82,Rangpur
2022-10-31,23.08,18.8,28.27,0.0,84.17,100.89,Rangpur
2022-11-01,22.7,18.54,27.87,0.0,80.27,100.93,Rangpur
2022-11-02,23.69,19.31,28.43,0.0,75.86,100.74,Rangpur
2022-11-03,23.43,18.98,28.16,0.0,80.38,100.73,Rangpur
2022-11-04,23.12,18.61,27.99,0.01,85.63,100.94,Rangpur
2022-11-05,23.52,19.84,28.34,0.0,84.92,101.1,Rangpur
2022-11-06,23.58,19.04,27.82,0.01,81.84,101.08,Rangpur
2022-11-07,23.6,19.33,27.98,0.09,81.5,101.0,Rangpur
2022-11-08,23.32,19.11,28.2,0.01,78.5,101.02,Rangpur
2022-11-09,23.27,19.32,27.65,0.0,78.55,101.07,Rangpur
2022-11-10,22.8,17.93,26.92,0.0,80.36,101.06,Rangpur
2022-11-11,22.24,17.61,27.18,0.0,82.13,101.03,Rangpur
2022-11-12,21.85,18.32,27.18,0.07,86.82,100.92,Rangpur
2022-11-13,20.24,14.89,25.43,0.02,80.84,100.96,Rangpur
2022-11-14,20.96,15.77,26.1,0.0,82.34,101.0,Rangpur
2022-11-15,21.4,16.47,26.51,0.0,82.41,100.91,Rangpur
2022-11-16,21.16,16.36,26.04,0.0,79.57,100.81,Rangpur
2022-11-17,21.2,16.88,26.5,0.0,79.83,100.79,Rangpur
2022-11-18,20.67,15.94,26.01,0.0,82.12,100.98,Rangpur
2022-11-19,19.79,15.06,25.78,0.0,80.3,100.98,Rangpur
2022-11-20,20.45,14.84,26.64,0.0,73.02,100.81,Rangpur
2022-11-21,20.01,14.4,25.54,0.08,74.2,100.74,Rangpur
2022-11-22,19.85,14.56,25.73,0.0,82.63,100.79,Rangpur
2022-11-23,19.57,14.89,25.71,0.0,83.56,100.82,Rangpur
2022-11-24,19.98,14.16,26.18,0.0,82.65,100.86,Rangpur
2022-11-25,20.84,15.41,26.66,0.0,81.54,100.95,Rangpur
2022-11-26,20.92,15.38,26.4,0.0,78.29,100.76,Rangpur
2022-11-27,20.55,14.91,25.97,0.0,75.28,100.61,Rangpur
2022-11-28,19.89,14.63,26.09,0.0,80.7,100.73,Rangpur
2022-11-29,19.91,14.71,26.5,0.0,78.54,100.87,Rangpur
2022-11-30,20.31,14.83,26.72,0.0,77.73,100.95,Rangpur
2022-12-01,20.76,15.86,26.59,0.0,77.99,100.89,Rangpur
2022-12-02,20.27,14.98,26.33,0.0,79.36,100.87,Rangpur
2022-12-03,19.75,14.5,26.27,0.0,78.46,100.88,Rangpur
2022-12-04,20.17,14.45,26.3,0.0,78.07,100.94,Rangpur
2022-12-05,20.7,15.74,26.62,0.0,78.73,101.04,Rangpur
2022-12-06,19.42,14.06,26.04,0.0,81.77,100.89,Rangpur
2022-12-07,18.4,12.89,25.69,0.0,81.18,100.87,Rangpur
2022-12-08,19.39,13.66,25.46,0.0,81.46,100.94,Rangpur
2022-12-09,19.63,14.72,25.22,0.0,77.6,100.9,Rangpur
2022-12-10,20.03,15.03,26.02,0.0,78.93,100.88,Rangpur
2022-12-11,19.14,14.65,25.95,0.0,81.58,100.91,Rangpur
2022-12-12,18.54,13.5,25.05,0.0,81.03,100.89,Rangpur
2022-12-13,18.95,14.15,24.77,0.0,78.01,100.9,Rangpur
2022-12-14,18.55,14.08,24.49,0.0,78.13,100.93,Rangpur
2022-12-15,17.82,13.93,24.24,0.0,76.97,100.8,Rangpur
2022-12-16,16.56,11.88,23.62,0.0,75.49,100.85,Rangpur
2022-12-17,17.88,12.66,24.5,0.0,81.82,100.97,Rangpur
2022-12-18,18.81,13.76,25.12,0.0,80.93,100.95,Rangpur
2022-12-19,19.85,14.03,25.93,0.0,76.98,100.77,Rangpur
2022-12-20,18.97,14.3,25.64,0.0,79.3,100.75,Rangpur
2022-12-21,17.93,13.01,25.06,0.0,76.75,100.84,Rangpur
2022-12-22,17.25,12.27,25.11,0.0,77.9,100.8,Rangpur
2022-12-23,16.71,10.22,23.83,0.0,68.49,100.88,Rangpur
2022-12-24,17.84,12.08,24.37,0.0,68.61,100.93,Rangpur
2022-12-25,18.58,14.12,24.41,0.0,73.7,100.97,Rangpur
2022-12-26,18.41,14.22,24.14,0.14,80.74,101.13,Rangpur
2022-12-27,16.24,12.15,22.81,0.21,74.28,100.99,Rangpur
2022-12-28,14.63,8.56,20.94,0.01,71.06,101.24,Rangpur
2022-12-29,14.99,10.22,21.49,0.08,80.85,101.46,Rangpur
2022-12-30,16.84,11.36,22.83,0.0,73.5,101.44,Rangpur
2022-12-31,16.94,11.48,22.37,0.0,75.74,101.39,Rangpur
2023-01-01,17.05,12.19,22.08,0.0,75.26,101.53,Rangpur
2023-01-02,16.82,11.38,22.49,0.0,80.16,101.55,Rangpur
2023-01-03,16.67,11.6,22.9,0.0,79.33,101.55,Rangpur
2023-01-04,15.97,10.69,23.2,0.0,74.22,101.52,Rangpur
2023-01-05,16.04,9.94,23.27,0.0,69.25,101.59,Rangpur
2023-01-06,16.16,9.74,24.23,0.0,66.87,101.54,Rangpur
2023-01-07,16.7,9.75,25.34,0.0,65.93,101.39,Rangpur
2023-01-08,16.27,9.71,24.78,0.0,68.5,101.3,Rangpur
2023-01-09,16.85,10.1,24.85,0.0,71.83,101.38,Rangpur
2023-01-10,17.21,10.44,25.87,0.0,64.96,101.21,Rangpur
2023-01-11,16.24,9.35,23.86,0.0,61.94,101.05,Rangpur
2023-01-12,16.32,10.56,24.16,0.0,63.27,100.85,Rangpur
2023-01-13,16.36,9.95,23.59,0.0,63.23,100.93,Rangpur
2023-01-14,16.89,10.57,24.36,0.0,69.67,100.84,Rangpur
2023-01-15,16.13,10.81,23.39,0.0,72.08,100.87,Rangpur
2023-01-16,14.31,8.81,21.75,0.0,63.66,101.06,Rangpur
2023-01-17,13.68,7.28,20.68,0.0,55.74,101.19,Rangpur
2023-01-18,14.54,8.09,20.74,0.0,52.77,101.37,Rangpur
2023-01-19,15.14,8.52,21.21,0.0,60.72,101.38,Rangpur
2023-01-20,15.97,9.37,22.28,0.0,68.15,101.29,Rangpur
2023-01-21,17.23,10.37,24.42,0.0,61.4,101.12,Rangpur
2023-01-22,17.51,10.69,24.29,0.0,62.62,101.1,Rangpur
2023-01-23,17.96,11.32,24.23,0.0,69.07,101.04,Rangpur
2023-01-24,18.48,11.78,25.34,0.0,72.47,101.1,Rangpur
2023-01-25,19.46,12.69,26.87,0.0,71.05,101.01,Rangpur
2023-01-26,20.5,14.12,27.88,0.0,68.64,100.9,Rangpur
2023-01-27,20.25,13.95,27.26,0.0,72.83,100.91,Rangpur
2023-01-28,19.64,13.84,26.88,0.0,70.68,100.9,Rangpur
2023-01-29,19.46,13.2,26.7,0.0,71.39,101.02,Rangpur
2023-01-30,21.32,14.75,28.89,0.0,72.34,101.12,Rangpur
2023-01-31,20.94,15.24,28.19,0.0,60.4,100.83,Rangpur
2023-02-01,18.85,12.95,27.26,0.0,60.63,100.81,Rangpur
2023-02-02,18.24,10.83,26.57,0.0,58.12,100.96,Rangpur
2023-02-03,19.39,12.79,26.88,0.0,60.01,100.87,Rangpur
2023-02-04,18.88,12.93,26.8,0.0,60.89,100.71,Rangpur
2023-02-05,18.9,12.8,26.3,0.0,55.29,100.7,Rangpur
2023-02-06,19.19,13.14,26.64,0.0,53.59,100.72,Rangpur
2023-02-07,19.96,13.62,26.73,0.01,49.88,100.6,Rangpur
2023-02-08,20.72,13.33,28.04,0.04,53.03,100.72,Rangpur
2023-02-09,19.69,13.81,26.3,0.26,64.1,100.85,Rangpur
2023-02-10,19.13,13.08,26.25,0.01,64.39,100.85,Rangpur
2023-02-11,20.21,12.5,28.07,0.02,49.94,100.72,Rangpur
2023-02-12,20.39,13.27,29.34,0.0,48.34,100.66,Rangpur
2023-02-13,18.12,9.69,26.87,0.0,40.5,100.83,Rangpur
2023-02-14,19.35,11.73,27.55,0.0,43.07,100.96,Rangpur
2023-02-15,20.15,13.45,27.5,0.0,49.71,100.82,Rangpur
2023-02-16,21.8,15.35,29.66,0.0,58.32,100.9,Rangpur
2023-02-17,22.88,16.68,29.71,0.0,56.46,101.03,Rangpur
2023-02-18,22.93,17.07,29.91,0.0,49.1,101.0,Rangpur
2023-02-19,23.05,17.12,29.86,0.01,52.17,100.89,Rangpur
2023-02-20,23.81,17.37,30.72,0.08,53.37,100.77,Rangpur
2023-02-21,23.93,17.67,30.69,0.74,54.8,100.75,Rangpur
2023-02-22,23.78,16.6,32.49,0.5,59.02,100.59,Rangpur
2023-02-23,23.38,16.32,31.62,0.1,44.39,100.62,Rangpur
2023-02-24,23.35,15.19,31.83,0.14,39.87,100.85,Rangpur
2023-02-25,22.18,15.69,29.99,0.02,56.68,101.24,Rangpur
2023-02-26,23.29,16.17,31.26,0.01,51.43,101.3,Rangpur
2023-02-27,22.95,15.81,30.61,0.04,50.19,101.2,Rangpur
2023-02-28,22.18,15.55,29.97,0.0,53.5,101.24,Rangpur
2023-03-01,22.68,16.06,30.26,0.0,57.92,101.31,Rangpur
2023-03-02,24.21,16.84,31.86,0.01,54.64,101.22,Rangpur
2023-03-03,24.09,17.32,31.41,0.01,53.33,101.19,Rangpur
2023-03-04,25.45,18.43,32.59,0.01,54.97,101.15,Rangpur
2023-03-05,25.36,18.95,32.99,0.06,56.19,101.01,Rangpur
2023-03-06,25.18,17.54,34.05,0.0,40.98,100.84,Rangpur
2023-03-07,24.95,17.13,33.49,0.04,34.86,100.92,Rangpur
2023-03-08,24.95,16.96,33.23,0.0,40.37,101.1,Rangpur
2023-03-09,25.33,18.72,34.34,0.0,41.14,100.95,Rangpur
2023-03-10,24.64,18.04,32.65,0.0,37.94,100.91,Rangpur
2023-03-11,26.22,18.49,35.54,0.0,38.17,100.91,Rangpur
2023-03-12,27.04,19.85,35.18,0.06,39.0,100.88,Rangpur
2023-03-13,27.15,19.3,35.5,0.0,40.07,100.72,Rangpur
2023-03-14,26.99,20.44,34.5,0.09,38.92,100.49,Rangpur
2023-03-15,26.64,19.42,33.98,1.07,42.32,100.45,Rangpur
2023-03-16,25.23,18.72,32.16,9.25,57.35,100.74,Rangpur
2023-03-17,24.98,20.13,30.24,2.39,61.24,100.86,Rangpur
2023-03-18,25.46,20.23,30.14,4.96,60.44,100.69,Rangpur
2023-03-19,23.59,20.86,27.74,30.77,75.31,100.58,Rangpur
2023-03-20,22.2,19.86,26.07,22.75,83.45,100.45,Rangpur
2023-03-21,22.91,19.11,26.79,26.59,74.31,100.46,Rangpur
2023-03-22,23.16,17.96,28.83,0.75,64.23,100.33,Rangpur
2023-03-23,23.07,15.78,30.23,0.47,58.35,100.31,Rangpur
2023-03-24,24.17,17.11,31.12,0.27,58.42,100.55,Rangpur
2023-03-25,24.9,18.06,31.45,1.9,65.08,100.61,Rangpur
2023-03-26,26.05,19.24,33.91,0.05,60.88,100.33,Rangpur
2023-03-27,26.07,18.26,34.5,0.0,50.11,100.28,Rangpur
2023-03-28,26.22,19.27,34.72,0.12,49.69,100.38,Rangpur
2023-03-29,26.69,20.3,34.17,0.48,46.34,100.54,Rangpur
2023-03-30,25.7,19.81,31.9,1.16,65.02,100.45,Rangpur
2023-03-31,24.62,19.66,30.21,11.17,72.92,100.51,Rangpur
2023-04-01,24.27,20.72,28.6,8.88,69.17,100.44,Rangpur
2023-04-02,22.97,18.67,26.84,37.64,74.21,100.25,Rangpur
2023-04-03,25.23,18.18,32.16,0.16,61.62,100.15,Rangpur
2023-04-04,26.34,20.06,33.67,0.81,58.51,100.23,Rangpur
2023-04-05,26.66,21.24,34.67,0.12,53.58,100.2,Rangpur
2023-04-06,25.62,17.81,34.02,0.07,50.2,100.53,Rangpur
2023-04-07,27.01,18.42,35.19,0.32,46.31,100.71,Rangpur
2023-04-08,27.96,18.49,35.62,0.0,46.77,100.82,Rangpur
2023-04-09,27.83,20.66,34.99,0.0,43.98,100.72,Rangpur
2023-04-10,27.57,19.63,36.93,0.02,42.63,100.48,Rangpur
2023-04-11,27.73,18.1,36.79,0.24,36.2,100.51,Rangpur
2023-04-12,28.65,19.41,36.52,0.0,35.33,100.44,Rangpur
2023-04-13,29.48,20.44,37.37,0.0,39.37,100.33,Rangpur
2023-04-14,30.42,21.73,38.91,0.0,43.36,100.3,Rangpur
2023-04-15,31.11,23.06,38.99,0.0,44.21,100.29,Rangpur
2023-04-16,30.85,24.2,38.24,0.0,44.0,100.08,Rangpur
2023-04-17,31.93,24.59,40.53,0.13,36.8,100.07,Rangpur
2023-04-18,31.55,23.32,40.33,0.05,50.51,100.2,Rangpur
2023-04-19,31.37,23.45,40.96,0.06,50.14,99.81,Rangpur
2023-04-20,31.53,24.28,39.74,0.16,54.28,99.58,Rangpur
2023-04-21,30.68,23.94,38.07,3.01,51.6,99.74,Rangpur
2023-04-22,29.33,23.46,36.47,3.88,54.01,99.95,Rangpur
2023-04-23,26.49,22.74,32.54,6.12,58.41,100.38,Rangpur
2023-04-24,27.75,20.37,34.86,0.1,52.85,100.64,Rangpur
2023-04-25,28.74,22.78,35.0,0.11,51.7,100.58,Rangpur
2023-04-26,29.57,22.98,36.33,0.08,46.58,100.33,Rangpur
2023-04-27,30.53,24.36,37.55,0.26,45.75,100.33,Rangpur
2023-04-28,29.58,24.23,35.77,0.35,47.61,100.36,Rangpur
2023-04-29,30.19,23.54,37.08,2.96,53.2,100.28,Rangpur
2023-04-30,27.72,24.17,32.77,8.79,64.53,100.33,Rangpur
2023-05-01,26.96,23.08,32.13,3.67,62.87,100.41,Rangpur
2023-05-02,27.99,22.21,33.63,3.91,59.26,100.47,Rangpur
2023-05-03,29.92,24.02,35.85,2.04,52.78,100.45,Rangpur
2023-05-04,28.77,24.03,34.06,7.2,64.74,100.38,Rangpur
2023-05-05,29.47,24.62,35.43,2.55,60.01,100.05,Rangpur
2023-05-06,30.2,22.42,38.49,0.08,44.07,99.87,Rangpur
2023-05-07,30.92,23.16,38.55,0.37,49.19,99.9,Rangpur
2023-05-08,31.96,23.27,39.65,0.25,41.67,99.9,Rangpur
2023-05-09,31.47,24.15,40.57,0.57,37.72,99.9,Rangpur
2023-05-10,31.57,23.71,41.55,0.19,31.54,99.95,Rangpur
2023-05-11,31.56,22.55,39.56,1.91,40.15,100.21,Rangpur
2023-05-12,30.86,24.78,37.4,3.57,51.16,100.28,Rangpur
2023-05-13,31.82,24.31,39.66,0.0,44.93,100.16,Rangpur
2023-05-14,32.25,24.97,40.17,0.07,42.65,99.8,Rangpur
2023-05-15,30.97,24.26,38.2,0.39,46.09,99.8,Rangpur
2023-05-16,30.23,25.67,35.15,11.11,60.73,100.05,Rangpur
2023-05-17,28.83,25.48,33.23,38.06,76.05,100.34,Rangpur
2023-05-18,28.41,25.3,32.66,14.77,76.38,100.4,Rangpur
2023-05-19,28.95,25.48,33.23,13.17,76.44,100.14,Rangpur
2023-05-20,29.74,25.41,34.91,6.78,71.92,100.08,Rangpur
2023-05-21,28.94,24.75,33.53,19.96,75.7,100.27,Rangpur
2023-05-22,29.37,25.39,34.15,4.81,75.64,100.29,Rangpur
2023-05-23,29.01,24.8,33.41,16.71,77.49,100.33,Rangpur
2023-05-24,28.34,25.24,32.86,9.78,77.18,100.22,Rangpur
2023-05-25,28.37,24.05,32.61,8.94,76.87,100.13,Rangpur
2023-05-26,28.34,25.52,32.32,22.2,78.28,100.22,Rangpur
2023-05-27,28.53,24.38,32.46,16.03,74.88,100.16,Rangpur
2023-05-28,29.54,25.42,33.46,0.95,64.41,100.28,Rangpur
2023-05-29,30.83,25.49,35.45,0.0,60.4,100.33,Rangpur
2023-05-30,31.91,27.22,37.17,0.0,57.52,100.21,Rangpur
2023-05-31,32.49,27.31,37.7,0.0,59.89,99.96,Rangpur
2023-06-01,32.45,27.59,39.17,0.11,59.94,99.75,Rangpur
2023-06-02,31.84,24.65,38.94,0.04,51.24,99.77,Rangpur
2023-06-03,31.69,25.19,38.44,0.21,64.6,99.93,Rangpur
2023-06-04,32.06,26.38,38.14,2.04,64.23,99.93,Rangpur
2023-06-05,31.07,26.18,35.66,7.87,72.27,99.87,Rangpur
2023-06-06,32.64,27.42,37.97,0.49,63.4,99.73,Rangpur
2023-06-07,33.3,27.65,39.45,0.16,61.8,99.68,Rangpur
2023-06-08,32.52,28.83,37.0,10.51,65.59,99.65,Rangpur
2023-06-09,30.91,28.17,34.49,25.77,71.88,99.59,Rangpur
2023-06-10,31.26,26.98,35.61,6.73,67.44,99.51,Rangpur
2023-06-11,30.67,26.69,34.87,16.94,72.49,99.4,Rangpur
2023-06-12,29.61,26.98,33.37,25.72,83.62,99.49,Rangpur
2023-06-13,30.1,26.2,34.45,14.64,79.0,99.42,Rangpur
2023-06-14,30.45,27.56,34.51,60.19,83.65,99.33,Rangpur
2023-06-15,31.11,27.6,37.86,50.01,81.74,99.19,Rangpur
2023-06-16,30.99,27.52,36.34,56.31,83.64,99.35,Rangpur
2023-06-17,30.65,27.5,34.98,20.15,85.46,99.57,Rangpur
2023-06-18,29.53,27.34,32.47,75.99,89.54,99.7,Rangpur
2023-06-19,29.24,26.81,32.0,27.49,86.98,99.74,Rangpur
2023-06-20,28.89,26.89,31.49,53.88,89.82,99.66,Rangpur
2023-06-21,28.96,26.75,31.92,69.17,89.85,99.78,Rangpur
2023-06-22,27.78,26.47,29.31,25.49,92.75,99.88,Rangpur
2023-06-23,28.81,25.94,32.03,8.43,86.94,99.85,Rangpur
2023-06-24,29.34,26.45,32.73,0.73,85.62,99.77,Rangpur
2023-06-25,29.11,26.22,32.28,0.11,85.28,99.84,Rangpur
2023-06-26,29.05,26.1,32.27,0.77,85.72,99.85,Rangpur
2023-06-27,28.3,25.85,30.78,16.06,88.85,99.89,Rangpur
2023-06-28,28.18,25.71,31.3,21.86,89.72,100.06,Rangpur
2023-06-29,28.16,26.06,30.85,20.71,90.79,100.0,Rangpur
2023-06-30,28.15,26.07,30.63,24.64,91.91,99.85,Rangpur
2023-07-01,28.85,26.05,31.8,34.35,88.54,99.88,Rangpur
2023-07-02,29.27,26.59,32.67,21.0,89.78,99.77,Rangpur
2023-07-03,28.56,27.23,30.54,46.68,92.2,99.84,Rangpur
2023-07-04,29.06,26.55,31.61,23.06,88.07,99.83,Rangpur
2023-07-05,29.78,27.17,32.5,7.99,83.47,99.73,Rangpur
2023-07-06,29.0,26.73,31.9,10.05,88.71,99.86,Rangpur
2023-07-07,28.98,26.8,31.45,7.23,89.52,100.02,Rangpur
2023-07-08,29.52,26.98,32.67,13.1,87.6,100.06,Rangpur
2023-07-09,29.45,26.69,32.54,22.67,87.75,99.94,Rangpur
2023-07-10,29.94,27.24,32.98,18.76,87.95,99.85,Rangpur
2023-07-11,29.57,27.52,32.41,18.75,88.97,99.82,Rangpur
2023-07-12,28.23,26.09,30.76,26.56,89.75,99.9,Rangpur
2023-07-13,28.73,26.63,31.43,28.47,89.53,99.92,Rangpur
2023-07-14,28.93,26.82,31.61,36.84,88.79,99.91,Rangpur
2023-07-15,29.33,26.14,32.63,8.35,85.42,99.85,Rangpur
2023-07-16,29.13,26.46,31.7,2.45,87.88,99.77,Rangpur
2023-07-17,29.0,26.81,31.93,5.29,88.11,99.74,Rangpur
2023-07-18,30.12,26.31,33.25,1.02,80.08,99.73,Rangpur
2023-07-19,30.47,27.5,33.27,0.04,83.74,99.62,Rangpur
2023-07-20,30.33,27.75,33.58,0.14,85.76,99.61,Rangpur
2023-07-21,29.16,27.8,31.0,5.51,88.77,99.93,Rangpur
2023-07-22,29.1,26.94,31.5,2.54,87.35,100.21,Rangpur
2023-07-23,30.0,27.29,32.83,1.75,80.61,100.15,Rangpur
2023-07-24,29.76,27.16,32.47,7.36,84.11,99.96,Rangpur
2023-07-25,30.12,27.07,33.53,2.06,82.23,99.97,Rangpur
2023-07-26,29.88,26.56,33.37,3.68,83.92,100.01,Rangpur
2023-07-27,29.7,27.03,32.73,5.26,85.74,99.9,Rangpur
2023-07-28,29.82,27.47,32.77,15.28,85.86,99.61,Rangpur
2023-07-29,29.33,27.21,31.79,25.2,86.67,99.57,Rangpur
2023-07-30,30.53,27.38,33.23,10.1,81.08,99.4,Rangpur
2023-07-31,31.18,28.3,34.3,0.35,79.38,99.27,Rangpur
2023-08-01,31.17,27.96,34.64,7.22,85.25,99.13,Rangpur
2023-08-02,30.42,27.26,33.96,5.99,84.77,99.34,Rangpur
2023-08-03,28.84,26.59,31.27,6.9,88.46,99.55,Rangpur
2023-08-04,29.34,27.48,32.28,34.08,88.72,99.77,Rangpur
2023-08-05,29.14,26.37,32.32,3.86,86.58,99.82,Rangpur
2023-08-06,28.77,27.13,31.07,16.04,90.92,99.44,Rangpur
2023-08-07,29.17,26.98,32.3,41.94,89.4,99.19,Rangpur
2023-08-08,28.53,26.85,31.03,29.86,90.8,99.34,Rangpur
2023-08-09,29.05,27.03,32.23,14.0,88.76,99.77,Rangpur
2023-08-10,29.43,26.7,32.71,2.68,87.93,99.89,Rangpur
2023-08-11,28.69,26.4,31.14,16.94,89.22,99.88,Rangpur
2023-08-12,28.82,26.59,31.7,58.31,92.11,99.62,Rangpur
2023-08-13,28.54,26.23,31.13,37.02,90.11,99.76,Rangpur
2023-08-14,28.91,25.36,32.49,4.79,84.9,99.88,Rangpur
2023-08-15,28.83,25.77,32.15,3.34,87.19,99.86,Rangpur
2023-08-16,29.54,26.41,33.0,1.47,86.98,99.83,Rangpur
2023-08-17,30.34,26.75,33.72,6.69,82.55,99.83,Rangpur
2023-08-18,29.9,27.57,33.13,8.14,85.89,99.88,Rangpur
2023-08-19,29.39,26.77,32.41,0.28,87.41,100.01,Rangpur
2023-08-20,29.41,27.04,32.33,2.57,86.76,100.03,Rangpur
2023-08-21,28.3,26.5,31.12,3.05,88.56,99.92,Rangpur
2023-08-22,29.0,26.03,32.28,17.06,87.55,99.87,Rangpur
2023-08-23,28.09,26.88,29.96,39.47,92.43,99.8,Rangpur
2023-08-24,28.2,26.75,30.56,31.77,90.95,99.63,Rangpur
2023-08-25,27.84,26.33,29.81,39.84,90.81,99.63,Rangpur
2023-08-26,28.0,25.39,30.82,36.62,90.47,99.61,Rangpur
2023-08-27,28.33,26.21,30.29,22.94,92.41,99.51,Rangpur
2023-08-28,28.75,26.35,31.97,6.14,88.11,99.66,Rangpur
2023-08-29,28.7,25.64,32.0,2.09,84.88,99.86,Rangpur
2023-08-30,29.63,26.21,33.05,0.06,79.01,100.01,Rangpur
2023-08-31,29.91,26.22,33.37,0.01,79.22,100.06,Rangpur
2023-09-01,29.74,27.12,32.97,0.11,81.94,100.02,Rangpur
2023-09-02,30.22,27.06,33.38,2.24,80.58,99.92,Rangpur
2023-09-03,30.8,27.66,33.27,2.16,79.92,99.79,Rangpur
2023-09-04,29.41,27.45,31.81,0.63,86.81,99.79,Rangpur
2023-09-05,30.26,26.62,33.61,0.08,82.39,99.84,Rangpur
2023-09-06,30.17,26.89,33.12,2.02,80.23,99.94,Rangpur
2023-09-07,28.64,26.67,30.84,6.77,87.72,100.03,Rangpur
2023-09-08,27.67,26.68,29.43,11.72,92.86,100.17,Rangpur
2023-09-09,28.47,25.93,31.56,3.24,86.75,100.1,Rangpur
2023-09-10,29.19,25.81,32.8,1.61,85.26,99.84,Rangpur
2023-09-11,28.98,26.23,32.43,1.85,87.25,99.76,Rangpur
2023-09-12,29.58,25.67,33.0,1.96,80.18,99.82,Rangpur
2023-09-13,29.63,26.42,32.94,1.07,81.33,99.87,Rangpur
2023-09-14,29.22,26.16,32.63,23.25,86.06,100.01,Rangpur
2023-09-15,28.72,26.24,31.84,20.48,87.0,100.19,Rangpur
2023-09-16,29.19,25.76,32.75,0.0,83.38,100.12,Rangpur
2023-09-17,30.59,26.67,34.07,0.05,76.2,99.94,Rangpur
2023-09-18,29.79,26.54,32.89,10.44,83.86,99.96,Rangpur
2023-09-19,27.73,26.57,28.76,8.36,88.02,100.23,Rangpur
2023-09-20,27.22,25.63,29.31,24.67,91.51,100.29,Rangpur
2023-09-21,26.87,25.32,28.61,46.73,92.44,100.36,Rangpur
2023-09-22,26.34,24.93,28.28,31.19,93.46,100.4,Rangpur
2023-09-23,26.61,24.77,28.72,60.27,92.62,100.35,Rangpur
2023-09-24,26.72,25.74,28.2,129.14,94.9,100.22,Rangpur
2023-09-25,27.25,25.1,29.73,9.56,91.46,100.22,Rangpur
2023-09-26,27.45,25.32,29.83,1.37,88.76,100.26,Rangpur
2023-09-27,28.49,25.41,31.59,1.21,85.17,100.17,Rangpur
2023-09-28,28.4,25.77,31.22,0.37,87.77,100.09,Rangpur
2023-09-29,28.2,25.8,30.83,3.1,88.73,100.06,Rangpur
2023-09-30,27.48,26.04,29.43,19.79,92.17,100.12,Rangpur
2023-10-01,27.17,25.71,29.0,11.94,93.26,100.06,Rangpur
2023-10-02,28.13,25.74,31.45,14.89,90.24,100.14,Rangpur
2023-10-03,27.58,25.61,30.33,17.37,90.52,100.23,Rangpur
2023-10-04,26.13,24.55,27.76,34.49,92.95,100.38,Rangpur
2023-10-05,25.62,24.19,27.48,36.59,93.79,100.21,Rangpur
2023-10-06,25.67,23.63,27.78,12.05,93.96,100.02,Rangpur
2023-10-07,25.9,23.96,28.76,10.27,93.57,100.14,Rangpur
2023-10-08,26.88,23.18,30.52,5.33,87.69,100.31,Rangpur
2023-10-09,27.1,23.93,30.33,7.39,87.01,100.43,Rangpur
2023-10-10,26.74,24.77,29.55,27.02,87.69,100.56,Rangpur
2023-10-11,27.09,24.06,30.68,9.8,86.18,100.51,Rangpur
2023-10-12,26.81,23.76,30.73,9.1,83.83,100.67,Rangpur
2023-10-13,26.75,23.07,30.72,7.22,79.3,100.81,Rangpur
2023-10-14,26.4,23.37,29.85,0.63,77.6,100.72,Rangpur
2023-10-15,25.92,22.01,29.53,0.11,78.86,100.61,Rangpur
2023-10-16,25.35,21.84,29.33,0.0,82.5,100.75,Rangpur
2023-10-17,25.5,20.86,29.81,0.0,78.99,100.79,Rangpur
2023-10-18,25.52,22.09,29.51,0.0,80.95,100.84,Rangpur
2023-10-19,24.87,21.89,28.82,0.0,84.56,100.91,Rangpur
2023-10-20,24.81,21.03,28.63,0.0,82.22,101.0,Rangpur
2023-10-21,24.18,19.91,28.69,0.0,80.91,101.05,Rangpur
2023-10-22,24.12,19.29,28.66,0.0,77.25,101.02,Rangpur
2023-10-23,24.52,19.61,29.68,0.01,76.05,100.93,Rangpur
2023-10-24,24.6,20.56,28.89,0.22,84.63,100.79,Rangpur
2023-10-25,24.08,21.66,27.18,0.01,77.93,100.84,Rangpur
2023-10-26,25.02,21.55,29.11,0.0,77.98,100.83,Rangpur
2023-10-27,23.71,20.49,28.38,0.0,84.07,100.86,Rangpur
2023-10-28,23.46,18.72,28.12,0.0,74.48,100.95,Rangpur
2023-10-29,23.17,18.65,27.85,0.0,78.7,100.94,Rangpur
2023-10-30,23.65,19.33,28.26,0.0,82.43,100.98,Rangpur
2023-10-31,23.57,19.61,28.0,0.0,81.12,101.1,Rangpur
2023-11-01,24.28,19.1,29.02,0.0,73.02,101.08,Rangpur
2023-11-02,24.21,18.94,28.63,0.0,77.23,100.93,Rangpur
2023-11-03,23.89,19.6,27.61,0.01,82.39,100.78,Rangpur
2023-11-04,23.74,20.29,28.05,0.01,84.85,100.74,Rangpur
2023-11-05,23.4,19.64,27.97,0.0,77.32,100.97,Rangpur
2023-11-06,22.56,17.41,27.28,0.0,77.48,101.1,Rangpur
2023-11-07,22.03,17.67,25.66,0.0,77.62,101.02,Rangpur
2023-11-08,21.85,17.72,27.06,0.0,79.19,100.89,Rangpur
2023-11-09,22.08,17.5,26.75,0.0,78.11,100.98,Rangpur
2023-11-10,22.12,17.12,26.74,0.0,79.3,101.11,Rangpur
2023-11-11,22.19,17.53,27.22,0.0,77.62,101.16,Rangpur
2023-11-12,22.18,17.73,27.01,0.0,78.61,101.19,Rangpur
2023-11-13,21.72,17.86,26.46,0.0,79.32,101.22,Rangpur
2023-11-14,21.4,17.01,26.04,0.0,77.82,101.15,Rangpur
2023-11-15,21.34,16.57,26.75,0.0,71.72,101.17,Rangpur
2023-11-16,22.05,16.85,27.96,0.17,75.09,101.28,Rangpur
2023-11-17,22.44,19.25,26.71,2.67,86.58,101.17,Rangpur
2023-11-18,22.22,19.13,26.74,0.04,82.83,101.09,Rangpur
2023-11-19,22.16,17.78,26.96,0.0,82.28,101.2,Rangpur
2023-11-20,22.75,18.48,26.84,0.0,79.57,101.17,Rangpur
2023-11-21,21.98,17.91,26.96,0.0,84.27,100.95,Rangpur
2023-11-22,20.2,15.63,25.7,0.0,80.91,100.93,Rangpur
2023-11-23,20.39,15.63,25.83,0.0,79.43,100.92,Rangpur
2023-11-24,21.31,16.27,26.38,0.0,82.14,101.03,Rangpur
2023-11-25,21.42,17.32,26.53,0.0,83.18,101.2,Rangpur
2023-11-26,20.65,15.64,26.38,0.0,80.96,101.29,Rangpur
2023-11-27,20.23,16.65,25.39,0.0,81.73,101.18,Rangpur
2023-11-28,21.98,17.0,27.51,0.0,73.17,100.97,Rangpur
2023-11-29,21.49,17.73,26.47,0.0,78.33,101.06,Rangpur
2023-11-30,20.77,15.99,26.35,0.0,81.7,101.18,Rangpur
2023-12-01,21.19,15.81,26.55,0.0,75.23,101.12,Rangpur
2023-12-02,21.87,16.78,27.4,0.0,75.07,101.07,Rangpur
2023-12-03,21.28,16.02,27.12,0.0,80.71,101.13,Rangpur
2023-12-04,21.17,16.38,26.65,0.0,83.49,101.04,Rangpur
2023-12-05,21.87,17.3,27.48,0.0,81.66,100.93,Rangpur
2023-12-06,21.52,16.83,26.44,0.02,84.52,101.14,Rangpur
2023-12-07,20.95,18.52,24.23,8.51,87.55,101.06,Rangpur
2023-12-08,20.23,17.49,23.94,1.55,85.14,100.83,Rangpur
2023-12-09,18.86,15.35,24.27,2.03,84.49,100.97,Rangpur
2023-12-10,17.38,12.75,23.88,0.0,80.55,100.93,Rangpur
2023-12-11,18.11,12.7,23.96,0.0,74.87,101.08,Rangpur
2023-12-12,18.91,14.05,24.73,0.03,73.03,100.9,Rangpur
2023-12-13,17.54,13.02,23.86,0.08,79.56,100.96,Rangpur
2023-12-14,15.47,10.09,22.06,0.01,77.43,101.22,Rangpur
2023-12-15,17.36,11.87,23.49,0.0,70.11,101.3,Rangpur
2023-12-16,17.49,11.66,23.76,0.0,73.39,101.15,Rangpur
2023-12-17,18.02,12.17,23.77,0.0,75.19,101.18,Rangpur
2023-12-18,17.44,12.29,24.02,0.0,78.3,101.24,Rangpur
2023-12-19,17.6,12.32,23.97,0.0,79.52,101.35,Rangpur
2023-12-20,17.85,12.14,24.16,0.0,82.0,101.31,Rangpur
2023-12-21,18.35,13.55,24.71,0.0,77.98,101.2,Rangpur
2023-12-22,18.25,13.52,23.94,0.0,74.18,101.24,Rangpur
2023-12-23,17.42,14.79,21.52,0.0,81.16,101.43,Rangpur
2023-12-24,19.12,13.17,25.17,0.0,74.43,101.46,Rangpur
2023-12-25,20.5,15.34,25.65,0.0,70.56,101.32,Rangpur
2023-12-26,19.8,15.59,25.35,0.0,77.24,101.39,Rangpur
2023-12-27,19.32,14.08,25.37,0.0,79.41,101.44,Rangpur
2023-12-28,19.6,14.26,25.13,0.0,77.87,101.3,Rangpur
2023-12-29,19.69,14.2,25.88,0.0,75.78,101.3,Rangpur
2023-12-30,19.23,13.53,25.59,0.0,76.98,101.22,Rangpur
2023-12-31,17.74,12.63,23.7,8.91,77.43,101.23,Rangpur
2024-01-01,16.84,11.94,24.15,3.77,79.43,101.19,Rangpur
2024-01-02,16.54,10.89,23.46,0.0,72.48,101.2,Rangpur
2024-01-03,17.38,11.63,23.79,0.0,69.77,101.18,Rangpur
2024-01-04,17.41,11.7,23.92,0.0,69.7,101.17,Rangpur
2024-01-05,17.53,11.92,23.62,0.0,71.51,101.24,Rangpur
2024-01-06,18.38,13.11,24.61,0.0,71.68,101.29,Rangpur
2024-01-07,18.05,12.42,24.5,0.0,78.48,101.33,Rangpur
2024-01-08,17.6,12.44,24.92,0.0,79.16,101.33,Rangpur
2024-01-09,16.54,11.33,24.02,0.0,76.58,101.26,Rangpur
2024-01-10,16.35,9.9,23.07,0.0,68.26,101.15,Rangpur
2024-01-11,16.56,11.95,23.36,0.0,67.14,101.23,Rangpur
2024-01-12,15.41,9.37,23.12,0.0,70.94,101.24,Rangpur
2024-01-13,15.29,8.99,22.47,0.0,73.82,101.23,Rangpur
2024-01-14,16.24,9.47,23.28,0.0,72.23,101.17,Rangpur
2024-01-15,16.98,11.78,23.74,0.0,70.81,101.06,Rangpur
2024-01-16,16.01,10.42,22.86,0.0,74.32,101.07,Rangpur
2024-01-17,15.58,9.76,21.92,0.01,74.53,101.1,Rangpur
2024-01-18,15.82,10.59,22.04,0.0,70.75,101.19,Rangpur
2024-01-19,16.26,10.26,22.14,0.15,69.23,101.26,Rangpur
2024-01-20,15.47,10.53,22.98,0.13,66.87,101.24,Rangpur
2024-01-21,13.93,8.11,21.58,0.23,66.64,101.19,Rangpur
2024-01-22,14.84,9.0,21.74,0.0,62.54,101.41,Rangpur
2024-01-23,15.13,8.84,22.76,0.0,65.29,101.26,Rangpur
2024-01-24,15.59,9.63,22.84,0.0,59.79,101.27,Rangpur
2024-01-25,15.34,9.59,23.17,0.01,57.36,101.44,Rangpur
2024-01-26,15.16,8.31,22.38,0.0,58.42,101.55,Rangpur
2024-01-27,15.08,8.42,21.87,0.02,57.99,101.48,Rangpur
2024-01-28,16.12,9.66,22.56,0.0,58.43,101.46,Rangpur
2024-01-29,16.76,10.85,24.11,0.0,59.36,101.34,Rangpur
2024-01-30,17.14,11.12,23.17,0.03,56.45,101.24,Rangpur
2024-01-31,18.48,11.76,24.04,0.02,56.77,101.21,Rangpur
2024-02-01,18.09,11.49,24.67,0.01,62.4,101.24,Rangpur
2024-02-02,17.82,12.2,24.26,0.03,68.9,101.0,Rangpur
2024-02-03,16.67,9.16,24.94,0.0,54.66,101.02,Rangpur
2024-02-04,16.75,9.69,24.01,0.03,55.27,101.32,Rangpur
2024-02-05,17.43,11.7,24.74,0.04,65.22,101.24,Rangpur
2024-02-06,18.26,13.47,24.3,0.08,77.53,101.19,Rangpur
2024-02-07,16.51,10.65,24.92,0.01,61.75,101.13,Rangpur
2024-02-08,14.99,7.71,23.59,0.0,53.17,101.13,Rangpur
2024-02-09,15.92,8.59,23.9,0.0,57.97,101.47,Rangpur
2024-02-10,17.93,10.02,25.95,0.0,53.61,101.49,Rangpur
2024-02-11,18.83,10.98,27.82,0.0,49.05,101.49,Rangpur
2024-02-12,19.83,13.25,28.22,0.0,42.98,101.42,Rangpur
2024-02-13,20.52,13.05,28.42,0.0,45.73,101.41,Rangpur
2024-02-14,19.46,16.11,23.21,0.0,66.28,101.33,Rangpur
2024-02-15,21.04,17.02,27.1,0.0,68.05,101.3,Rangpur
2024-02-16,21.08,15.49,27.54,0.0,66.52,101.3,Rangpur
2024-02-17,19.82,13.04,27.86,0.01,54.56,100.93,Rangpur
2024-02-18,19.99,13.41,27.56,0.02,46.78,100.97,Rangpur
2024-02-19,20.86,14.92,28.28,0.03,42.36,100.97,Rangpur
2024-02-20,21.39,13.7,29.57,0.0,52.35,100.64,Rangpur
2024-02-21,21.32,15.38,28.48,0.02,62.38,100.58,Rangpur
2024-02-22,20.16,16.99,24.45,3.46,66.98,100.74,Rangpur
2024-02-23,20.68,14.12,28.6,0.91,52.64,100.87,Rangpur
2024-02-24,19.78,12.19,28.88,0.02,38.37,101.12,Rangpur
2024-02-25,20.97,16.4,28.32,1.03,39.28,101.19,Rangpur
2024-02-26,19.09,12.52,25.93,0.08,54.18,101.29,Rangpur
2024-02-27,19.55,14.8,26.97,0.0,53.42,101.08,Rangpur
2024-02-28,20.52,14.59,28.68,0.0,53.73,100.76,Rangpur
2024-02-29,21.08,13.79,29.54,0.03,51.69,100.88,Rangpur
2024-03-01,21.94,14.6,29.83,0.0,47.81,101.0,Rangpur
2024-03-02,22.14,14.68,30.44,0.0,51.89,100.89,Rangpur
2024-03-03,23.73,16.39,31.58,0.0,44.26,100.79,Rangpur
2024-03-04,23.0,16.87,30.42,0.3,55.97,100.76,Rangpur
2024-03-05,22.57,15.48,31.35,0.0,46.72,100.71,Rangpur
2024-03-06,20.56,12.25,30.77,0.08,40.45,100.76,Rangpur
2024-03-07,21.13,13.07,30.6,0.0,43.41,100.78,Rangpur
2024-03-08,21.87,13.98,31.62,0.0,39.08,100.75,Rangpur
2024-03-09,21.42,13.29,30.82,0.0,40.58,100.86,Rangpur
2024-03-10,22.06,13.65,30.75,0.0,40.48,101.04,Rangpur
2024-03-11,23.55,17.03,31.92,0.0,37.33,101.01,Rangpur
2024-03-12,24.7,17.19,33.76,0.0,35.53,100.66,Rangpur
2024-03-13,24.14,15.29,34.07,0.01,41.7,100.64,Rangpur
2024-03-14,25.44,17.97,34.68,0.0,35.89,100.64,Rangpur
2024-03-15,25.32,16.71,35.04,0.0,39.4,100.71,Rangpur
2024-03-16,26.35,19.0,35.07,0.14,34.53,100.85,Rangpur
2024-03-17,25.89,18.05,35.07,0.26,37.65,100.83,Rangpur
2024-03-18,26.78,19.82,34.65,0.0,32.91,100.78,Rangpur
2024-03-19,26.66,19.88,34.44,0.73,42.38,100.82,Rangpur
2024-03-20,20.86,18.25,22.97,117.32,82.93,101.08,Rangpur
2024-03-21,21.5,17.83,26.27,6.72,74.48,100.98,Rangpur
2024-03-22,22.27,17.25,27.96,2.74,70.0,100.57,Rangpur
2024-03-23,23.08,17.29,28.09,12.01,66.29,100.44,Rangpur
2024-03-24,23.55,17.55,29.62,4.26,69.13,100.7,Rangpur
2024-03-25,23.96,18.94,29.42,7.63,70.43,100.77,Rangpur
2024-03-26,24.66,19.17,30.51,8.18,70.03,100.77,Rangpur
2024-03-27,24.1,18.95,29.63,0.05,67.44,100.98,Rangpur
2024-03-28,24.67,18.91,31.25,0.05,66.36,100.75,Rangpur
2024-03-29,26.52,20.54,32.5,0.01,60.73,100.55,Rangpur
2024-03-30,26.77,21.16,32.07,3.12,69.5,100.53,Rangpur
2024-03-31,27.62,20.99,35.3,5.93,56.99,100.26,Rangpur
2024-04-01,27.08,19.85,36.04,0.02,45.72,99.91,Rangpur
2024-04-02,26.13,17.69,35.67,0.0,43.97,100.01,Rangpur
2024-04-03,26.9,17.99,35.47,0.0,45.9,100.24,Rangpur
2024-04-04,27.91,19.14,36.61,0.0,44.72,100.15,Rangpur
2024-04-05,28.77,21.27,36.23,0.24,44.43,100.1,Rangpur
2024-04-06,28.99,21.02,37.41,0.92,47.23,100.03,Rangpur
2024-04-07,28.88,21.5,37.79,0.07,44.37,100.06,Rangpur
2024-04-08,27.38,20.01,35.68,0.01,45.29,100.4,Rangpur
2024-04-09,27.38,19.65,36.26,0.11,46.33,100.53,Rangpur
2024-04-10,27.84,20.03,35.6,0.01,44.22,100.58,Rangpur
2024-04-11,27.58,20.05,35.6,0.04,47.12,100.72,Rangpur
2024-04-12,28.27,19.88,36.13,0.19,47.2,100.65,Rangpur
2024-04-13,29.29,21.74,36.31,0.0,44.77,100.58,Rangpur
2024-04-14,29.95,21.98,37.53,0.0,44.39,100.55,Rangpur
2024-04-15,31.03,23.34,38.59,0.09,44.0,100.44,Rangpur
2024-04-16,31.73,26.26,39.09,0.09,44.71,100.19,Rangpur
2024-04-17,29.44,22.88,37.08,1.41,53.13,100.04,Rangpur
2024-04-18,29.81,22.38,37.51,1.28,50.17,99.99,Rangpur
2024-04-19,29.68,21.79,38.22,0.0,50.61,99.72,Rangpur
2024-04-20,30.27,22.66,38.8,0.02,49.24,99.6,Rangpur
2024-04-21,31.49,22.94,41.55,0.05,31.42,99.66,Rangpur
2024-04-22,30.41,22.32,39.37,0.0,37.0,99.88,Rangpur
2024-04-23,30.98,22.24,40.84,0.0,34.43,99.83,Rangpur
2024-04-24,31.23,21.67,40.66,0.02,29.59,99.79,Rangpur
2024-04-25,31.5,22.18,41.6,0.0,28.3,99.84,Rangpur
2024-04-26,32.19,23.47,41.11,0.0,28.32,99.85,Rangpur
2024-04-27,30.87,22.74,39.54,0.0,43.24,99.93,Rangpur
2024-04-28,32.65,24.13,42.53,0.0,39.74,99.82,Rangpur
2024-04-29,32.47,23.3,42.31,0.17,31.5,99.87,Rangpur
2024-04-30,33.54,24.42,43.78,0.04,26.66,99.49,Rangpur
2024-05-01,33.03,23.52,43.04,0.0,21.7,99.43,Rangpur
2024-05-02,32.01,24.17,41.69,0.06,19.67,99.57,Rangpur
2024-05-03,30.2,21.78,38.82,0.0,22.34,100.02,Rangpur
2024-05-04,29.97,22.68,37.55,0.0,35.29,100.12,Rangpur
2024-05-05,29.41,24.22,35.98,4.61,53.37,99.9,Rangpur
2024-05-06,28.07,23.0,33.95,2.34,64.73,100.31,Rangpur
2024-05-07,26.46,23.49,30.46,4.07,68.33,100.67,Rangpur
2024-05-08,28.29,23.34,34.36,1.75,57.14,100.57,Rangpur
2024-05-09,28.17,24.3,32.48,2.27,60.83,100.5,Rangpur
2024-05-10,28.51,23.69,33.41,2.88,60.74,100.46,Rangpur
2024-05-11,28.7,24.36,33.51,1.87,66.03,100.52,Rangpur
2024-05-12,29.89,25.29,34.69,2.36,63.94,100.56,Rangpur
2024-05-13,31.43,25.15,37.65,0.25,55.29,100.43,Rangpur
2024-05-14,32.55,26.89,38.31,0.62,51.83,100.35,Rangpur
2024-05-15,32.55,27.12,37.97,0.86,53.6,100.45,Rangpur
2024-05-16,33.08,27.58,38.85,3.61,54.05,100.32,Rangpur
2024-05-17,33.12,27.29,40.49,1.3,47.82,100.04,Rangpur
2024-05-18,31.77,27.24,37.7,6.88,55.81,99.96,Rangpur
2024-05-19,30.51,25.93,36.23,12.5,68.3,99.9,Rangpur
2024-05-20,28.98,26.47,32.37,32.17,77.2,100.1,Rangpur
2024-05-21,30.25,25.98,34.54,9.77,68.3,100.1,Rangpur
2024-05-22,31.18,26.75,36.11,6.73,63.97,100.11,Rangpur
2024-05-23,32.7,27.64,38.13,1.19,57.5,99.94,Rangpur
2024-05-24,34.49,28.81,40.78,0.01,51.56,99.69,Rangpur
2024-05-25,34.79,27.98,41.62,0.02,51.08,99.52,Rangpur
2024-05-26,33.35,29.08,38.21,6.41,63.6,99.46,Rangpur
2024-05-27,29.24,26.54,31.51,16.5,78.28,99.13,Rangpur
2024-05-28,29.85,24.56,36.62,35.27,73.53,99.0,Rangpur
2024-05-29,31.01,26.77,35.83,8.68,80.79,99.4,Rangpur
2024-05-30,30.62,28.06,34.16,29.28,83.57,99.64,Rangpur
2024-05-31,30.22,27.67,33.51,30.94,82.77,99.83,Rangpur
2024-06-01,29.8,26.94,33.18,29.15,82.6,99.94,Rangpur
2024-06-02,29.83,26.94,33.54,28.19,83.66,99.96,Rangpur
2024-06-03,29.47,26.9,33.01,27.61,83.92,99.89,Rangpur
2024-06-04,29.02,26.08,32.5,45.71,86.3,99.99,Rangpur
2024-06-05,29.27,26.39,32.57,33.5,84.81,100.05,Rangpur
2024-06-06,29.2,26.77,32.32,30.54,86.17,100.03,Rangpur
2024-06-07,29.99,26.29,34.03,6.59,79.36,99.8,Rangpur
2024-06-08,29.83,26.11,33.61,9.33,84.4,99.67,Rangpur
2024-06-09,29.76,27.25,32.9,40.09,88.89,99.65,Rangpur
2024-06-10,29.35,27.46,31.83,24.21,90.89,99.7,Rangpur
2024-06-11,29.7,27.42,32.49,21.46,88.59,99.73,Rangpur
2024-06-12,29.51,27.39,32.36,27.42,88.92,99.73,Rangpur
2024-06-13,29.16,27.46,31.47,36.11,89.8,99.63,Rangpur
2024-06-14,29.16,27.13,31.54,26.32,90.19,99.57,Rangpur
2024-06-15,28.95,27.66,30.64,49.41,92.8,99.56,Rangpur
2024-06-16,29.48,27.82,31.85,55.84,91.14,99.68,Rangpur
2024-06-17,29.82,28.04,32.52,45.49,90.68,99.66,Rangpur
2024-06-18,29.37,27.37,31.52,67.9,91.59,99.45,Rangpur
2024-06-19,29.02,27.19,31.26,100.84,92.88,99.32,Rangpur
2024-06-20,28.33,26.54,30.86,28.23,92.23,99.5,Rangpur
2024-06-21,28.84,26.36,31.69,10.72,88.23,99.67,Rangpur
2024-06-22,29.3,26.53,32.52,2.47,86.67,99.68,Rangpur
2024-06-23,29.81,27.32,32.41,2.49,84.66,99.7,Rangpur
2024-06-24,29.34,27.5,31.56,6.85,89.51,99.58,Rangpur
2024-06-25,28.99,27.37,30.81,14.63,89.86,99.62,Rangpur
2024-06-26,30.12,27.12,33.03,4.51,84.5,99.67,Rangpur
2024-06-27,29.56,27.53,32.04,37.5,87.1,99.85,Rangpur
2024-06-28,29.28,26.65,32.03,11.47,88.31,99.71,Rangpur
2024-06-29,29.04,27.03,31.96,19.86,90.5,99.61,Rangpur
2024-06-30,29.33,27.41,31.86,43.29,90.02,99.5,Rangpur
2024-07-01,28.58,27.07,30.33,87.38,92.8,99.36,Rangpur
2024-07-02,28.79,26.28,32.22,44.74,89.77,99.38,Rangpur
2024-07-03,29.04,26.36,32.21,16.94,89.6,99.57,Rangpur
2024-07-04,28.98,26.87,31.86,12.9,89.0,99.8,Rangpur
2024-07-05,28.35,27.06,30.45,100.28,93.53,99.67,Rangpur
2024-07-06,28.31,26.96,30.49,35.99,90.87,99.74,Rangpur
2024-07-07,28.99,25.98,32.02,18.38,87.41,99.89,Rangpur
2024-07-08,29.11,26.52,32.03,29.18,87.35,99.85,Rangpur
2024-07-09,28.62,26.7,31.3,15.01,90.21,99.95,Rangpur
2024-07-10,28.32,27.15,29.79,40.12,93.12,99.97,Rangpur
2024-07-11,28.97,27.2,31.55,36.12,92.51,99.62,Rangpur
2024-07-12,29.09,27.39,31.21,44.8,89.97,99.49,Rangpur
2024-07-13,29.03,26.74,31.93,15.0,88.42,99.41,Rangpur
2024-07-14,29.83,26.89,32.94,5.35,87.26,99.43,Rangpur
2024-07-15,30.21,27.24,33.18,6.79,86.6,99.68,Rangpur
2024-07-16,29.84,27.57,32.67,8.94,86.88,99.83,Rangpur
2024-07-17,30.15,27.08,33.37,5.61,85.48,99.71,Rangpur
2024-07-18,31.06,27.34,34.7,2.78,81.21,99.59,Rangpur
2024-07-19,30.41,27.79,33.63,0.92,86.57,99.45,Rangpur
2024-07-20,29.41,27.45,31.87,2.54,89.23,99.58,Rangpur
2024-07-21,29.71,27.11,32.7,1.94,87.14,99.63,Rangpur
2024-07-22,29.48,26.87,32.63,11.28,88.5,99.68,Rangpur
2024-07-23,29.23,26.72,32.64,4.07,87.73,99.53,Rangpur
2024-07-24,29.96,26.54,33.56,1.98,85.4,99.13,Rangpur
2024-07-25,30.83,28.08,33.42,3.5,84.21,98.99,Rangpur
2024-07-26,31.69,28.52,35.38,0.9,84.08,98.99,Rangpur
2024-07-27,31.18,28.79,34.36,1.43,86.69,99.3,Rangpur
2024-07-28,30.67,27.95,33.98,6.71,84.1,99.48,Rangpur
2024-07-29,29.68,27.73,31.75,2.51,88.25,99.47,Rangpur
2024-07-30,29.7,27.09,33.04,1.59,87.83,99.62,Rangpur
2024-07-31,30.59,27.52,34.14,1.53,85.34,99.66,Rangpur
2024-08-01,29.65,26.9,33.63,4.52,85.3,99.52,Rangpur
2024-08-02,27.13,26.13,28.37,35.87,92.41,99.66,Rangpur
2024-08-03,27.43,25.69,29.26,38.78,91.08,99.99,Rangpur
2024-08-04,28.48,25.9,31.52,10.07,87.8,100.06,Rangpur
2024-08-05,28.92,26.67,31.79,13.2,90.27,99.92,Rangpur
2024-08-06,28.7,26.93,31.35,30.89,90.4,99.84,Rangpur
2024-08-07,29.08,26.4,32.31,8.66,86.89,99.89,Rangpur
2024-08-08,28.47,26.1,31.5,11.72,88.12,100.0,Rangpur
2024-08-09,28.56,26.08,31.54,10.34,87.59,100.07,Rangpur
2024-08-10,28.74,26.51,31.37,18.95,88.62,99.96,Rangpur
2024-08-11,28.89,26.73,31.56,13.37,88.9,99.88,Rangpur
2024-08-12,28.16,26.63,30.13,12.53,90.9,99.93,Rangpur
2024-08-13,28.67,26.35,30.91,4.34,89.79,99.99,Rangpur
2024-08-14,29.87,26.95,33.66,2.74,83.58,99.99,Rangpur
2024-08-15,29.49,27.03,32.52,3.45,87.35,99.93,Rangpur
2024-08-16,29.77,26.93,33.24,7.14,85.97,99.86,Rangpur
2024-08-17,29.86,26.59,33.89,4.45,82.42,99.96,Rangpur
2024-08-18,29.36,26.74,32.63,4.43,83.2,100.07,Rangpur
2024-08-19,28.07,25.85,31.34,6.24,86.92,99.94,Rangpur
2024-08-20,27.41,25.69,30.29,8.36,89.4,99.91,Rangpur
2024-08-21,27.47,25.87,29.83,5.82,91.77,100.02,Rangpur
2024-08-22,28.21,25.55,31.25,7.23,87.59,99.98,Rangpur
2024-08-23,28.18,25.98,30.44,7.28,89.03,100.12,Rangpur
2024-08-24,28.4,26.01,31.46,1.14,88.01,100.12,Rangpur
2024-08-25,27.63,26.46,29.53,3.72,89.59,99.95,Rangpur
2024-08-26,27.28,25.37,29.77,0.7,87.73,100.02,Rangpur
2024-08-27,28.19,25.21,32.07,1.31,86.53,100.18,Rangpur
2024-08-28,28.71,25.52,32.4,0.4,85.7,100.04,Rangpur
2024-08-29,28.71,24.92,32.63,1.2,83.46,99.99,Rangpur
2024-08-30,29.8,26.16,34.26,0.73,83.06,99.99,Rangpur
2024-08-31,28.97,26.27,32.63,12.4,87.87,100.06,Rangpur
2024-09-01,28.81,26.11,32.17,25.6,86.93,100.21,Rangpur
2024-09-02,29.74,25.98,32.9,1.7,80.09,100.17,Rangpur
2024-09-03,28.83,27.28,30.46,10.4,85.78,100.18,Rangpur
2024-09-04,28.67,25.83,31.76,7.04,86.32,99.92,Rangpur
2024-09-05,28.41,26.43,30.72,15.67,85.93,99.87,Rangpur
2024-09-06,29.2,25.59,33.04,1.59,83.07,99.93,Rangpur
2024-09-07,29.82,26.31,32.7,0.66,83.37,99.92,Rangpur
2024-09-08,30.64,27.65,33.94,1.64,82.24,99.89,Rangpur
2024-09-09,30.08,27.28,33.28,0.68,82.12,99.78,Rangpur
2024-09-10,29.23,26.95,31.63,0.38,88.13,99.78,Rangpur
2024-09-11,29.42,27.18,31.26,8.04,86.11,99.88,Rangpur
2024-09-12,30.66,27.11,34.03,2.79,79.8,99.79,Rangpur
2024-09-13,30.51,27.82,34.15,5.37,80.6,99.58,Rangpur
2024-09-14,28.81,27.29,31.3,13.88,86.9,99.55,Rangpur
2024-09-15,28.15,25.43,31.67,6.34,85.8,99.68,Rangpur
2024-09-16,27.52,24.51,31.35,5.76,80.52,100.01,Rangpur
2024-09-17,29.12,24.64,33.4,0.22,79.59,100.12,Rangpur
2024-09-18,30.21,26.4,34.12,0.0,77.65,100.01,Rangpur
2024-09-19,30.36,26.47,34.77,0.09,79.93,99.93,Rangpur
2024-09-20,30.61,26.74,35.03,0.19,82.16,99.9,Rangpur
2024-09-21,31.17,27.51,35.32,2.54,80.37,100.01,Rangpur
2024-09-22,30.5,27.55,33.56,3.91,78.91,99.94,Rangpur
2024-09-23,31.7,27.22,35.42,0.91,72.91,99.93,Rangpur
2024-09-24,29.51,27.55,31.95,27.07,87.89,100.02,Rangpur
2024-09-25,27.32,25.43,28.55,98.26,94.4,100.29,Rangpur
2024-09-26,26.07,24.73,28.3,87.57,93.58,100.53,Rangpur
2024-09-27,26.53,24.09,29.61,78.89,85.87,100.65,Rangpur
2024-09-28,27.36,24.18,30.74,16.41,89.5,100.45,Rangpur
2024-09-29,27.81,25.76,30.55,16.27,91.56,100.29,Rangpur
2024-09-30,28.34,25.94,31.31,2.76,90.54,100.12,Rangpur
2024-10-01,28.48,26.19,31.47,2.44,90.33,99.93,Rangpur
2024-10-02,28.02,26.19,31.34,4.32,89.15,99.94,Rangpur
2024-10-03,27.34,25.73,29.77,13.23,92.07,99.96,Rangpur
2024-10-04,26.52,24.77,29.1,31.32,92.02,100.11,Rangpur
2024-10-05,26.14,24.55,28.31,13.68,92.34,100.33,Rangpur
2024-10-06,25.67,23.98,27.73,17.09,91.39,100.65,Rangpur
2024-10-07,26.53,23.67,30.22,1.79,89.56,100.82,Rangpur
2024-10-08,26.74,23.99,30.0,5.51,89.87,100.75,Rangpur
2024-10-09,26.38,24.74,28.9,11.34,93.05,100.5,Rangpur
2024-10-10,26.75,24.52,29.97,3.2,91.45,100.36,Rangpur
2024-10-11,26.9,24.64,30.25,0.63,89.29,100.3,Rangpur
2024-10-12,26.12,23.41,29.55,0.56,88.28,100.51,Rangpur
2024-10-13,25.67,22.53,29.29,0.81,87.91,100.68,Rangpur
2024-10-14,25.78,23.09,29.23,1.63,86.26,100.69,Rangpur
2024-10-15,24.75,22.9,27.82,11.22,88.81,100.63,Rangpur
2024-10-16,25.27,21.88,29.4,4.26,85.61,100.63,Rangpur
2024-10-17,25.19,21.67,28.91,7.46,87.08,100.66,Rangpur
2024-10-18,24.89,21.51,28.46,0.17,86.95,100.62,Rangpur
2024-10-19,24.96,21.46,29.3,1.56,84.3,100.72,Rangpur
2024-10-20,24.4,21.02,28.39,2.38,86.6,100.9,Rangpur
2024-10-21,24.82,20.92,29.19,0.02,83.69,100.78,Rangpur
2024-10-22,25.25,21.16,29.83,0.0,83.31,100.72,Rangpur
2024-10-23,26.07,22.14,30.53,2.72,82.81,100.67,Rangpur
2024-10-24,24.57,22.65,26.89,5.85,91.59,100.72,Rangpur
2024-10-25,23.61,21.48,26.69,9.15,90.99,100.71,Rangpur
2024-10-26,24.71,21.82,28.89,3.23,87.48,100.64,Rangpur
2024-10-27,25.71,21.85,29.9,0.03,82.31,100.5,Rangpur
2024-10-28,25.7,22.17,29.41,0.0,84.19,100.4,Rangpur
2024-10-29,25.8,22.57,29.81,0.52,88.84,100.4,Rangpur
2024-10-30,26.15,23.37,29.6,1.76,89.73,100.49,Rangpur
2024-10-31,25.66,22.93,29.37,4.76,88.21,100.57,Rangpur
2024-11-01,24.81,22.28,28.21,9.75,87.59,100.8,Rangpur
2024-11-02,23.72,21.26,27.21,1.43,88.65,100.96,Rangpur
2024-11-03,24.2,20.23,28.36,0.0,85.23,100.93,Rangpur
2024-11-04,23.71,19.37,27.99,0.0,85.8,100.9,Rangpur
2024-11-05,23.7,20.19,27.6,0.0,86.67,100.99,Rangpur
2024-11-06,23.91,20.81,28.03,0.01,85.3,101.01,Rangpur
2024-11-07,23.27,19.37,27.53,0.0,86.46,101.02,Rangpur
2024-11-08,22.64,19.66,27.22,0.0,88.39,101.03,Rangpur
2024-11-09,21.83,18.07,26.64,0.0,87.06,101.05,Rangpur
2024-11-10,22.47,18.41,27.06,0.0,81.71,101.06,Rangpur
2024-11-11,22.81,18.72,27.15,0.0,81.94,100.98,Rangpur
2024-11-12,22.34,18.1,26.97,0.0,84.02,100.9,Rangpur
2024-11-13,22.04,18.46,26.22,0.0,85.16,100.82,Rangpur
2024-11-14,22.25,18.08,26.67,0.0,82.66,100.92,Rangpur
2024-11-15,22.26,18.13,26.62,0.0,82.86,100.85,Rangpur
2024-11-16,22.02,18.14,26.46,0.0,80.04,100.8,Rangpur
2024-11-17,21.14,16.6,25.53,0.0,79.7,100.85,Rangpur
2024-11-18,21.06,15.9,25.58,0.0,83.28,101.0,Rangpur
2024-11-19,20.76,16.62,25.66,0.0,87.63,101.05,Rangpur
2024-11-20,20.38,16.36,25.16,0.0,80.86,100.96,Rangpur
2024-11-21,21.01,17.18,25.75,0.0,79.94,100.9,Rangpur
2024-11-22,20.14,17.23,23.82,0.0,82.84,100.93,Rangpur
2024-11-23,20.49,16.01,25.22,0.0,80.93,101.03,Rangpur
2024-11-24,19.58,15.59,24.03,0.0,81.29,101.09,Rangpur
2024-11-25,19.41,14.92,24.31,0.0,82.24,101.14,Rangpur
2024-11-26,18.78,14.37,23.9,0.0,86.61,101.06,Rangpur
2024-11-27,19.09,14.66,24.45,0.0,85.85,101.01,Rangpur
2024-11-28,19.26,14.72,24.82,0.0,82.28,101.12,Rangpur
2024-11-29,18.47,14.03,24.71,0.0,78.53,101.1,Rangpur
2024-11-30,17.55,12.47,24.02,0.0,75.92,100.99,Rangpur
2024-12-01,17.33,12.87,23.25,0.0,75.13,100.84,Rangpur
2024-12-02,17.91,12.69,23.61,0.0,79.33,100.92,Rangpur
2024-12-03,18.88,13.13,24.88,0.0,78.87,100.96,Rangpur
2024-12-04,18.36,13.38,23.7,0.0,81.82,100.93,Rangpur
2024-12-05,18.42,13.78,23.89,0.0,81.17,100.86,Rangpur
2024-12-06,17.64,13.06,23.22,0.0,77.58,100.84,Rangpur
2024-12-07,16.84,11.74,22.59,0.01,81.09,100.99,Rangpur
2024-12-08,16.97,12.11,22.92,0.0,83.19,101.03,Rangpur
2024-12-09,16.82,11.83,21.9,0.0,86.04,100.97,Rangpur
2024-12-10,17.49,13.57,22.37,0.0,81.48,101.0,Rangpur
2024-12-11,16.41,12.33,21.55,0.0,81.58,101.18,Rangpur
2024-12-12,15.42,11.14,21.16,0.0,83.89,101.07,Rangpur
2024-12-13,15.91,11.07,22.03,0.0,82.42,101.11,Rangpur
2024-12-14,16.08,10.67,22.13,0.0,81.86,101.29,Rangpur
2024-12-15,16.56,12.15,22.73,0.0,80.86,101.35,Rangpur
2024-12-16,15.96,11.0,23.1,0.0,82.65,101.24,Rangpur
2024-12-17,15.53,10.11,23.06,0.0,78.52,101.1,Rangpur
2024-12-18,16.02,10.43,23.31,0.0,76.31,101.05,Rangpur
2024-12-19,16.71,12.18,23.12,0.0,82.57,101.14,Rangpur
2024-12-20,17.61,12.67,23.91,0.0,81.23,101.02,Rangpur
2024-12-21,18.1,13.13,24.36,0.01,78.67,101.01,Rangpur
2024-12-22,17.14,11.82,23.01,0.02,83.53,101.16,Rangpur
2024-12-23,16.42,12.0,22.85,0.0,82.64,101.2,Rangpur
2024-12-24,16.35,10.81,23.6,0.0,80.73,101.17,Rangpur
2024-12-25,16.82,11.95,22.88,0.0,77.85,101.34,Rangpur
2024-12-26,16.59,11.5,22.85,0.0,82.41,101.54,Rangpur
2024-12-27,16.76,12.12,23.62,0.0,82.08,101.54,Rangpur
2024-12-28,17.09,11.34,24.29,0.0,81.32,101.38,Rangpur
2024-12-29,18.56,14.18,24.89,0.0,75.04,101.2,Rangpur
2024-12-30,18.93,14.68,24.6,0.0,79.56,101.25,Rangpur
2024-12-31,17.84,13.09,23.22,0.0,76.7,101.32,Rangpur
2025-01-01,16.77,11.49,22.88,0.0,77.36,101.14,Rangpur
2025-01-02,16.49,11.84,22.57,0.0,75.7,101.21,Rangpur
2025-01-03,16.16,11.45,22.98,0.0,80.61,101.28,Rangpur
2025-01-04,17.44,12.25,24.76,0.0,76.3,101.12,Rangpur
2025-01-05,17.21,11.91,24.06,0.0,80.14,101.22,Rangpur
2025-01-06,18.59,13.73,24.16,0.0,74.99,101.04,Rangpur
2025-01-07,18.79,14.96,24.48,0.16,77.29,100.85,Rangpur
2025-01-08,15.92,10.17,21.97,0.01,74.03,101.03,Rangpur
2025-01-09,15.33,10.64,21.31,0.0,74.32,101.39,Rangpur
2025-01-10,15.2,9.39,21.81,0.0,77.92,101.53,Rangpur
2025-01-11,16.84,11.43,24.4,0.0,78.17,101.53,Rangpur
2025-01-12,17.26,11.56,24.19,0.0,75.96,101.37,Rangpur
2025-01-13,17.96,12.36,24.63,0.08,70.92,101.12,Rangpur
2025-01-14,17.11,11.71,23.64,0.0,73.36,101.38,Rangpur
2025-01-15,16.3,11.6,23.06,0.0,80.24,101.53,Rangpur
2025-01-16,17.75,12.77,24.32,0.0,74.25,101.43,Rangpur
2025-01-17,18.71,13.61,25.02,0.0,71.77,101.25,Rangpur
2025-01-18,18.01,11.89,25.31,0.0,67.71,101.15,Rangpur
2025-01-19,17.16,11.03,24.2,0.0,69.69,101.02,Rangpur
2025-01-20,16.81,11.15,23.74,0.0,71.94,100.86,Rangpur
2025-01-21,16.94,10.48,23.15,0.0,71.16,100.83,Rangpur
2025-01-22,17.55,12.01,23.52,0.0,70.23,100.89,Rangpur
2025-01-23,17.17,11.39,23.96,0.0,70.78,100.95,Rangpur
2025-01-24,17.05,10.52,23.71,0.04,63.42,100.87,Rangpur
2025-01-25,16.46,10.57,23.39,0.01,67.36,101.0,Rangpur
2025-01-26,16.61,10.74,23.16,0.0,70.45,101.04,Rangpur
2025-01-27,18.07,12.21,24.14,0.0,65.9,100.79,Rangpur
2025-01-28,18.63,12.88,24.68,0.0,63.4,100.9,Rangpur
2025-01-29,18.0,12.31,24.51,0.0,66.7,101.13,Rangpur
2025-01-30,18.76,12.75,24.77,0.08,64.33,100.75,Rangpur
2025-01-31,18.73,13.24,25.38,0.01,68.24,100.73,Rangpur
2025-02-01,17.49,11.04,24.8,0.0,69.17,100.86,Rangpur
2025-02-02,17.51,10.9,25.12,0.0,67.54,100.82,Rangpur
2025-02-03,17.58,11.2,25.48,0.0,72.8,100.94,Rangpur
2025-02-04,18.29,11.71,25.66,0.01,68.94,100.94,Rangpur
2025-02-05,19.41,12.36,26.48,0.0,64.7,100.67,Rangpur
2025-02-06,19.62,13.97,27.85,0.0,63.65,100.73,Rangpur
2025-02-07,17.86,9.41,27.12,0.0,48.55,100.89,Rangpur
2025-02-08,16.74,9.52,24.86,0.04,54.11,101.05,Rangpur
2025-02-09,18.14,11.04,25.36,0.0,55.97,100.92,Rangpur
2025-02-10,18.46,12.15,25.69,0.0,55.8,100.91,Rangpur
2025-02-11,18.7,11.31,27.05,0.0,55.42,100.77,Rangpur
2025-02-12,19.29,12.17,27.49,0.01,58.11,100.79,Rangpur
2025-02-13,19.46,12.71,28.57,0.0,53.84,100.7,Rangpur
2025-02-14,18.53,10.98,26.91,0.0,42.38,100.71,Rangpur
2025-02-15,16.61,9.94,24.88,0.08,56.6,100.86,Rangpur
2025-02-16,17.5,10.93,25.74,0.21,56.71,100.92,Rangpur
2025-02-17,18.92,12.54,27.05,0.01,57.81,101.11,Rangpur
2025-02-18,20.49,13.6,28.29,0.0,54.64,100.97,Rangpur
2025-02-19,20.68,13.47,28.18,0.0,56.05,100.88,Rangpur
2025-02-20,19.81,14.35,26.98,0.02,62.49,101.14,Rangpur
2025-02-21,20.96,14.06,28.63,0.12,62.11,101.01,Rangpur
2025-02-22,22.72,15.36,30.6,0.01,56.06,101.0,Rangpur
2025-02-23,19.73,16.39,24.32,8.79,72.35,101.27,Rangpur
2025-02-24,21.07,14.88,28.12,0.14,63.29,101.29,Rangpur
2025-02-25,21.37,14.62,29.17,0.01,57.52,101.37,Rangpur
2025-02-26,20.29,13.68,27.88,0.0,66.0,101.41,Rangpur
2025-02-27,21.7,14.68,29.18,0.0,61.17,101.13,Rangpur
2025-02-28,22.44,16.36,29.21,0.03,58.06,100.98,Rangpur
2025-03-01,22.99,16.31,30.68,4.49,58.98,100.63,Rangpur
2025-03-02,24.09,16.89,33.46,0.2,49.51,100.26,Rangpur
2025-03-03,23.32,15.73,32.51,0.0,42.06,100.49,Rangpur
2025-03-04,22.88,14.29,31.21,0.0,39.3,100.52,Rangpur
2025-03-05,23.1,16.38,32.05,0.0,39.9,100.37,Rangpur
2025-03-06,21.97,15.16,30.65,0.01,39.83,100.72,Rangpur
2025-03-07,21.22,14.64,28.48,0.0,49.41,100.56,Rangpur
2025-03-08,22.06,14.88,30.19,0.03,52.52,100.49,Rangpur
2025-03-09,21.54,15.04,29.02,0.07,57.91,100.99,Rangpur
2025-03-10,23.39,16.59,31.3,0.0,56.24,101.16,Rangpur
2025-03-11,24.6,17.06,32.37,0.0,53.5,100.83,Rangpur
2025-03-12,24.1,18.61,31.2,0.32,57.93,100.45,Rangpur
2025-03-13,23.42,17.72,30.63,1.93,62.55,100.33,Rangpur
2025-03-14,25.57,17.26,34.27,0.0,53.02,100.37,Rangpur
2025-03-15,26.51,18.61,35.05,0.04,46.17,100.53,Rangpur
2025-03-16,27.38,18.79,37.2,0.11,47.72,100.37,Rangpur
2025-03-17,28.79,20.93,37.37,0.03,38.13,100.18,Rangpur
2025-03-18,26.58,19.45,35.62,0.0,35.38,100.38,Rangpur
2025-03-19,25.62,16.75,34.94,0.0,34.42,100.8,Rangpur
2025-03-20,25.82,16.82,34.87,0.0,39.16,100.92,Rangpur
2025-03-21,24.1,18.99,31.86,0.42,52.15,101.05,Rangpur
2025-03-22,23.74,19.38,29.12,0.36,64.14,101.08,Rangpur
2025-03-23,23.62,18.24,28.95,0.2,62.06,101.1,Rangpur
2025-03-24,24.25,17.58,31.79,0.0,55.27,100.97,Rangpur
2025-03-25,26.5,19.14,34.88,0.0,43.01,100.48,Rangpur
2025-03-26,27.35,19.26,35.28,0.0,43.1,100.22,Rangpur
2025-03-27,27.77,20.52,35.7,0.0,43.0,100.03,Rangpur
2025-03-28,27.97,20.27,36.96,0.04,47.37,99.97,Rangpur
2025-03-29,29.19,21.0,38.62,0.04,37.98,100.07,Rangpur
2025-03-30,28.0,17.98,37.6,0.08,31.2,100.44,Rangpur
2025-03-31,27.96,17.75,37.22,0.0,30.0,100.4,Rangpur
2025-04-01,27.87,19.22,36.43,0.0,37.1,100.38,Rangpur
2025-04-02,28.45,20.43,36.67,0.01,42.73,100.52,Rangpur
2025-04-03,29.29,21.22,38.63,0.0,37.02,100.57,Rangpur
2025-04-04,29.2,20.78,38.84,0.0,29.0,100.4,Rangpur
2025-04-05,29.03,20.59,38.47,0.0,32.35,100.32,Rangpur
2025-04-06,28.98,21.41,37.45,0.01,41.04,100.39,Rangpur
2025-04-07,29.15,23.59,35.89,0.07,44.38,100.68,Rangpur
2025-04-08,29.76,22.3,36.42,0.41,46.66,100.86,Rangpur
2025-04-09,28.17,24.07,33.38,7.1,59.17,100.67,Rangpur
2025-04-10,26.57,22.68,31.07,24.26,68.85,100.34,Rangpur
2025-04-11,26.9,22.38,31.79,3.66,64.34,100.17,Rangpur
2025-04-12,27.44,22.46,32.01,15.16,63.84,100.29,Rangpur
2025-04-13,26.07,22.46,29.29,24.22,72.18,100.59,Rangpur
2025-04-14,27.06,21.64,32.74,1.81,65.37,100.62,Rangpur
2025-04-15,28.88,22.46,34.92,0.25,53.93,100.58,Rangpur
2025-04-16,28.32,22.84,33.83,4.08,59.05,100.42,Rangpur
2025-04-17,26.46,22.48,30.81,20.03,73.56,100.38,Rangpur
2025-04-18,26.53,22.42,30.69,2.92,70.63,100.36,Rangpur
2025-04-19,28.2,22.41,33.82,0.28,61.43,100.26,Rangpur
2025-04-20,28.03,22.9,32.83,8.42,66.5,100.22,Rangpur
2025-04-21,28.9,23.52,34.26,9.3,71.54,100.32,Rangpur
2025-04-22,29.44,25.55,34.09,20.59,77.52,100.2,Rangpur
2025-04-23,29.28,22.59,37.38,5.87,63.45,99.81,Rangpur
2025-04-24,28.37,18.94,37.2,0.51,48.14,99.89,Rangpur
2025-04-25,29.3,20.55,37.26,0.37,54.65,100.01,Rangpur
2025-04-26,28.94,21.88,36.3,8.64,66.48,100.12,Rangpur
2025-04-27,28.56,23.98,33.88,14.89,70.8,100.46,Rangpur
2025-04-28,26.52,23.39,30.27,31.63,77.3,100.47,Rangpur
2025-04-29,25.26,21.88,29.48,5.46,76.38,100.52,Rangpur
2025-04-30,26.57,21.27,31.61,0.81,69.7,100.59,Rangpur
2025-05-01,26.7,22.84,30.66,0.98,72.44,100.67,Rangpur
2025-05-02,26.03,21.91,29.91,0.57,72.14,100.54,Rangpur
2025-05-03,27.16,21.23,32.73,0.86,67.74,100.33,Rangpur
2025-05-04,28.06,22.62,32.71,6.35,68.56,100.22,Rangpur
2025-05-05,28.04,23.56,31.51,17.63,70.68,100.28,Rangpur
2025-05-06,27.33,23.08,31.58,14.87,73.0,100.29,Rangpur
2025-05-07,28.04,23.75,32.54,0.0,65.94,100.09,Rangpur
2025-05-08,29.53,22.84,36.0,2.72,59.77,100.06,Rangpur
2025-05-09,30.01,23.52,36.2,4.24,61.93,100.15,Rangpur
2025-05-10,30.55,24.13,37.24,0.5,61.31,100.04,Rangpur
2025-05-11,30.81,24.87,37.1,1.1,57.84,99.99,Rangpur
2025-05-12,27.62,25.02,31.39,37.61,78.07,99.98,Rangpur
2025-05-13,28.2,24.42,32.17,27.96,79.64,99.96,Rangpur
2025-05-14,28.41,24.44,33.12,31.14,80.91,100.04,Rangpur
2025-05-15,28.47,24.86,32.65,39.69,82.92,100.16,Rangpur
2025-05-16,28.48,25.01,32.39,13.51,81.99,100.15,Rangpur
2025-05-17,28.02,24.92,31.5,27.76,82.37,100.21,Rangpur
2025-05-18,27.2,24.6,30.52,39.36,84.62,100.27,Rangpur
2025-05-19,26.97,23.66,30.69,53.33,84.88,100.27,Rangpur
2025-05-20,27.8,24.69,31.72,30.63,85.86,100.04,Rangpur
2025-05-21,28.49,25.76,31.93,31.55,85.31,100.11,Rangpur
2025-05-22,28.36,25.26,31.48,19.07,81.9,100.07,Rangpur
2025-05-23,28.38,25.43,31.07,9.29,78.27,99.95,Rangpur
2025-05-24,27.85,25.03,30.8,1.64,80.94,99.99,Rangpur
2025-05-25,26.58,24.03,29.67,12.67,87.67,100.12,Rangpur
2025-05-26,26.01,24.32,28.41,16.39,89.62,100.01,Rangpur
2025-05-27,27.97,24.04,32.35,4.17,84.23,99.71,Rangpur
2025-05-28,29.38,25.03,33.68,5.61,82.17,99.43,Rangpur
2025-05-29,27.82,25.51,30.41,34.47,89.67,99.24,Rangpur
2025-05-30,26.1,23.74,28.05,23.82,88.69,98.94,Rangpur
2025-05-31,28.94,25.0,33.14,19.07,87.82,99.44,Rangpur
2025-06-01,29.36,26.48,32.86,23.87,86.1,99.42,Rangpur
2025-06-02,29.37,25.98,33.28,23.73,82.17,99.5,Rangpur
2025-06-03,28.33,24.9,31.84,24.21,85.01,99.74,Rangpur
2025-06-04,28.01,25.89,31.08,52.43,85.68,100.1,Rangpur
2025-06-05,28.72,25.36,31.88,2.17,76.3,100.23,Rangpur
2025-06-06,28.87,25.4,32.11,1.69,74.38,100.21,Rangpur
2025-06-07,28.64,24.99,32.33,0.83,78.16,100.1,Rangpur
2025-06-08,29.13,24.98,32.76,0.03,76.91,99.95,Rangpur
2025-06-09,29.67,26.04,33.21,0.76,76.69,99.79,Rangpur
2025-06-10,31.12,26.9,34.95,0.02,75.81,99.73,Rangpur
2025-06-11,31.0,28.31,33.94,1.46,78.92,99.82,Rangpur
2025-06-12,31.0,27.51,34.85,2.63,80.96,99.84,Rangpur
2025-06-13,31.08,28.24,34.12,1.15,79.46,99.82,Rangpur
2025-06-14,30.75,27.23,34.49,3.3,80.84,99.65,Rangpur
2025-06-15,29.61,27.08,32.52,9.11,84.14,99.69,Rangpur
2025-06-16,29.09,26.48,32.0,10.57,86.02,99.62,Rangpur
2025-06-17,28.51,26.27,30.89,11.89,89.04,99.55,Rangpur
2025-06-18,28.52,26.8,30.96,9.87,88.11,99.34,Rangpur
2025-06-19,28.04,26.28,30.34,25.51,90.01,99.45,Rangpur
2025-06-20,28.28,26.19,31.63,19.56,89.96,99.64,Rangpur
2025-06-21,29.48,26.51,32.77,9.66,86.11,99.64,Rangpur
2025-06-22,29.54,26.61,32.92,4.04,86.24,99.61,Rangpur
2025-06-23,28.84,27.22,30.82,23.74,88.47,99.48,Rangpur
2025-06-24,28.38,26.61,30.67,50.62,89.34,99.46,Rangpur
2025-06-25,28.93,25.97,32.0,1.43,86.67,99.72,Rangpur
2025-06-26,29.25,26.41,32.53,3.56,85.58,99.9,Rangpur
2025-06-27,29.39,26.35,32.8,4.08,85.55,99.75,Rangpur
2025-06-28,29.37,26.38,32.14,3.22,84.11,99.53,Rangpur
2025-06-29,29.6,26.48,33.05,2.7,83.19,99.29,Rangpur
2025-06-30,29.0,26.25,31.32,3.8,86.88,99.36,Rangpur
2025-07-01,29.63,26.87,32.88,2.38,84.51,99.52,Rangpur
2025-07-02,28.43,26.45,30.16,4.95,89.06,99.63,Rangpur
2025-07-03,29.34,26.42,32.25,5.8,86.14,99.71,Rangpur
2025-07-04,29.28,26.95,32.49,4.96,87.13,99.6,Rangpur
2025-07-05,28.57,26.59,31.25,8.79,89.41,99.49,Rangpur
2025-07-06,28.18,26.67,30.39,3.65,89.14,99.49,Rangpur
2025-07-07,28.23,25.9,31.17,1.71,86.35,99.45,Rangpur
2025-07-08,28.45,25.48,32.23,5.1,84.26,99.48,Rangpur
2025-07-09,27.78,25.61,30.63,9.68,88.69,99.74,Rangpur
2025-07-10,28.21,25.21,31.86,6.25,86.34,99.83,Rangpur
2025-07-11,29.05,24.97,33.02,0.3,83.69,99.7,Rangpur
2025-07-12,30.72,26.96,33.76,0.18,78.23,99.69,Rangpur
2025-07-13,30.95,28.06,34.68,6.22,78.8,99.72,Rangpur
2025-07-14,28.52,26.98,30.19,20.46,88.88,99.72,Rangpur
2025-07-15,27.91,25.96,30.65,9.92,87.79,99.76,Rangpur
2025-07-16,28.23,25.76,30.88,19.86,87.3,99.95,Rangpur
2025-07-17,28.51,25.89,31.62,24.22,86.14,100.01,Rangpur
2025-07-18,29.25,25.51,32.85,6.85,86.37,99.81,Rangpur
2025-07-19,29.4,27.01,32.82,19.12,87.75,99.41,Rangpur
2025-07-20,29.12,26.92,32.01,46.57,84.81,99.54,Rangpur
2025-07-21,29.8,26.1,33.44,7.67,81.17,99.58,Rangpur
2025-07-22,30.01,26.77,33.73,10.68,83.55,99.42,Rangpur
2025-07-23,30.78,26.88,33.92,0.18,82.32,99.12,Rangpur
2025-07-24,31.37,28.61,34.29,5.26,79.83,98.94,Rangpur
2025-07-25,30.38,27.99,33.71,5.96,86.3,98.99,Rangpur
2025-07-26,29.75,26.99,33.02,8.26,85.27,99.4,Rangpur
2025-07-27,29.59,26.92,32.66,10.66,85.56,99.36,Rangpur
2025-07-28,28.37,27.08,30.47,24.76,91.22,99.42,Rangpur
2025-07-29,29.18,26.84,32.65,7.74,86.91,99.48,Rangpur
2025-07-30,28.96,26.69,32.07,9.43,87.25,99.62,Rangpur
2025-07-31,28.97,25.66,32.2,8.16,83.76,99.6,Rangpur
2025-08-01,28.88,26.41,31.85,15.58,89.08,99.53,Rangpur
2025-08-02,28.56,27.21,30.44,28.48,92.07,99.7,Rangpur
2025-08-03,28.25,26.49,30.8,46.12,90.04,100.0,Rangpur
2025-08-04,28.44,26.15,31.27,21.24,90.04,100.03,Rangpur
2025-08-05,27.83,25.69,30.15,22.49,90.07,100.06,Rangpur
2025-08-06,27.95,24.96,31.34,9.17,86.61,99.93,Rangpur
2025-08-07,28.73,25.62,32.32,10.84,87.43,99.8,Rangpur
2025-08-08,28.0,26.18,30.59,19.11,91.42,100.05,Rangpur
2025-08-09,27.82,25.09,31.13,28.49,88.8,100.24,Rangpur
2025-08-10,28.4,26.03,31.39,14.7,90.73,100.0,Rangpur
2025-08-11,28.63,27.06,30.91,44.35,91.59,99.88,Rangpur
2025-08-12,29.74,26.7,33.08,22.37,87.67,99.7,Rangpur
2025-08-13,27.62,25.79,28.74,69.2,92.17,100.02,Rangpur
2025-08-14,27.88,24.46,31.62,5.45,86.21,100.12,Rangpur
2025-08-15,28.47,25.03,31.99,1.03,86.25,99.88,Rangpur
2025-08-16,29.81,26.34,33.07,4.41,80.36,99.76,Rangpur
2025-08-17,29.6,27.34,31.93,3.97,83.57,99.89,Rangpur
2025-08-18,29.06,26.08,32.32,13.43,86.0,100.07,Rangpur
2025-08-19,28.62,26.57,30.91,9.03,87.21,100.08,Rangpur
2025-08-20,28.13,25.9,30.74,9.31,89.03,100.05,Rangpur
2025-08-21,28.28,25.82,31.03,14.65,88.24,99.98,Rangpur
2025-08-22,28.65,25.9,31.72,7.36,88.18,99.72,Rangpur
2025-08-23,28.43,26.08,31.79,4.86,88.61,99.69,Rangpur
2025-08-24,28.22,25.99,31.12,5.96,88.41,99.96,Rangpur
2025-08-25,28.51,25.59,31.78,2.18,86.78,99.98,Rangpur
2025-08-26,29.25,26.13,32.77,1.56,83.02,99.96,Rangpur
2025-08-27,28.97,26.4,32.68,16.13,85.54,99.93,Rangpur
2025-08-28,28.43,25.92,31.53,18.75,87.6,100.0,Rangpur
2025-08-29,27.99,25.85,30.59,17.71,88.9,100.18,Rangpur
2025-08-30,28.4,25.83,31.16,7.56,86.46,100.25,Rangpur
2025-08-31,29.35,25.9,32.3,7.34,80.1,100.06,Rangpur
2025-09-01,29.36,26.35,32.45,2.83,84.37,99.73,Rangpur
2025-09-02,29.1,26.71,31.98,11.65,84.7,99.84,Rangpur
2025-09-03,29.59,26.33,33.41,3.51,82.72,99.97,Rangpur
2025-09-04,28.63,25.98,32.04,1.86,86.46,100.12,Rangpur
2025-09-05,28.42,25.63,31.68,0.87,86.8,100.14,Rangpur
2025-09-06,28.77,25.69,31.95,2.4,85.75,100.18,Rangpur
2025-09-07,28.4,25.84,31.49,4.04,87.17,100.14,Rangpur
2025-09-08,28.34,25.51,31.97,17.87,86.2,100.11,Rangpur
2025-09-09,28.59,25.31,32.18,11.26,85.8,100.13,Rangpur
2025-09-10,28.09,26.22,30.57,17.46,91.49,100.02,Rangpur
2025-09-11,28.38,26.23,30.94,8.58,88.74,100.07,Rangpur
2025-09-12,28.31,25.71,31.48,18.33,88.4,100.19,Rangpur
2025-09-13,28.05,25.72,31.2,29.57,89.81,100.27,Rangpur
2025-09-14,27.23,25.53,29.07,43.82,92.09,100.29,Rangpur
2025-09-15,26.86,24.7,29.75,40.82,89.35,100.28,Rangpur
2025-09-16,27.18,24.91,30.05,23.77,88.85,100.32,Rangpur
2025-09-17,27.51,25.35,30.64,37.83,88.92,100.28,Rangpur
2025-09-18,27.91,25.04,31.21,28.46,87.84,100.19,Rangpur
2025-09-19,28.39,25.93,31.3,23.07,84.71,100.21,Rangpur
2025-09-20,28.57,25.66,31.77,2.22,84.83,100.02,Rangpur
2025-09-21,28.87,26.25,31.85,1.29,84.81,99.91,Rangpur
2025-09-22,29.38,26.19,32.79,1.52,83.1,99.97,Rangpur
2025-09-23,28.38,26.64,30.9,2.66,88.73,99.94,Rangpur
2025-09-24,29.18,25.62,32.18,1.53,82.64,99.81,Rangpur
2025-09-25,29.37,26.46,32.33,0.28,81.77,99.81,Rangpur
2025-09-26,29.61,26.13,32.96,0.17,82.07,100.01,Rangpur
2025-09-27,28.67,26.55,31.47,0.77,86.66,100.37,Rangpur
2025-09-28,28.86,25.27,32.3,0.23,81.69,100.29,Rangpur
2025-09-29,28.79,25.25,31.84,0.49,81.15,100.08,Rangpur
2025-09-30,29.02,25.95,32.44,7.52,82.05,99.83,Rangpur
2025-10-01,27.62,25.56,30.33,14.45,88.97,99.97,Rangpur
2025-10-02,26.6,25.15,28.74,8.34,89.84,100.49,Rangpur
2025-10-03,26.6,24.46,29.01,9.41,90.39,100.64,Rangpur
2025-10-04,26.95,25.33,29.17,51.22,92.56,100.5,Rangpur
2025-10-05,26.7,25.27,28.02,83.88,95.51,100.37,Rangpur
2025-10-06,26.31,23.66,29.26,6.37,85.75,100.49,Rangpur
2025-10-07,26.48,23.63,29.87,0.85,83.24,100.5,Rangpur
2025-10-08,26.74,23.05,30.23,1.79,84.09,100.51,Rangpur
2025-10-09,26.81,23.9,30.35,1.28,82.03,100.54,Rangpur
2025-10-10,26.67,23.7,30.46,0.4,83.99,100.47,Rangpur
2025-10-11,25.71,22.15,30.05,0.32,86.95,100.46,Rangpur
2025-10-12,25.41,22.05,29.77,0.14,87.86,100.52,Rangpur
2025-10-13,24.89,21.01,29.8,0.0,87.03,100.64,Rangpur
2025-10-14,24.87,20.03,30.46,0.0,81.7,100.55,Rangpur
2025-10-15,24.98,20.26,29.87,0.0,81.61,100.47,Rangpur
2025-10-16,26.3,22.33,30.54,0.0,78.77,100.55,Rangpur
2025-10-17,26.56,22.88,30.48,0.0,79.04,100.71,Rangpur
2025-10-18,26.5,22.49,30.31,0.0,80.19,100.68,Rangpur
2025-10-19,26.44,22.42,30.55,0.0,80.11,100.61,Rangpur
2025-10-20,26.3,22.09,30.23,0.0,80.18,100.63,Rangpur
2025-10-21,25.95,21.99,30.2,0.0,77.7,100.75,Rangpur
2025-10-22,26.0,21.74,30.24,0.0,74.01,100.75,Rangpur
2025-10-23,26.02,22.17,29.8,0.0,76.48,100.7,Rangpur
2025-10-24,25.54,21.85,29.44,0.01,79.33,100.65,Rangpur
2025-10-25,25.63,21.76,29.6,0.0,80.44,100.67,Rangpur
2025-10-26,25.7,23.04,29.13,0.0,81.59,100.73,Rangpur
2025-10-27,25.15,22.16,28.38,3.14,85.39,100.86,Rangpur
2025-10-28,25.61,21.82,29.43,3.04,80.85,100.79,Rangpur
2025-10-29,25.23,22.33,28.47,1.0,82.23,100.76,Rangpur
2025-10-30,23.47,22.34,25.23,8.71,92.69,100.87,Rangpur
2025-10-31,24.73,21.75,28.71,33.84,88.7,100.67,Rangpur
2025-11-01,24.23,22.81,26.46,38.51,93.62,100.41,Rangpur
2025-11-02,23.46,20.76,26.95,2.51,89.47,100.44,Rangpur
2025-11-03,23.97,20.3,28.02,0.38,84.12,100.46,Rangpur
2025-11-04,24.43,20.33,28.53,0.01,81.18,100.45,Rangpur
2025-11-05,24.27,19.49,29.54,0.02,81.89,100.24,Rangpur
2025-11-06,24.09,19.72,28.81,0.17,85.94,100.45,Rangpur
2025-11-07,23.45,19.9,28.37,0.05,87.45,100.67,Rangpur
2025-11-08,22.48,18.28,28.33,0.0,86.52,100.79,Rangpur
2025-11-09,22.1,17.57,27.37,0.0,86.09,100.68,Rangpur
2025-11-10,21.44,17.14,27.62,0.0,87.02,100.71,Rangpur
2025-11-11,19.34,14.38,25.44,0.0,86.68,100.78,Rangpur
2025-11-12,19.39,14.18,25.71,0.0,82.06,100.92,Rangpur
2025-11-13,20.19,14.78,25.5,0.0,81.2,101.07,Rangpur
2025-11-14,20.47,15.4,26.15,0.0,82.73,101.03,Rangpur
2025-11-15,20.64,15.5,26.05,0.0,80.26,101.18,Rangpur
2025-11-16,20.71,16.55,25.87,0.0,83.34,101.29,Rangpur
2025-11-17,20.45,15.83,25.14,0.0,84.76,101.29,Rangpur
2025-11-18,20.5,15.98,25.63,0.0,84.9,101.13,Rangpur
2025-11-19,20.66,15.9,25.65,0.0,81.11,101.12,Rangpur
2025-11-20,20.58,16.02,25.45,0.0,77.8,101.16,Rangpur
2025-11-21,20.62,16.3,25.16,0.0,72.43,101.22,Rangpur
2025-11-22,19.32,14.32,25.14,0.11,83.95,101.09,Rangpur
2025-11-23,19.07,14.55,24.29,0.0,84.64,101.15,Rangpur
2025-11-24,19.4,15.25,24.37,0.0,81.77,101.29,Rangpur
2025-11-25,19.69,15.19,24.73,0.0,81.8,101.14,Rangpur
2025-11-26,19.62,14.95,24.6,0.0,81.86,101.24,Rangpur
2025-11-27,19.77,15.23,24.9,0.0,83.02,101.32,Rangpur
2025-11-28,20.99,15.94,25.91,0.0,80.71,101.13,Rangpur
2025-11-29,19.86,15.24,25.65,0.0,84.44,100.94,Rangpur
2025-11-30,18.94,14.75,24.81,0.0,85.86,100.93,Rangpur
2025-12-01,18.2,14.64,23.37,0.0,85.14,100.98,Rangpur
2025-12-02,17.86,12.9,23.41,0.0,82.28,100.98,Rangpur
2025-12-03,17.85,13.55,23.83,0.0,82.17,101.18,Rangpur
2025-12-04,17.98,12.38,24.31,0.0,81.97,101.23,Rangpur
2025-12-05,17.92,12.8,24.22,0.0,83.02,101.35,Rangpur
2025-12-06,17.82,13.01,24.34,0.0,78.9,101.29,Rangpur
2025-12-07,17.67,12.23,23.52,0.0,80.46,101.29,Rangpur
2025-12-08,18.31,13.55,23.66,0.0,77.39,101.2,Rangpur
2025-12-09,18.93,14.15,24.35,0.0,75.15,101.16,Rangpur
2025-12-10,18.54,13.14,24.91,0.0,77.49,101.21,Rangpur
2025-12-11,17.69,12.19,23.81,0.0,79.82,101.13,Rangpur
2025-12-12,18.16,12.63,24.3,0.0,77.88,101.12,Rangpur
2025-12-13,18.0,12.15,25.05,0.0,80.37,101.2,Rangpur
2025-12-14,17.77,12.65,24.05,0.0,81.01,101.26,Rangpur
2025-12-15,18.69,13.52,24.36,0.0,71.54,101.18,Rangpur
2025-12-16,18.93,13.52,25.05,0.0,71.66,101.08,Rangpur
2025-12-17,18.16,12.81,24.35,0.0,78.4,101.25,Rangpur
2025-12-18,18.42,12.95,24.34,0.0,73.66,101.25,Rangpur
2025-12-19,17.65,12.58,23.63,0.0,77.97,101.02,Rangpur
2025-12-20,16.92,12.57,23.33,0.0,80.91,101.06,Rangpur
2025-12-21,17.52,12.08,23.62,0.0,79.12,101.21,Rangpur
2025-12-22,17.79,13.3,24.54,0.0,80.09,101.09,Rangpur
2025-12-23,16.22,11.26,22.73,0.0,82.77,100.95,Rangpur
2025-12-24,15.61,10.65,22.6,0.0,82.9,101.01,Rangpur
2025-12-25,15.61,10.75,21.47,0.0,82.05,101.16,Rangpur
2025-12-26,16.71,11.85,23.19,0.0,82.2,101.1,Rangpur
2025-12-27,16.54,11.53,23.09,0.0,82.5,101.1,Rangpur
2025-12-28,16.01,11.19,22.21,0.0,82.61,101.21,Rangpur
2025-12-29,15.03,10.35,21.1,0.0,83.36,101.18,Rangpur
2025-12-30,13.95,9.08,19.48,0.0,82.4,101.04,Rangpur
2025-12-31,14.44,9.49,20.39,0.03,79.9,100.97,Rangpur
2021-12-01,20.64,14.73,26.62,0.0,78.99,101.1,Sylhet
2021-12-02,21.11,14.61,27.51,0.0,79.92,101.09,Sylhet
2021-12-03,22.01,16.57,27.27,0.01,81.93,101.21,Sylhet
2021-12-04,22.18,17.92,26.55,0.66,85.38,101.17,Sylhet
2021-12-05,21.82,18.48,25.78,0.64,89.25,101.19,Sylhet
2021-12-06,20.9,19.69,23.32,54.32,94.45,101.0,Sylhet
2021-12-07,22.25,19.9,26.21,10.32,91.9,100.92,Sylhet
2021-12-08,22.38,18.54,26.58,0.43,84.33,101.22,Sylhet
2021-12-09,22.09,18.18,26.79,0.08,84.16,101.37,Sylhet
2021-12-10,20.06,17.37,23.22,0.35,82.15,101.35,Sylhet
2021-12-11,19.66,14.32,24.79,0.0,75.46,101.4,Sylhet
2021-12-12,17.89,12.09,24.08,0.0,77.22,101.43,Sylhet
2021-12-13,17.62,11.6,23.41,0.0,78.2,101.31,Sylhet
2021-12-14,18.49,12.85,24.23,0.0,81.9,101.17,Sylhet
2021-12-15,17.87,12.55,23.6,0.0,81.4,101.16,Sylhet
2021-12-16,17.28,11.77,23.21,0.0,80.86,101.23,Sylhet
2021-12-17,17.41,10.18,23.52,0.0,75.89,101.23,Sylhet
2021-12-18,17.51,10.55,24.2,0.0,75.22,101.18,Sylhet
2021-12-19,16.94,11.33,22.92,0.0,78.3,101.27,Sylhet
2021-12-20,16.12,10.6,22.98,0.0,84.08,101.25,Sylhet
2021-12-21,16.77,11.07,22.86,0.0,86.21,101.18,Sylhet
2021-12-22,18.01,15.04,22.06,0.61,88.7,101.02,Sylhet
2021-12-23,18.41,14.06,23.25,0.42,78.24,101.04,Sylhet
2021-12-24,17.51,11.74,23.26,0.02,77.13,101.11,Sylhet
2021-12-25,17.48,11.47,23.4,0.0,72.35,101.2,Sylhet
2021-12-26,17.37,11.24,23.28,0.0,74.37,101.4,Sylhet
2021-12-27,16.58,10.51,22.3,0.0,78.04,101.48,Sylhet
2021-12-28,16.88,11.14,22.46,0.0,78.62,101.46,Sylhet
2021-12-29,17.11,10.76,23.53,0.0,77.97,101.48,Sylhet
2021-12-30,18.26,12.21,24.78,0.0,74.26,101.62,Sylhet
2021-12-31,17.9,11.89,24.22,0.0,74.48,101.59,Sylhet
2022-01-01,16.88,12.11,22.49,0.0,81.27,101.53,Sylhet
2022-01-02,16.86,9.99,23.2,0.0,76.41,101.38,Sylhet
2022-01-03,17.3,10.71,22.74,0.0,75.46,101.27,Sylhet
2022-01-04,16.84,10.39,22.91,0.0,79.04,101.34,Sylhet
2022-01-05,16.67,9.88,22.81,0.0,75.75,101.27,Sylhet
2022-01-06,17.08,10.47,23.21,0.0,72.62,101.24,Sylhet
2022-01-07,17.53,10.99,23.15,0.0,71.45,101.29,Sylhet
2022-01-08,18.18,11.17,23.95,0.0,72.63,101.27,Sylhet
2022-01-09,18.48,11.63,24.63,0.0,77.14,101.1,Sylhet
2022-01-10,19.0,12.67,24.64,0.0,79.83,101.14,Sylhet
2022-01-11,19.43,13.68,25.08,0.04,81.2,101.14,Sylhet
2022-01-12,19.17,15.78,23.65,4.31,85.3,101.14,Sylhet
2022-01-13,18.2,14.43,22.5,9.02,85.87,101.28,Sylhet
2022-01-14,16.8,10.99,21.52,0.11,73.19,101.31,Sylhet
2022-01-15,18.4,13.39,23.75,0.52,68.03,101.19,Sylhet
2022-01-16,18.0,11.65,23.48,0.15,69.67,101.34,Sylhet
2022-01-17,17.57,10.96,24.34,0.0,76.17,101.44,Sylhet
2022-01-18,18.03,12.45,24.15,0.0,71.61,101.23,Sylhet
2022-01-19,18.1,13.26,23.9,0.0,77.14,101.01,Sylhet
2022-01-20,17.24,12.54,22.05,0.08,83.25,100.79,Sylhet
2022-01-21,17.87,12.73,22.55,0.05,73.02,100.84,Sylhet
2022-01-22,16.4,10.5,23.08,0.0,75.57,100.79,Sylhet
2022-01-23,17.16,11.28,24.12,0.13,76.17,100.82,Sylhet
2022-01-24,17.43,13.51,23.0,1.74,82.93,100.86,Sylhet
2022-01-25,17.21,13.44,22.24,0.8,84.32,100.86,Sylhet
2022-01-26,17.49,11.8,22.96,2.19,78.14,100.96,Sylhet
2022-01-27,17.08,12.77,21.73,8.58,81.2,101.0,Sylhet
2022-01-28,14.42,9.15,20.43,2.81,69.37,101.2,Sylhet
2022-01-29,14.4,8.24,20.75,0.0,66.63,101.17,Sylhet
2022-01-30,14.44,8.06,21.14,0.0,74.31,100.94,Sylhet
2022-01-31,15.39,8.48,21.91,0.0,69.5,100.91,Sylhet
2022-02-01,15.19,9.12,21.94,0.65,80.55,100.77,Sylhet
2022-02-02,16.64,10.63,23.32,1.69,75.58,100.95,Sylhet
2022-02-03,17.26,10.55,24.39,1.04,74.68,101.02,Sylhet
2022-02-04,18.49,12.53,24.96,8.76,72.45,100.89,Sylhet
2022-02-05,16.86,11.51,23.09,12.65,79.72,100.86,Sylhet
2022-02-06,15.17,8.97,21.56,8.28,71.51,101.27,Sylhet
2022-02-07,15.03,8.46,21.75,0.0,72.97,101.2,Sylhet
2022-02-08,15.71,8.06,21.96,0.0,67.59,101.13,Sylhet
2022-02-09,16.77,9.08,22.66,0.0,64.76,101.24,Sylhet
2022-02-10,16.97,10.13,24.23,0.0,76.51,101.12,Sylhet
2022-02-11,18.02,12.82,23.94,0.0,74.75,101.03,Sylhet
2022-02-12,16.96,11.93,22.67,0.0,62.06,101.08,Sylhet
2022-02-13,16.9,9.09,24.53,0.0,61.62,100.91,Sylhet
2022-02-14,17.73,9.07,25.91,0.0,57.19,100.85,Sylhet
2022-02-15,18.89,10.86,25.63,0.0,49.84,100.82,Sylhet
2022-02-16,18.42,10.48,24.78,0.0,52.39,100.66,Sylhet
2022-02-17,18.27,10.34,24.94,0.0,56.09,100.65,Sylhet
2022-02-18,18.4,10.52,25.34,0.0,55.8,100.8,Sylhet
2022-02-19,17.7,11.78,25.59,0.0,59.31,100.88,Sylhet
2022-02-20,17.87,11.11,25.86,1.34,68.37,100.64,Sylhet
2022-02-21,17.42,12.08,24.67,2.97,78.54,100.71,Sylhet
2022-02-22,18.67,12.13,26.75,1.83,69.21,101.15,Sylhet
2022-02-23,19.92,12.85,27.79,0.48,64.75,101.31,Sylhet
2022-02-24,20.61,13.87,28.78,0.06,68.41,101.3,Sylhet
2022-02-25,19.68,15.18,25.9,3.93,78.52,101.31,Sylhet
2022-02-26,21.26,14.89,28.93,1.6,75.05,101.31,Sylhet
2022-02-27,21.75,14.67,27.96,0.0,65.65,101.22,Sylhet
2022-02-28,22.79,17.12,29.35,0.0,62.77,101.07,Sylhet
2022-03-01,22.92,15.78,29.26,0.0,53.83,101.17,Sylhet
2022-03-02,22.11,13.77,28.94,0.0,50.79,101.12,Sylhet
2022-03-03,22.33,13.58,29.75,0.0,50.46,101.06,Sylhet
2022-03-04,23.04,15.87,29.75,0.0,47.16,100.98,Sylhet
2022-03-05,22.8,16.02,30.29,0.0,49.48,100.89,Sylhet
2022-03-06,22.9,14.56,31.94,0.0,56.15,100.87,Sylhet
2022-03-07,24.13,14.41,34.23,0.0,53.2,100.82,Sylhet
2022-03-08,24.89,16.19,33.16,0.0,48.67,100.69,Sylhet
2022-03-09,24.23,15.39,32.37,0.0,52.78,100.7,Sylhet
2022-03-10,24.75,16.71,33.16,0.0,48.08,100.65,Sylhet
2022-03-11,25.24,17.8,32.98,0.0,41.94,100.63,Sylhet
2022-03-12,25.23,17.58,32.45,0.0,40.73,100.55,Sylhet
2022-03-13,25.57,17.09,33.41,0.0,44.74,100.59,Sylhet
2022-03-14,26.3,17.7,34.46,0.0,47.45,100.51,Sylhet
2022-03-15,27.28,19.8,34.5,0.0,42.06,100.32,Sylhet
2022-03-16,27.24,20.29,34.7,0.0,42.1,100.28,Sylhet
2022-03-17,26.64,17.88,34.77,0.0,45.5,100.45,Sylhet
2022-03-18,28.05,19.65,35.66,0.0,44.12,100.46,Sylhet
2022-03-19,28.07,20.69,36.23,0.0,47.6,100.25,Sylhet
2022-03-20,26.33,18.49,35.29,0.0,55.54,100.22,Sylhet
2022-03-21,26.81,17.53,35.68,0.0,51.72,100.37,Sylhet
2022-03-22,27.35,19.11,36.23,0.02,51.45,100.41,Sylhet
2022-03-23,29.07,20.91,36.89,0.02,48.54,100.32,Sylhet
2022-03-24,28.45,23.28,36.13,2.39,57.13,100.22,Sylhet
2022-03-25,27.48,22.04,34.46,7.14,71.19,100.32,Sylhet
2022-03-26,27.28,23.4,33.49,23.63,76.29,100.44,Sylhet
2022-03-27,27.01,22.2,33.9,9.84,73.13,100.69,Sylhet
2022-03-28,26.39,20.49,32.9,2.97,69.42,100.6,Sylhet
2022-03-29,26.45,20.74,32.55,9.06,72.12,100.48,Sylhet
2022-03-30,27.14,21.77,32.51,9.8,72.23,100.54,Sylhet
2022-03-31,27.88,22.81,34.46,8.36,73.11,100.52,Sylhet
2022-04-01,27.79,22.63,34.33,18.08,76.29,100.53,Sylhet
2022-04-02,27.35,23.35,32.65,28.61,79.58,100.75,Sylhet
2022-04-03,27.33,23.08,33.48,5.34,75.95,100.65,Sylhet
2022-04-04,27.24,22.43,33.85,9.09,75.46,100.67,Sylhet
2022-04-05,27.34,22.21,33.48,28.76,76.47,100.86,Sylhet
2022-04-06,27.25,22.57,33.24,4.23,77.22,100.9,Sylhet
2022-04-07,27.69,21.95,34.75,0.0,72.58,100.79,Sylhet
2022-04-08,28.49,21.98,35.27,0.01,63.28,100.56,Sylhet
2022-04-09,28.03,21.96,34.73,2.46,68.15,100.51,Sylhet
2022-04-10,27.32,21.88,33.53,17.54,70.75,100.45,Sylhet
2022-04-11,28.22,22.8,33.8,10.99,73.79,100.3,Sylhet
2022-04-12,28.28,23.55,32.52,9.53,75.39,100.33,Sylhet
2022-04-13,28.54,23.32,33.99,10.86,74.78,100.17,Sylhet
2022-04-14,28.16,24.07,34.78,15.74,76.99,100.0,Sylhet
2022-04-15,28.82,24.33,35.83,6.63,74.2,99.98,Sylhet
2022-04-16,28.21,24.23,33.44,9.75,79.14,100.07,Sylhet
2022-04-17,28.41,23.77,34.47,11.11,75.6,100.19,Sylhet
2022-04-18,27.5,23.09,33.0,14.77,78.99,100.44,Sylhet
2022-04-19,28.32,23.33,32.89,7.95,76.79,100.53,Sylhet
2022-04-20,27.13,23.89,31.82,15.7,78.44,100.54,Sylhet
2022-04-21,26.2,21.52,30.83,3.4,76.96,100.52,Sylhet
2022-04-22,27.02,22.1,32.04,12.12,79.88,100.48,Sylhet
2022-04-23,27.55,22.99,32.69,6.76,79.28,100.37,Sylhet
2022-04-24,28.66,23.53,35.44,6.41,78.12,100.14,Sylhet
2022-04-25,29.0,23.25,35.47,6.76,75.15,100.16,Sylhet
2022-04-26,29.39,24.18,34.96,3.08,74.83,100.23,Sylhet
2022-04-27,29.7,24.5,35.54,5.31,73.63,100.23,Sylhet
2022-04-28,29.67,24.58,35.66,1.43,70.35,100.32,Sylhet
2022-04-29,30.13,24.06,35.42,3.62,67.98,100.25,Sylhet
2022-04-30,29.18,24.94,34.71,15.04,72.11,100.27,Sylhet
2022-05-01,28.22,24.02,33.4,3.99,75.59,100.17,Sylhet
2022-05-02,28.21,23.94,34.23,7.66,73.93,100.23,Sylhet
2022-05-03,27.79,22.67,33.24,3.43,74.58,100.35,Sylhet
2022-05-04,28.35,24.24,32.16,20.5,71.13,100.48,Sylhet
2022-05-05,28.11,23.74,32.14,5.13,73.71,100.36,Sylhet
2022-05-06,28.72,24.17,33.68,4.83,73.19,100.31,Sylhet
2022-05-07,28.89,24.37,33.97,0.09,75.41,100.27,Sylhet
2022-05-08,30.14,23.95,35.55,0.25,65.73,100.2,Sylhet
2022-05-09,29.09,24.68,33.96,7.74,70.5,100.32,Sylhet
2022-05-10,27.11,24.84,30.01,45.6,84.68,100.35,Sylhet
2022-05-11,27.48,24.49,31.03,35.84,86.54,100.21,Sylhet
2022-05-12,28.38,25.57,32.33,39.9,85.23,100.1,Sylhet
2022-05-13,28.14,25.49,32.07,97.02,88.61,99.87,Sylhet
2022-05-14,28.51,25.89,32.5,75.44,87.69,99.92,Sylhet
2022-05-15,28.86,26.23,32.86,18.56,87.26,100.15,Sylhet
2022-05-16,28.2,25.54,31.37,14.24,88.76,100.15,Sylhet
2022-05-17,27.41,25.86,29.66,60.07,91.37,100.07,Sylhet
2022-05-18,26.89,25.0,29.12,38.23,90.16,100.2,Sylhet
2022-05-19,27.29,24.17,31.04,81.39,90.34,100.21,Sylhet
2022-05-20,27.66,24.51,30.76,27.73,86.85,100.05,Sylhet
2022-05-21,27.23,24.66,30.12,51.63,88.86,99.72,Sylhet
2022-05-22,28.29,24.89,31.77,22.85,83.78,99.61,Sylhet
2022-05-23,28.32,24.77,32.12,36.22,84.04,99.75,Sylhet
2022-05-24,29.06,25.51,32.82,3.11,81.03,100.03,Sylhet
2022-05-25,27.79,25.4,30.47,4.25,87.6,100.13,Sylhet
2022-05-26,27.46,24.5,30.8,8.97,86.49,100.06,Sylhet
2022-05-27,27.83,23.93,31.93,8.99,86.0,99.88,Sylhet
2022-05-28,28.11,24.02,31.59,4.47,81.4,99.79,Sylhet
2022-05-29,28.23,24.75,31.82,14.17,83.99,99.85,Sylhet
2022-05-30,27.56,24.97,30.21,10.22,87.54,99.89,Sylhet
2022-05-31,28.33,24.85,31.86,4.16,82.37,99.82,Sylhet
2022-06-01,27.9,24.97,31.15,13.4,88.12,99.86,Sylhet
2022-06-02,27.59,24.88,31.01,15.76,88.26,99.9,Sylhet
2022-06-03,27.86,25.15,31.0,29.15,89.55,99.89,Sylhet
2022-06-04,27.73,25.3,30.79,34.55,88.08,100.02,Sylhet
2022-06-05,28.05,25.09,31.47,22.18,85.74,100.08,Sylhet
2022-06-06,28.19,24.78,31.72,39.44,87.66,100.01,Sylhet
2022-06-07,28.69,25.35,32.13,28.22,87.33,99.91,Sylhet
2022-06-08,28.24,25.71,30.9,55.97,88.73,99.85,Sylhet
2022-06-09,28.24,25.94,31.42,23.63,89.24,99.86,Sylhet
2022-06-10,26.44,24.92,27.81,33.84,89.98,99.94,Sylhet
2022-06-11,27.49,24.19,31.25,1.43,87.56,99.93,Sylhet
2022-06-12,28.12,24.48,32.08,40.64,89.08,100.04,Sylhet
2022-06-13,28.46,25.17,31.93,40.15,89.25,100.11,Sylhet
2022-06-14,28.27,25.76,31.37,35.31,90.64,100.05,Sylhet
2022-06-15,27.26,25.79,29.4,33.02,92.15,100.12,Sylhet
2022-06-16,26.44,24.9,28.39,51.13,93.74,100.2,Sylhet
2022-06-17,25.96,24.45,27.87,74.06,94.03,100.22,Sylhet
2022-06-18,25.96,24.44,27.75,119.47,94.04,100.18,Sylhet
2022-06-19,26.24,24.38,28.89,74.6,92.52,100.1,Sylhet
2022-06-20,26.65,24.65,29.06,51.32,93.32,99.87,Sylhet
2022-06-21,27.32,24.34,30.74,8.09,89.84,99.8,Sylhet
2022-06-22,27.74,24.73,31.12,5.65,87.63,100.1,Sylhet
2022-06-23,27.44,24.71,30.8,25.68,89.98,100.22,Sylhet
2022-06-24,27.01,24.65,29.41,2.22,91.37,100.14,Sylhet
2022-06-25,28.0,24.7,31.68,7.93,88.63,99.98,Sylhet
2022-06-26,27.27,25.09,29.62,7.26,90.76,100.17,Sylhet
2022-06-27,28.41,25.2,31.76,10.29,88.25,100.17,Sylhet
2022-06-28,27.84,25.77,30.62,12.57,89.74,100.09,Sylhet
2022-06-29,28.02,25.33,31.06,32.09,88.24,99.99,Sylhet
2022-06-30,27.6,25.3,30.19,28.9,89.86,99.94,Sylhet
2022-07-01,28.39,25.01,32.42,12.83,87.61,99.82,Sylhet
2022-07-02,28.54,24.91,32.03,6.68,86.64,99.69,Sylhet
2022-07-03,28.91,25.85,32.24,5.24,86.4,99.75,Sylhet
2022-07-04,28.04,25.25,31.3,9.87,88.75,99.72,Sylhet
2022-07-05,29.79,25.49,34.03,2.09,80.53,99.75,Sylhet
2022-07-06,28.12,26.13,30.97,44.36,88.4,100.13,Sylhet
2022-07-07,28.31,25.03,31.6,1.96,87.21,100.18,Sylhet
2022-07-08,28.38,25.29,31.61,4.62,87.43,100.02,Sylhet
2022-07-09,28.69,25.67,32.81,2.98,85.04,99.87,Sylhet
2022-07-10,29.01,25.46,33.45,6.37,84.3,99.83,Sylhet
2022-07-11,28.37,25.89,32.0,14.3,86.02,99.95,Sylhet
2022-07-12,30.02,25.86,34.82,5.83,80.0,99.79,Sylhet
2022-07-13,30.61,26.73,35.07,7.96,82.38,99.58,Sylhet
2022-07-14,30.65,27.5,34.84,6.89,83.35,99.65,Sylhet
2022-07-15,30.08,26.95,34.32,11.34,83.79,99.85,Sylhet
2022-07-16,30.13,26.56,34.22,4.05,83.13,99.96,Sylhet
2022-07-17,29.39,26.87,32.82,37.73,85.79,100.13,Sylhet
2022-07-18,28.73,26.06,32.26,11.18,88.36,100.07,Sylhet
2022-07-19,27.95,25.71,30.28,13.4,89.45,99.97,Sylhet
2022-07-20,28.31,25.65,31.53,16.42,89.09,99.96,Sylhet
2022-07-21,28.7,25.61,32.11,5.15,85.6,100.06,Sylhet
2022-07-22,29.8,26.26,33.6,2.85,83.12,100.08,Sylhet
2022-07-23,28.1,26.64,30.38,29.09,90.35,100.14,Sylhet
2022-07-24,27.66,25.24,29.68,3.13,89.01,100.27,Sylhet
2022-07-25,26.76,25.09,28.39,23.66,89.04,100.51,Sylhet
2022-07-26,27.83,24.1,31.65,11.69,84.91,100.51,Sylhet
2022-07-27,28.41,24.92,31.83,11.82,85.48,100.38,Sylhet
2022-07-28,28.68,25.64,32.02,18.83,84.91,100.38,Sylhet
2022-07-29,28.0,25.26,31.38,13.14,84.57,100.29,Sylhet
2022-07-30,28.4,24.82,32.14,14.23,87.39,100.1,Sylhet
2022-07-31,27.59,26.28,29.71,25.67,89.98,99.97,Sylhet
2022-08-01,28.61,25.77,31.67,20.02,88.68,99.95,Sylhet
2022-08-02,29.37,25.6,33.06,12.94,83.78,99.9,Sylhet
2022-08-03,28.22,26.32,30.31,14.55,88.71,100.09,Sylhet
2022-08-04,29.21,25.4,33.17,20.72,83.13,100.09,Sylhet
2022-08-05,28.51,26.18,31.24,56.63,88.58,99.9,Sylhet
2022-08-06,29.17,26.0,32.11,18.17,83.56,99.73,Sylhet
2022-08-07,30.71,26.63,34.95,11.56,78.67,99.6,Sylhet
2022-08-08,29.25,26.98,32.04,20.97,87.41,99.65,Sylhet
2022-08-09,29.22,25.71,33.61,2.35,86.86,99.73,Sylhet
2022-08-10,29.04,26.08,33.01,2.57,83.88,99.81,Sylhet
2022-08-11,29.0,25.34,33.27,0.48,84.1,99.93,Sylhet
2022-08-12,29.35,25.51,32.88,0.12,83.17,99.77,Sylhet
2022-08-13,27.29,25.11,30.75,17.52,91.05,99.78,Sylhet
2022-08-14,28.4,25.15,32.72,28.3,85.43,100.17,Sylhet
2022-08-15,28.74,25.2,32.73,8.59,84.63,100.39,Sylhet
2022-08-16,28.62,25.49,32.32,9.79,87.01,100.24,Sylhet
2022-08-17,29.33,25.56,32.89,12.87,85.15,99.94,Sylhet
2022-08-18,30.79,26.45,35.28,13.47,80.84,99.62,Sylhet
2022-08-19,29.92,26.97,33.26,11.33,82.49,99.84,Sylhet
2022-08-20,29.47,26.43,33.62,8.58,84.22,100.02,Sylhet
2022-08-21,27.85,25.25,30.35,5.81,85.17,99.98,Sylhet
2022-08-22,29.19,25.72,32.97,2.35,84.91,99.88,Sylhet
2022-08-23,29.1,26.21,32.77,15.98,87.18,100.09,Sylhet
2022-08-24,28.62,25.73,32.71,11.23,85.71,100.31,Sylhet
2022-08-25,28.39,25.14,32.28,2.96,85.78,100.15,Sylhet
2022-08-26,28.68,24.73,32.73,1.3,86.16,99.96,Sylhet
2022-08-27,27.3,25.87,28.83,15.59,91.25,100.04,Sylhet
2022-08-28,27.86,24.22,31.82,20.82,87.04,100.31,Sylhet
2022-08-29,28.24,25.1,31.6,4.15,85.92,100.49,Sylhet
2022-08-30,28.54,25.22,31.78,9.32,83.44,100.49,Sylhet
2022-08-31,28.56,24.94,32.49,16.25,86.07,100.31,Sylhet
2022-09-01,26.87,24.86,29.5,22.56,89.93,100.45,Sylhet
2022-09-02,26.54,23.86,29.3,17.83,91.61,100.46,Sylhet
2022-09-03,28.02,24.98,31.41,59.54,90.13,100.13,Sylhet
2022-09-04,28.65,26.46,32.09,51.24,90.25,100.12,Sylhet
2022-09-05,28.16,26.39,30.61,25.41,91.45,100.23,Sylhet
2022-09-06,28.02,25.82,30.78,17.28,89.51,100.33,Sylhet
2022-09-07,27.64,25.03,30.63,4.91,89.3,100.43,Sylhet
2022-09-08,29.67,25.52,33.45,2.83,81.95,100.41,Sylhet
2022-09-09,29.92,25.77,34.36,9.67,81.62,100.38,Sylhet
2022-09-10,27.86,25.73,30.43,11.16,89.54,100.43,Sylhet
2022-09-11,26.64,24.9,28.35,31.02,90.41,100.4,Sylhet
2022-09-12,26.59,24.21,30.14,6.39,91.17,100.34,Sylhet
2022-09-13,26.46,24.46,29.23,32.53,94.2,100.43,Sylhet
2022-09-14,26.89,23.85,30.63,55.23,89.97,100.54,Sylhet
2022-09-15,27.39,24.63,30.77,33.48,90.04,100.3,Sylhet
2022-09-16,27.68,25.3,30.62,15.88,90.25,99.98,Sylhet
2022-09-17,28.57,24.87,32.68,2.66,85.98,100.01,Sylhet
2022-09-18,28.93,25.22,32.96,0.4,85.86,100.07,Sylhet
2022-09-19,29.03,25.92,33.25,28.89,84.74,100.23,Sylhet
2022-09-20,28.46,25.56,32.46,8.29,86.62,100.31,Sylhet
2022-09-21,27.57,25.19,30.69,10.63,89.49,100.36,Sylhet
2022-09-22,27.92,24.93,31.5,8.03,88.88,100.34,Sylhet
2022-09-23,27.44,25.26,30.03,7.79,90.6,100.33,Sylhet
2022-09-24,27.24,25.02,30.18,12.31,89.39,100.28,Sylhet
2022-09-25,28.09,24.24,32.07,13.6,83.29,100.32,Sylhet
2022-09-26,27.72,24.12,31.49,5.08,86.29,100.35,Sylhet
2022-09-27,27.56,24.62,31.02,1.45,89.52,100.23,Sylhet
2022-09-28,26.74,24.56,30.29,1.83,86.24,100.17,Sylhet
2022-09-29,27.97,23.0,32.41,0.75,78.6,100.14,Sylhet
2022-09-30,29.09,23.9,34.28,0.82,79.58,100.06,Sylhet
2022-10-01,29.36,25.57,33.8,12.44,81.38,99.98,Sylhet
2022-10-02,27.47,25.82,29.68,43.61,91.45,99.99,Sylhet
2022-10-03,27.26,25.72,29.68,19.99,92.6,100.31,Sylhet
2022-10-04,27.15,24.86,29.65,15.92,86.18,100.63,Sylhet
2022-10-05,26.96,23.6,30.71,12.51,87.29,100.69,Sylhet
2022-10-06,27.57,24.63,31.21,1.01,87.88,100.72,Sylhet
2022-10-07,27.1,24.0,30.95,2.61,84.21,100.69,Sylhet
2022-10-08,27.31,23.48,31.26,2.99,85.64,100.69,Sylhet
2022-10-09,27.34,24.08,30.91,9.15,87.57,100.83,Sylhet
2022-10-10,26.8,24.71,29.47,7.61,90.48,100.87,Sylhet
2022-10-11,26.64,23.95,29.86,51.84,91.86,100.71,Sylhet
2022-10-12,26.17,24.22,28.82,22.04,91.88,100.76,Sylhet
2022-10-13,26.39,23.63,29.84,21.05,89.46,100.75,Sylhet
2022-10-14,26.28,23.78,29.47,15.42,88.8,100.67,Sylhet
2022-10-15,26.88,23.32,31.39,0.02,84.33,100.59,Sylhet
2022-10-16,27.18,22.38,32.29,0.78,81.91,100.72,Sylhet
2022-10-17,27.65,23.27,32.21,0.03,80.34,100.75,Sylhet
2022-10-18,27.33,24.3,31.25,0.36,82.75,100.71,Sylhet
2022-10-19,26.47,23.41,30.06,0.06,82.99,100.73,Sylhet
2022-10-20,26.78,22.07,31.23,0.0,76.08,100.81,Sylhet
2022-10-21,26.1,21.22,31.29,0.0,80.54,100.94,Sylhet
2022-10-22,25.75,20.78,32.19,0.0,81.7,100.95,Sylhet
2022-10-23,23.97,22.22,26.42,6.03,91.2,100.88,Sylhet
2022-10-24,22.62,21.59,24.05,80.24,94.09,100.43,Sylhet
2022-10-25,23.04,21.02,26.28,16.54,92.41,100.28,Sylhet
2022-10-26,23.79,19.55,27.63,1.99,82.86,100.99,Sylhet
2022-10-27,24.0,18.63,28.93,0.02,75.83,100.93,Sylhet
2022-10-28,23.41,17.48,28.98,0.0,77.16,100.85,Sylhet
2022-10-29,24.46,18.02,29.74,0.0,76.85,100.85,Sylhet
2022-10-30,25.38,20.56,30.49,0.0,83.63,100.81,Sylhet
2022-10-31,25.52,20.79,30.59,0.0,80.73,100.87,Sylhet
2022-11-01,24.75,19.62,30.11,0.0,78.82,100.92,Sylhet
2022-11-02,25.2,19.87,30.09,0.01,78.49,100.76,Sylhet
2022-11-03,25.13,21.76,29.03,0.04,83.89,100.77,Sylhet
2022-11-04,25.04,20.6,29.49,0.0,80.07,100.95,Sylhet
2022-11-05,25.35,20.23,30.34,0.0,79.23,101.13,Sylhet
2022-11-06,25.0,20.62,29.31,0.01,79.15,101.12,Sylhet
2022-11-07,24.09,19.94,29.04,0.0,81.7,101.07,Sylhet
2022-11-08,23.9,18.8,29.07,0.0,77.67,101.07,Sylhet
2022-11-09,23.37,18.29,27.9,0.0,76.85,101.11,Sylhet
2022-11-10,22.61,17.5,27.5,0.0,77.35,101.11,Sylhet
2022-11-11,22.17,16.2,27.79,0.0,75.28,101.08,Sylhet
2022-11-12,21.91,15.79,27.18,0.0,74.75,101.01,Sylhet
2022-11-13,21.19,16.42,26.5,0.0,80.47,101.01,Sylhet
2022-11-14,21.17,15.59,26.61,0.01,77.97,101.01,Sylhet
2022-11-15,21.32,15.02,26.66,0.0,76.12,100.96,Sylhet
2022-11-16,21.07,15.61,26.23,0.0,80.43,100.86,Sylhet
2022-11-17,21.41,16.43,26.41,0.0,78.88,100.87,Sylhet
2022-11-18,20.44,14.31,25.83,0.0,71.12,101.0,Sylhet
2022-11-19,20.28,12.54,26.78,0.0,73.25,100.96,Sylhet
2022-11-20,21.78,14.68,27.54,0.0,73.5,100.82,Sylhet
2022-11-21,22.15,16.77,28.59,0.66,78.14,100.72,Sylhet
2022-11-22,21.34,16.16,27.12,0.0,79.04,100.79,Sylhet
2022-11-23,20.71,14.94,26.1,0.0,81.0,100.82,Sylhet
2022-11-24,20.77,15.08,26.35,0.0,78.45,100.87,Sylhet
2022-11-25,20.54,13.63,26.66,0.0,73.38,100.96,Sylhet
2022-11-26,21.11,15.1,27.19,0.0,80.63,100.8,Sylhet
2022-11-27,21.38,16.03,26.92,0.0,81.88,100.65,Sylhet
2022-11-28,21.41,15.31,27.61,0.0,84.31,100.74,Sylhet
2022-11-29,23.52,18.34,28.43,0.0,79.67,100.84,Sylhet
2022-11-30,23.87,20.15,28.86,0.0,86.26,100.91,Sylhet
2022-12-01,23.15,19.54,28.39,0.0,82.64,100.86,Sylhet
2022-12-02,21.39,16.17,27.1,0.0,79.47,100.86,Sylhet
2022-12-03,20.63,15.84,25.67,0.0,75.64,100.92,Sylhet
2022-12-04,19.88,14.19,25.61,0.0,77.16,100.99,Sylhet
2022-12-05,19.94,13.79,26.74,0.0,77.1,101.03,Sylhet
2022-12-06,20.35,13.95,25.55,0.0,74.97,100.93,Sylhet
2022-12-07,19.38,13.74,24.88,0.0,78.26,100.93,Sylhet
2022-12-08,18.88,12.82,24.89,0.0,76.91,100.96,Sylhet
2022-12-09,18.27,12.06,24.41,0.0,76.89,100.96,Sylhet
2022-12-10,18.51,12.19,24.44,0.0,76.01,100.95,Sylhet
2022-12-11,18.83,12.35,24.65,0.0,76.45,100.99,Sylhet
2022-12-12,18.65,12.68,24.4,0.0,80.81,100.96,Sylhet
2022-12-13,18.42,12.78,23.71,0.0,82.87,100.98,Sylhet
2022-12-14,18.41,12.83,23.7,0.0,83.32,100.99,Sylhet
2022-12-15,17.91,12.27,23.28,0.0,82.33,100.9,Sylhet
2022-12-16,17.77,12.03,23.58,0.0,86.25,100.88,Sylhet
2022-12-17,18.3,12.89,23.94,0.0,81.91,101.0,Sylhet
2022-12-18,18.34,11.8,24.78,0.0,80.36,101.01,Sylhet
2022-12-19,19.76,15.84,24.92,0.0,78.72,100.85,Sylhet
2022-12-20,18.77,12.67,24.19,0.0,77.38,100.83,Sylhet
2022-12-21,17.93,12.5,23.78,0.0,79.95,100.9,Sylhet
2022-12-22,18.41,11.97,23.94,0.0,77.05,100.88,Sylhet
2022-12-23,18.52,12.36,24.04,0.0,73.56,100.93,Sylhet
2022-12-24,17.6,11.02,23.98,0.0,76.4,100.97,Sylhet
2022-12-25,17.28,11.53,22.41,0.96,79.9,101.13,Sylhet
2022-12-26,18.64,14.28,24.13,0.53,80.07,101.24,Sylhet
2022-12-27,18.51,13.74,23.12,5.0,87.91,101.17,Sylhet
2022-12-28,18.11,14.21,22.56,0.48,87.98,101.28,Sylhet
2022-12-29,16.97,12.01,22.95,0.0,74.49,101.41,Sylhet
2022-12-30,15.84,10.23,21.78,0.0,76.32,101.49,Sylhet
2022-12-31,15.67,9.53,21.64,0.0,79.12,101.47,Sylhet
2023-01-01,15.42,10.28,21.69,0.0,82.11,101.55,Sylhet
2023-01-02,15.95,9.42,22.44,0.0,74.15,101.57,Sylhet
2023-01-03,15.76,9.1,22.45,0.0,75.61,101.53,Sylhet
2023-01-04,15.49,8.72,22.09,0.0,74.13,101.51,Sylhet
2023-01-05,16.27,9.08,23.3,0.0,72.77,101.57,Sylhet
2023-01-06,17.14,9.82,24.22,0.0,73.07,101.53,Sylhet
2023-01-07,17.84,10.8,24.75,0.0,75.76,101.36,Sylhet
2023-01-08,17.78,12.06,24.48,0.0,78.32,101.31,Sylhet
2023-01-09,18.1,11.18,24.86,0.0,76.31,101.38,Sylhet
2023-01-10,19.14,12.26,26.31,0.0,70.1,101.22,Sylhet
2023-01-11,17.97,12.06,24.37,0.0,72.11,101.09,Sylhet
2023-01-12,16.74,10.61,23.54,0.0,73.97,100.93,Sylhet
2023-01-13,16.07,9.55,23.54,0.0,74.71,101.03,Sylhet
2023-01-14,17.23,10.53,23.96,0.0,71.81,100.96,Sylhet
2023-01-15,17.14,12.37,23.25,0.0,74.1,100.99,Sylhet
2023-01-16,15.8,9.42,22.6,0.0,78.63,101.16,Sylhet
2023-01-17,14.9,9.36,21.95,0.0,77.72,101.27,Sylhet
2023-01-18,14.31,7.88,21.33,0.0,71.81,101.44,Sylhet
2023-01-19,14.43,7.87,21.64,0.0,66.3,101.42,Sylhet
2023-01-20,14.31,7.31,21.91,0.0,69.73,101.31,Sylhet
2023-01-21,15.13,7.92,22.9,0.42,69.06,101.18,Sylhet
2023-01-22,15.98,8.93,23.31,0.0,68.1,101.16,Sylhet
2023-01-23,16.26,9.28,24.72,0.0,76.08,101.12,Sylhet
2023-01-24,17.41,10.79,25.3,0.0,74.4,101.14,Sylhet
2023-01-25,18.42,11.21,26.28,0.0,71.07,101.09,Sylhet
2023-01-26,18.95,12.47,26.65,0.0,74.09,101.0,Sylhet
2023-01-27,19.6,13.31,26.31,0.0,76.86,101.04,Sylhet
2023-01-28,19.53,13.53,25.97,0.0,78.75,100.99,Sylhet
2023-01-29,19.53,13.29,26.48,0.0,77.69,101.04,Sylhet
2023-01-30,20.56,12.48,28.22,0.0,63.54,101.12,Sylhet
2023-01-31,20.18,12.6,27.74,0.0,69.75,100.92,Sylhet
2023-02-01,20.87,15.1,26.87,0.0,69.11,100.91,Sylhet
2023-02-02,19.75,13.61,26.17,0.0,51.3,101.04,Sylhet
2023-02-03,18.49,10.75,25.94,0.0,55.4,100.95,Sylhet
2023-02-04,18.79,11.36,26.11,0.0,62.69,100.81,Sylhet
2023-02-05,19.0,11.81,25.95,0.0,63.82,100.81,Sylhet
2023-02-06,18.88,11.56,26.14,0.0,61.28,100.86,Sylhet
2023-02-07,19.91,12.34,27.14,0.0,55.99,100.8,Sylhet
2023-02-08,19.99,12.64,27.7,0.0,72.97,100.9,Sylhet
2023-02-09,20.34,14.97,27.79,0.0,71.65,100.93,Sylhet
2023-02-10,20.24,13.57,27.57,0.0,65.45,100.95,Sylhet
2023-02-11,20.16,12.82,27.68,0.0,58.19,100.92,Sylhet
2023-02-12,20.35,13.29,28.4,0.0,61.39,100.87,Sylhet
2023-02-13,18.82,10.8,26.77,0.0,54.77,101.03,Sylhet
2023-02-14,19.02,10.64,27.13,0.0,47.44,101.01,Sylhet
2023-02-15,19.58,11.93,26.89,0.0,53.14,100.86,Sylhet
2023-02-16,20.22,12.21,28.71,0.0,53.96,101.0,Sylhet
2023-02-17,20.59,12.64,28.98,0.0,54.8,101.18,Sylhet
2023-02-18,21.47,13.73,29.11,0.0,54.14,101.16,Sylhet
2023-02-19,21.79,14.26,29.45,0.0,55.33,101.04,Sylhet
2023-02-20,22.36,15.82,29.63,0.0,60.05,100.94,Sylhet
2023-02-21,23.41,16.73,30.96,0.01,63.34,100.93,Sylhet
2023-02-22,23.89,17.43,31.99,1.15,71.42,100.81,Sylhet
2023-02-23,24.06,18.93,31.17,2.78,72.26,100.85,Sylhet
2023-02-24,23.08,17.42,30.13,3.1,75.34,101.04,Sylhet
2023-02-25,22.58,16.09,31.14,0.0,60.13,101.28,Sylhet
2023-02-26,23.25,14.98,32.15,0.7,46.65,101.37,Sylhet
2023-02-27,22.59,15.06,31.76,0.0,46.09,101.3,Sylhet
2023-02-28,22.21,14.69,31.46,0.0,50.12,101.33,Sylhet
2023-03-01,23.43,14.84,31.36,0.0,49.47,101.36,Sylhet
2023-03-02,23.81,16.16,31.69,0.0,53.06,101.32,Sylhet
2023-03-03,24.2,16.06,32.32,0.0,50.47,101.32,Sylhet
2023-03-04,25.11,17.35,33.42,0.0,48.86,101.25,Sylhet
2023-03-05,25.71,17.4,33.8,0.0,50.41,101.09,Sylhet
2023-03-06,26.48,20.4,34.28,0.0,44.48,100.98,Sylhet
2023-03-07,26.03,19.66,33.86,0.0,37.3,101.06,Sylhet
2023-03-08,25.74,17.35,33.03,0.0,38.85,101.17,Sylhet
2023-03-09,26.0,18.86,32.92,0.0,45.02,101.06,Sylhet
2023-03-10,24.23,18.81,29.55,0.0,47.11,101.06,Sylhet
2023-03-11,26.5,18.37,34.28,0.0,43.28,101.07,Sylhet
2023-03-12,26.45,18.17,35.62,0.0,45.87,100.96,Sylhet
2023-03-13,26.56,17.88,34.76,0.0,46.05,100.78,Sylhet
2023-03-14,26.38,18.54,32.76,0.1,43.77,100.65,Sylhet
2023-03-15,26.2,20.71,33.23,4.55,59.18,100.66,Sylhet
2023-03-16,25.78,19.48,33.25,6.62,62.9,100.89,Sylhet
2023-03-17,23.72,20.49,29.15,6.54,76.06,100.98,Sylhet
2023-03-18,24.73,18.84,30.94,11.55,67.71,100.8,Sylhet
2023-03-19,22.82,19.04,27.27,21.84,78.91,100.75,Sylhet
2023-03-20,22.02,18.73,26.17,17.83,82.48,100.69,Sylhet
2023-03-21,22.98,18.19,27.47,17.77,77.95,100.63,Sylhet
2023-03-22,23.41,18.68,28.71,10.16,75.87,100.51,Sylhet
2023-03-23,23.69,17.59,29.26,1.44,71.96,100.52,Sylhet
2023-03-24,23.74,17.71,30.12,6.45,71.12,100.72,Sylhet
2023-03-25,24.89,17.69,31.39,5.01,66.42,100.75,Sylhet
2023-03-26,25.7,19.24,32.77,1.6,68.43,100.53,Sylhet
2023-03-27,26.21,19.68,32.79,2.55,67.91,100.51,Sylhet
2023-03-28,26.42,20.05,32.73,3.78,66.36,100.58,Sylhet
2023-03-29,25.27,19.55,30.76,21.54,72.07,100.75,Sylhet
2023-03-30,25.2,18.74,30.72,7.61,70.68,100.61,Sylhet
2023-03-31,24.54,19.82,29.81,22.55,79.76,100.64,Sylhet
2023-04-01,22.92,20.58,26.07,35.13,88.48,100.56,Sylhet
2023-04-02,23.74,19.7,28.79,11.76,81.08,100.39,Sylhet
2023-04-03,23.92,18.05,29.16,21.13,80.72,100.42,Sylhet
2023-04-04,24.95,19.16,31.0,13.32,80.18,100.48,Sylhet
2023-04-05,25.58,19.99,31.36,21.49,83.59,100.42,Sylhet
2023-04-06,25.95,20.83,31.72,7.48,77.84,100.7,Sylhet
2023-04-07,25.79,18.83,32.29,5.35,70.27,100.85,Sylhet
2023-04-08,26.37,18.95,32.73,0.0,63.9,100.96,Sylhet
2023-04-09,26.83,19.5,33.09,0.0,62.93,100.84,Sylhet
2023-04-10,27.44,19.77,33.93,0.0,63.12,100.68,Sylhet
2023-04-11,28.21,21.32,34.99,0.0,60.27,100.65,Sylhet
2023-04-12,27.92,20.52,34.92,0.0,59.03,100.56,Sylhet
2023-04-13,28.96,20.04,35.92,0.0,51.9,100.47,Sylhet
2023-04-14,28.88,20.9,36.35,0.0,59.34,100.47,Sylhet
2023-04-15,29.23,22.16,37.18,0.0,59.27,100.43,Sylhet
2023-04-16,29.39,22.17,36.96,0.0,59.92,100.24,Sylhet
2023-04-17,29.62,22.84,37.53,0.01,68.11,100.34,Sylhet
2023-04-18,30.49,23.65,37.39,0.12,65.35,100.45,Sylhet
2023-04-19,29.88,24.03,36.96,0.43,70.57,100.11,Sylhet
2023-04-20,29.5,23.87,36.58,7.9,71.18,99.89,Sylhet
2023-04-21,29.16,23.36,36.03,10.82,71.8,99.97,Sylhet
2023-04-22,28.42,23.08,34.16,7.29,70.9,100.14,Sylhet
2023-04-23,26.56,22.1,31.62,29.76,75.85,100.5,Sylhet
2023-04-24,26.1,20.84,31.86,0.08,73.36,100.75,Sylhet
2023-04-25,27.32,21.05,33.27,0.05,67.07,100.67,Sylhet
2023-04-26,27.51,21.18,33.79,0.04,66.68,100.49,Sylhet
2023-04-27,27.76,21.25,34.52,0.28,67.05,100.5,Sylhet
2023-04-28,27.43,21.14,32.89,9.09,67.12,100.55,Sylhet
2023-04-29,28.37,22.29,34.97,0.57,62.78,100.47,Sylhet
2023-04-30,27.44,21.76,33.53,5.74,67.01,100.41,Sylhet
2023-05-01,27.41,22.84,33.03,2.54,73.11,100.49,Sylhet
2023-05-02,27.63,22.83,33.36,2.16,71.24,100.6,Sylhet
2023-05-03,28.46,22.15,34.57,0.26,66.63,100.62,Sylhet
2023-05-04,27.77,23.0,32.79,13.21,73.26,100.55,Sylhet
2023-05-05,28.05,23.48,32.78,8.02,73.29,100.24,Sylhet
2023-05-06,28.74,23.36,34.06,3.18,69.81,100.13,Sylhet
2023-05-07,28.25,22.44,34.36,11.67,69.84,100.18,Sylhet
2023-05-08,29.24,22.09,37.69,0.0,65.53,100.11,Sylhet
2023-05-09,30.45,22.67,37.95,0.0,60.67,100.07,Sylhet
2023-05-10,31.2,24.24,38.74,0.45,62.6,100.16,Sylhet
2023-05-11,30.5,25.32,36.49,3.76,63.48,100.39,Sylhet
2023-05-12,29.7,24.09,35.69,4.97,62.92,100.38,Sylhet
2023-05-13,29.52,23.75,36.42,0.02,62.98,100.26,Sylhet
2023-05-14,27.61,23.38,34.75,0.45,64.06,99.91,Sylhet
2023-05-15,28.78,21.87,35.93,0.56,61.78,99.99,Sylhet
2023-05-16,29.37,24.38,35.38,13.49,68.63,100.29,Sylhet
2023-05-17,28.3,24.12,32.62,19.3,77.1,100.57,Sylhet
2023-05-18,27.51,23.91,31.78,34.37,82.4,100.61,Sylhet
2023-05-19,27.72,23.18,32.37,10.43,81.59,100.4,Sylhet
2023-05-20,28.28,24.39,33.08,19.2,81.32,100.32,Sylhet
2023-05-21,28.26,23.61,32.17,24.38,77.64,100.5,Sylhet
2023-05-22,27.92,24.37,31.12,13.68,81.13,100.53,Sylhet
2023-05-23,27.62,24.62,30.67,7.03,84.43,100.5,Sylhet
2023-05-24,26.79,23.99,30.1,15.71,85.11,100.41,Sylhet
2023-05-25,28.05,23.82,32.99,0.19,78.58,100.3,Sylhet
2023-05-26,27.74,24.65,31.35,34.87,84.2,100.39,Sylhet
2023-05-27,27.91,24.33,31.75,16.1,84.27,100.32,Sylhet
2023-05-28,28.6,24.92,32.3,34.51,78.48,100.36,Sylhet
2023-05-29,29.62,25.05,33.7,0.08,72.23,100.43,Sylhet
2023-05-30,30.2,24.19,34.76,0.0,70.48,100.34,Sylhet
2023-05-31,30.51,25.08,35.08,0.0,72.47,100.12,Sylhet
2023-06-01,29.24,26.1,32.2,0.49,82.87,100.02,Sylhet
2023-06-02,29.54,25.65,34.1,2.76,80.78,100.07,Sylhet
2023-06-03,29.54,25.55,33.52,11.77,80.6,100.18,Sylhet
2023-06-04,30.05,25.74,33.83,0.75,77.09,100.17,Sylhet
2023-06-05,29.66,25.5,33.33,0.35,79.05,100.03,Sylhet
2023-06-06,30.53,25.67,35.28,0.07,73.48,99.92,Sylhet
2023-06-07,31.59,26.45,35.67,0.27,70.27,99.86,Sylhet
2023-06-08,30.38,26.65,33.45,8.45,77.24,99.82,Sylhet
2023-06-09,29.04,26.58,32.38,37.18,84.09,99.71,Sylhet
2023-06-10,28.95,25.88,32.96,24.81,84.66,99.66,Sylhet
2023-06-11,28.91,26.1,32.76,31.19,86.28,99.62,Sylhet
2023-06-12,28.87,25.62,32.65,18.57,86.22,99.7,Sylhet
2023-06-13,29.19,26.23,32.95,12.46,86.15,99.66,Sylhet
2023-06-14,28.28,26.14,30.49,52.3,91.01,99.7,Sylhet
2023-06-15,28.17,25.99,31.58,90.77,90.66,99.71,Sylhet
2023-06-16,28.46,25.81,32.24,99.49,90.51,99.82,Sylhet
2023-06-17,28.5,25.7,31.97,58.73,90.97,99.97,Sylhet
2023-06-18,28.62,25.83,32.17,72.73,89.24,100.08,Sylhet
2023-06-19,27.74,25.93,30.17,52.48,92.61,100.03,Sylhet
2023-06-20,27.93,24.92,30.72,29.06,87.84,100.02,Sylhet
2023-06-21,27.97,25.62,30.73,41.11,90.6,100.08,Sylhet
2023-06-22,27.65,25.25,30.03,19.57,89.74,100.13,Sylhet
2023-06-23,28.62,24.91,32.52,12.41,86.9,100.04,Sylhet
2023-06-24,29.0,24.76,34.18,5.27,82.21,99.96,Sylhet
2023-06-25,28.92,24.38,33.61,1.38,82.15,100.03,Sylhet
2023-06-26,27.51,25.4,31.03,7.28,89.95,100.1,Sylhet
2023-06-27,28.23,25.08,32.26,25.25,87.98,100.13,Sylhet
2023-06-28,28.14,24.88,32.14,41.79,89.3,100.3,Sylhet
2023-06-29,28.45,25.22,31.88,51.34,90.45,100.25,Sylhet
2023-06-30,28.14,25.59,31.34,46.67,91.18,100.12,Sylhet
2023-07-01,29.0,25.78,32.14,77.89,88.64,100.09,Sylhet
2023-07-02,28.81,25.83,32.04,44.27,89.63,100.03,Sylhet
2023-07-03,29.28,26.27,32.45,65.91,89.36,100.04,Sylhet
2023-07-04,29.49,26.62,32.99,4.77,85.66,99.97,Sylhet
2023-07-05,29.44,26.0,33.3,45.06,84.21,99.89,Sylhet
2023-07-06,28.98,26.31,32.2,47.07,88.61,100.09,Sylhet
2023-07-07,28.22,26.17,30.51,9.13,90.92,100.28,Sylhet
2023-07-08,28.27,25.81,31.06,11.17,88.95,100.3,Sylhet
2023-07-09,29.33,25.68,32.72,4.06,86.25,100.15,Sylhet
2023-07-10,29.18,26.51,32.86,4.94,88.91,100.1,Sylhet
2023-07-11,28.25,25.78,32.06,24.29,90.45,100.11,Sylhet
2023-07-12,27.53,24.89,30.38,20.87,91.26,100.2,Sylhet
2023-07-13,28.38,25.91,31.58,22.7,89.29,100.18,Sylhet
2023-07-14,28.69,25.66,32.55,31.47,86.85,100.12,Sylhet
2023-07-15,28.86,25.32,32.6,13.33,86.11,100.02,Sylhet
2023-07-16,28.81,25.7,31.87,2.83,87.11,99.97,Sylhet
2023-07-17,28.12,26.24,29.94,9.17,86.21,99.89,Sylhet
2023-07-18,29.94,25.95,34.17,5.07,81.43,99.83,Sylhet
2023-07-19,30.09,26.36,34.02,14.97,84.89,99.76,Sylhet
2023-07-20,29.94,26.62,34.0,8.52,83.01,99.79,Sylhet
2023-07-21,30.14,27.34,33.49,13.47,81.5,100.04,Sylhet
2023-07-22,29.43,26.59,32.4,20.01,81.2,100.37,Sylhet
2023-07-23,29.19,26.74,32.14,14.44,84.95,100.28,Sylhet
2023-07-24,29.75,25.86,34.02,2.55,82.54,100.07,Sylhet
2023-07-25,29.06,26.81,32.03,11.64,86.91,100.12,Sylhet
2023-07-26,28.93,26.26,31.46,22.45,87.21,100.2,Sylhet
2023-07-27,29.39,26.07,33.11,13.64,87.41,100.09,Sylhet
2023-07-28,29.27,26.11,33.3,16.97,87.3,99.84,Sylhet
2023-07-29,29.57,25.63,33.34,11.6,84.85,99.74,Sylhet
2023-07-30,30.63,27.06,34.14,3.3,81.05,99.5,Sylhet
2023-07-31,31.64,27.29,35.52,5.39,77.45,99.36,Sylhet
2023-08-01,31.86,28.15,36.61,8.41,79.81,99.29,Sylhet
2023-08-02,30.09,27.32,33.44,11.79,87.66,99.59,Sylhet
2023-08-03,28.91,25.54,33.02,18.32,88.08,99.76,Sylhet
2023-08-04,28.45,25.76,32.05,21.24,90.19,100.03,Sylhet
2023-08-05,28.36,25.26,31.71,7.64,90.33,100.08,Sylhet
2023-08-06,28.07,25.6,31.48,59.33,90.57,99.78,Sylhet
2023-08-07,28.75,26.03,32.21,58.81,90.3,99.4,Sylhet
2023-08-08,28.32,26.27,31.74,66.29,91.54,99.57,Sylhet
2023-08-09,28.82,25.64,32.47,12.48,87.77,100.0,Sylhet
2023-08-10,28.51,26.21,31.85,14.17,90.29,100.12,Sylhet
2023-08-11,28.15,25.29,31.84,10.98,89.72,100.08,Sylhet
2023-08-12,26.67,25.37,27.79,39.14,93.67,99.98,Sylhet
2023-08-13,27.21,24.31,31.55,34.61,90.89,100.0,Sylhet
2023-08-14,27.15,23.62,31.19,4.32,87.28,100.07,Sylhet
2023-08-15,28.51,25.1,31.83,42.84,88.2,100.08,Sylhet
2023-08-16,29.3,26.37,32.65,13.88,88.3,100.02,Sylhet
2023-08-17,29.71,26.59,33.22,4.54,86.57,99.96,Sylhet
2023-08-18,30.03,26.51,34.42,5.39,83.16,100.05,Sylhet
2023-08-19,28.46,26.34,31.35,4.85,86.63,100.22,Sylhet
2023-08-20,29.16,26.36,32.43,2.96,86.12,100.22,Sylhet
2023-08-21,27.96,26.28,30.2,15.16,91.66,100.12,Sylhet
2023-08-22,26.8,25.04,28.79,35.62,93.53,100.17,Sylhet
2023-08-23,27.82,25.22,30.94,15.02,89.73,100.08,Sylhet
2023-08-24,28.01,25.21,31.33,15.43,91.46,99.84,Sylhet
2023-08-25,28.26,25.65,31.23,11.29,89.71,99.81,Sylhet
2023-08-26,28.07,26.11,31.02,58.38,91.22,99.82,Sylhet
2023-08-27,28.21,25.87,31.26,34.42,91.4,99.8,Sylhet
2023-08-28,28.64,25.87,32.18,22.47,89.68,99.86,Sylhet
2023-08-29,29.12,25.68,32.75,0.82,84.28,99.98,Sylhet
2023-08-30,29.27,24.92,33.7,0.18,82.05,100.07,Sylhet
2023-08-31,28.95,25.72,32.62,1.01,86.11,100.17,Sylhet
2023-09-01,27.73,26.28,29.75,8.79,93.7,100.2,Sylhet
2023-09-02,28.76,25.8,32.22,8.72,89.09,100.07,Sylhet
2023-09-03,29.61,26.4,34.04,3.16,85.46,99.88,Sylhet
2023-09-04,29.73,26.41,34.81,12.05,82.86,99.91,Sylhet
2023-09-05,31.28,25.79,37.0,8.81,76.65,99.89,Sylhet
2023-09-06,30.8,27.14,35.44,0.94,80.58,100.04,Sylhet
2023-09-07,29.08,25.74,32.76,17.82,84.77,100.22,Sylhet
2023-09-08,27.91,25.9,30.18,18.37,91.7,100.36,Sylhet
2023-09-09,28.7,25.55,32.11,0.13,84.77,100.22,Sylhet
2023-09-10,29.13,25.59,32.64,5.9,85.5,99.96,Sylhet
2023-09-11,28.67,26.29,31.36,4.63,88.14,99.87,Sylhet
2023-09-12,28.37,25.64,31.07,23.21,87.42,99.96,Sylhet
2023-09-13,29.04,26.25,32.49,10.01,84.85,100.01,Sylhet
2023-09-14,29.31,26.35,33.57,8.01,83.76,100.17,Sylhet
2023-09-15,28.84,25.88,32.62,8.41,85.3,100.34,Sylhet
2023-09-16,29.33,25.76,33.69,0.96,85.01,100.22,Sylhet
2023-09-17,30.03,26.06,34.83,1.11,83.98,99.99,Sylhet
2023-09-18,28.18,27.08,29.64,12.44,93.22,100.07,Sylhet
2023-09-19,27.63,25.93,30.12,40.95,88.34,100.33,Sylhet
2023-09-20,26.49,24.61,28.37,20.59,92.91,100.47,Sylhet
2023-09-21,27.53,25.0,30.6,23.54,89.94,100.55,Sylhet
2023-09-22,27.78,25.06,31.05,19.98,89.53,100.54,Sylhet
2023-09-23,27.69,25.37,30.41,17.33,87.93,100.54,Sylhet
2023-09-24,27.88,24.66,31.74,5.87,87.01,100.4,Sylhet
2023-09-25,28.44,24.77,32.49,9.39,84.31,100.36,Sylhet
2023-09-26,28.11,24.76,31.62,28.29,85.82,100.34,Sylhet
2023-09-27,28.15,24.97,32.22,29.3,84.76,100.25,Sylhet
2023-09-28,29.32,24.99,33.94,0.12,82.89,100.1,Sylhet
2023-09-29,29.39,26.82,32.64,2.44,84.83,100.09,Sylhet
2023-09-30,29.2,25.97,32.89,4.14,82.12,100.19,Sylhet
2023-10-01,28.37,25.92,31.82,6.14,88.07,100.14,Sylhet
2023-10-02,28.2,26.28,31.26,14.17,87.91,100.28,Sylhet
2023-10-03,27.38,25.0,30.42,18.79,88.13,100.42,Sylhet
2023-10-04,26.88,24.49,30.28,11.99,86.33,100.55,Sylhet
2023-10-05,26.13,23.35,29.06,43.64,89.61,100.42,Sylhet
2023-10-06,26.81,24.9,29.1,164.08,94.45,100.27,Sylhet
2023-10-07,27.54,24.74,31.12,31.28,90.41,100.35,Sylhet
2023-10-08,27.68,24.95,31.26,14.74,91.19,100.47,Sylhet
2023-10-09,27.82,25.1,31.19,15.72,90.55,100.6,Sylhet
2023-10-10,28.37,25.2,32.22,2.31,83.82,100.63,Sylhet
2023-10-11,26.98,23.23,31.14,1.93,85.26,100.63,Sylhet
2023-10-12,27.18,23.48,30.62,3.66,85.15,100.8,Sylhet
2023-10-13,26.82,23.24,30.4,8.25,82.54,100.91,Sylhet
2023-10-14,26.1,21.68,30.04,0.0,82.48,100.84,Sylhet
2023-10-15,26.55,22.26,30.69,0.0,80.25,100.7,Sylhet
2023-10-16,26.03,21.57,30.78,0.0,81.82,100.78,Sylhet
2023-10-17,26.55,21.72,31.3,0.0,75.92,100.84,Sylhet
2023-10-18,25.87,20.72,30.1,0.07,75.88,100.92,Sylhet
2023-10-19,25.06,20.21,29.7,0.03,80.9,100.97,Sylhet
2023-10-20,25.22,20.6,29.83,0.0,79.92,101.03,Sylhet
2023-10-21,25.03,19.27,30.21,0.0,75.13,101.04,Sylhet
2023-10-22,25.56,19.89,30.94,0.04,78.82,101.04,Sylhet
2023-10-23,25.3,22.49,28.58,2.12,88.92,100.99,Sylhet
2023-10-24,25.4,22.99,29.24,1.52,87.85,100.84,Sylhet
2023-10-25,25.75,21.61,30.13,4.46,84.62,100.78,Sylhet
2023-10-26,25.64,22.09,29.1,17.37,85.24,100.92,Sylhet
2023-10-27,25.1,21.09,29.75,7.8,81.88,100.9,Sylhet
2023-10-28,24.47,19.91,29.17,0.0,78.97,100.92,Sylhet
2023-10-29,23.93,18.8,28.99,0.0,80.0,100.94,Sylhet
2023-10-30,25.04,20.45,29.81,0.0,76.53,101.0,Sylhet
2023-10-31,24.96,19.6,30.25,0.0,80.15,101.11,Sylhet
2023-11-01,24.87,20.27,30.39,0.0,77.85,101.08,Sylhet
2023-11-02,24.52,19.01,30.0,0.0,77.17,100.99,Sylhet
2023-11-03,24.24,18.99,28.58,0.0,79.47,100.85,Sylhet
2023-11-04,24.38,19.34,29.1,0.0,77.94,100.84,Sylhet
2023-11-05,23.89,19.08,28.72,0.56,77.16,101.03,Sylhet
2023-11-06,22.95,17.83,28.11,0.0,75.8,101.1,Sylhet
2023-11-07,22.47,16.99,28.14,0.0,75.99,101.03,Sylhet
2023-11-08,22.35,16.56,26.76,0.0,75.62,100.95,Sylhet
2023-11-09,22.66,17.84,27.31,0.0,77.0,101.01,Sylhet
2023-11-10,22.58,17.05,27.82,0.0,76.04,101.1,Sylhet
2023-11-11,22.42,16.54,28.08,0.0,77.39,101.16,Sylhet
2023-11-12,22.42,16.45,28.17,0.0,75.35,101.2,Sylhet
2023-11-13,22.48,16.96,28.24,0.0,77.7,101.21,Sylhet
2023-11-14,22.93,17.4,28.26,0.0,79.23,101.16,Sylhet
2023-11-15,23.79,17.77,29.23,0.0,76.71,101.17,Sylhet
2023-11-16,23.89,21.0,28.38,3.91,83.83,101.32,Sylhet
2023-11-17,21.79,19.7,23.75,70.7,94.76,101.22,Sylhet
2023-11-18,22.03,19.39,25.29,19.72,87.91,101.04,Sylhet
2023-11-19,23.58,19.42,28.77,6.76,84.59,101.17,Sylhet
2023-11-20,24.2,19.43,28.76,0.0,79.96,101.16,Sylhet
2023-11-21,23.55,19.45,28.03,0.0,78.52,101.0,Sylhet
2023-11-22,22.41,18.13,27.09,0.0,81.64,100.97,Sylhet
2023-11-23,21.97,16.72,26.96,0.0,80.27,100.94,Sylhet
2023-11-24,22.12,16.72,27.17,0.0,78.19,101.06,Sylhet
2023-11-25,21.87,16.18,27.01,0.0,76.95,101.21,Sylhet
2023-11-26,21.69,15.43,27.4,0.0,76.89,101.3,Sylhet
2023-11-27,21.64,16.11,26.77,0.0,76.03,101.21,Sylhet
2023-11-28,22.24,17.05,27.27,0.0,73.52,101.04,Sylhet
2023-11-29,21.89,16.68,26.68,0.0,80.22,101.13,Sylhet
2023-11-30,21.19,15.33,27.28,0.0,73.59,101.18,Sylhet
2023-12-01,20.92,14.78,27.09,0.0,77.35,101.1,Sylhet
2023-12-02,21.45,15.57,26.81,0.0,77.2,101.12,Sylhet
2023-12-03,22.04,16.42,27.29,0.0,78.84,101.15,Sylhet
2023-12-04,21.73,16.76,27.27,0.0,84.16,101.05,Sylhet
2023-12-05,21.9,17.89,26.2,0.0,82.54,101.03,Sylhet
2023-12-06,22.45,17.96,27.04,0.86,80.77,101.14,Sylhet
2023-12-07,20.84,19.22,23.12,23.65,92.59,101.08,Sylhet
2023-12-08,21.14,18.53,25.33,22.28,92.19,100.81,Sylhet
2023-12-09,20.28,16.71,25.07,1.72,89.9,100.95,Sylhet
2023-12-10,19.42,15.57,24.37,0.0,80.92,100.94,Sylhet
2023-12-11,18.51,13.18,24.2,0.0,82.12,101.06,Sylhet
2023-12-12,19.19,13.91,24.64,0.02,80.58,100.98,Sylhet
2023-12-13,18.13,13.97,23.3,0.0,83.13,101.11,Sylhet
2023-12-14,17.16,12.52,21.93,0.0,77.19,101.29,Sylhet
2023-12-15,16.92,10.8,22.34,0.0,76.71,101.32,Sylhet
2023-12-16,16.89,10.78,22.4,0.0,75.33,101.19,Sylhet
2023-12-17,16.82,10.23,22.81,0.0,74.58,101.22,Sylhet
2023-12-18,16.57,10.1,22.16,0.0,77.52,101.31,Sylhet
2023-12-19,16.76,10.47,22.65,0.0,74.88,101.37,Sylhet
2023-12-20,16.79,9.78,23.51,0.0,77.36,101.32,Sylhet
2023-12-21,18.5,13.02,24.64,0.0,80.23,101.23,Sylhet
2023-12-22,19.07,13.49,24.7,0.0,82.05,101.26,Sylhet
2023-12-23,19.87,15.11,25.27,0.0,81.87,101.43,Sylhet
2023-12-24,20.24,16.4,24.68,0.43,83.57,101.53,Sylhet
2023-12-25,20.69,16.72,24.83,0.56,80.32,101.4,Sylhet
2023-12-26,19.95,14.91,24.94,0.0,81.06,101.44,Sylhet
2023-12-27,19.87,15.04,25.29,0.0,82.38,101.49,Sylhet
2023-12-28,19.87,14.44,25.2,0.0,77.88,101.35,Sylhet
2023-12-29,19.55,13.71,25.12,0.0,77.74,101.35,Sylhet
2023-12-30,19.67,13.71,25.72,0.0,77.94,101.24,Sylhet
2023-12-31,19.64,14.4,25.58,0.0,77.19,101.22,Sylhet
2024-01-01,18.89,12.86,24.22,0.01,78.08,101.22,Sylhet
2024-01-02,18.08,12.16,23.53,0.7,81.2,101.21,Sylhet
2024-01-03,17.5,11.84,23.68,0.0,78.53,101.2,Sylhet
2024-01-04,16.96,10.35,22.41,0.0,76.65,101.23,Sylhet
2024-01-05,16.47,10.37,22.7,0.0,79.49,101.29,Sylhet
2024-01-06,17.27,10.46,23.14,0.0,75.14,101.34,Sylhet
2024-01-07,17.88,11.43,23.77,0.0,72.85,101.35,Sylhet
2024-01-08,17.62,11.02,23.95,0.0,74.86,101.38,Sylhet
2024-01-09,17.2,11.28,23.6,0.0,79.05,101.27,Sylhet
2024-01-10,16.65,10.53,23.09,0.0,77.85,101.19,Sylhet
2024-01-11,16.47,10.38,22.71,0.0,75.07,101.29,Sylhet
2024-01-12,15.04,9.32,21.65,0.0,82.27,101.28,Sylhet
2024-01-13,15.45,9.34,21.71,0.0,80.39,101.26,Sylhet
2024-01-14,16.18,9.79,22.6,0.0,77.71,101.21,Sylhet
2024-01-15,16.69,10.91,23.09,0.0,78.67,101.15,Sylhet
2024-01-16,15.54,10.45,21.3,0.0,81.03,101.18,Sylhet
2024-01-17,15.09,8.84,20.37,0.0,76.84,101.2,Sylhet
2024-01-18,14.44,8.07,20.74,0.0,81.12,101.29,Sylhet
2024-01-19,16.04,10.4,22.39,0.19,76.87,101.28,Sylhet
2024-01-20,16.6,11.16,22.63,0.41,72.28,101.25,Sylhet
2024-01-21,14.99,10.17,21.5,0.0,79.63,101.26,Sylhet
2024-01-22,14.83,7.59,21.18,0.0,70.2,101.43,Sylhet
2024-01-23,15.38,8.11,21.03,0.0,69.71,101.35,Sylhet
2024-01-24,15.5,8.43,21.31,0.02,71.91,101.38,Sylhet
2024-01-25,16.34,9.9,23.01,0.0,70.67,101.53,Sylhet
2024-01-26,15.37,8.89,22.38,0.02,75.7,101.57,Sylhet
2024-01-27,15.6,8.3,21.7,0.0,70.42,101.54,Sylhet
2024-01-28,16.06,8.92,22.78,0.0,68.45,101.5,Sylhet
2024-01-29,16.76,9.24,23.08,0.0,64.74,101.42,Sylhet
2024-01-30,16.82,9.44,23.33,0.0,64.31,101.32,Sylhet
2024-01-31,17.81,10.37,25.02,0.01,68.79,101.29,Sylhet
2024-02-01,18.59,12.26,24.38,0.09,71.53,101.32,Sylhet
2024-02-02,18.86,14.53,24.16,0.79,81.42,101.15,Sylhet
2024-02-03,18.34,13.71,25.46,0.12,74.83,101.22,Sylhet
2024-02-04,17.64,10.17,23.87,0.25,60.72,101.41,Sylhet
2024-02-05,18.71,10.86,24.92,0.0,63.34,101.37,Sylhet
2024-02-06,18.74,14.43,22.95,0.02,76.94,101.34,Sylhet
2024-02-07,18.36,12.98,24.58,0.01,77.58,101.27,Sylhet
2024-02-08,16.18,9.73,22.9,0.0,62.0,101.25,Sylhet
2024-02-09,15.94,8.8,22.83,0.0,60.25,101.51,Sylhet
2024-02-10,17.5,9.57,25.32,0.0,61.84,101.5,Sylhet
2024-02-11,18.92,10.94,26.14,0.0,62.89,101.55,Sylhet
2024-02-12,20.46,12.73,26.83,0.0,57.08,101.53,Sylhet
2024-02-13,19.81,11.97,27.16,0.0,57.83,101.51,Sylhet
2024-02-14,19.89,13.11,27.55,0.0,62.77,101.35,Sylhet
2024-02-15,21.04,15.23,27.69,0.01,71.61,101.41,Sylhet
2024-02-16,21.48,15.15,27.9,0.0,69.27,101.35,Sylhet
2024-02-17,20.48,14.94,27.73,0.0,67.42,101.04,Sylhet
2024-02-18,19.58,13.08,26.28,0.0,59.13,101.1,Sylhet
2024-02-19,19.5,11.6,26.73,0.0,53.06,101.1,Sylhet
2024-02-20,19.98,11.54,28.64,0.11,64.99,100.84,Sylhet
2024-02-21,22.31,16.0,30.06,5.38,74.79,100.71,Sylhet
2024-02-22,23.34,18.84,30.98,40.43,81.12,100.75,Sylhet
2024-02-23,21.55,16.37,25.83,8.65,76.07,101.01,Sylhet
2024-02-24,20.1,13.69,27.66,0.04,73.17,101.22,Sylhet
2024-02-25,19.61,14.08,25.8,0.61,64.56,101.27,Sylhet
2024-02-26,19.41,12.38,26.97,0.56,66.22,101.3,Sylhet
2024-02-27,20.89,13.94,27.85,0.0,59.54,101.11,Sylhet
2024-02-28,20.55,14.14,26.87,0.0,59.94,100.93,Sylhet
2024-02-29,21.06,13.97,28.12,0.0,61.09,101.02,Sylhet
2024-03-01,21.09,13.58,28.06,0.0,62.13,101.12,Sylhet
2024-03-02,21.8,13.65,28.68,0.0,58.6,100.99,Sylhet
2024-03-03,22.31,14.65,29.08,0.0,59.09,100.94,Sylhet
2024-03-04,21.96,16.73,27.11,0.57,66.83,100.95,Sylhet
2024-03-05,22.35,16.29,30.15,0.09,67.09,100.9,Sylhet
2024-03-06,22.19,15.37,28.78,0.0,46.25,100.93,Sylhet
2024-03-07,21.08,12.82,29.17,0.0,47.58,100.92,Sylhet
2024-03-08,21.31,13.19,29.15,0.0,48.52,100.93,Sylhet
2024-03-09,21.82,14.66,29.07,0.0,43.68,101.0,Sylhet
2024-03-10,21.23,12.68,28.94,0.0,49.05,101.16,Sylhet
2024-03-11,22.49,14.06,29.95,0.0,51.76,101.1,Sylhet
2024-03-12,24.11,16.24,31.87,0.0,51.01,100.85,Sylhet
2024-03-13,24.31,16.69,32.24,0.08,59.92,100.85,Sylhet
2024-03-14,25.04,17.71,32.52,0.62,67.17,100.83,Sylhet
2024-03-15,26.15,19.08,33.11,1.13,64.2,100.88,Sylhet
2024-03-16,26.6,19.28,33.88,0.88,53.59,101.01,Sylhet
2024-03-17,27.53,20.58,34.03,2.42,52.79,100.97,Sylhet
2024-03-18,26.54,19.65,33.97,0.04,55.09,100.88,Sylhet
2024-03-19,26.96,19.86,35.52,0.51,55.15,100.87,Sylhet
2024-03-20,25.44,20.28,31.6,3.76,59.78,101.03,Sylhet
2024-03-21,23.94,17.68,30.73,1.8,63.41,101.05,Sylhet
2024-03-22,23.64,18.3,28.66,1.62,67.12,100.71,Sylhet
2024-03-23,24.21,17.78,30.11,9.09,67.64,100.62,Sylhet
2024-03-24,24.39,18.77,30.47,19.8,77.27,100.86,Sylhet
2024-03-25,25.12,19.19,31.0,7.11,72.76,100.87,Sylhet
2024-03-26,25.18,20.53,31.14,26.18,72.98,100.94,Sylhet
2024-03-27,25.13,18.66,32.09,0.18,67.55,101.06,Sylhet
2024-03-28,26.16,19.7,32.64,0.6,65.75,100.82,Sylhet
2024-03-29,25.64,20.27,31.86,2.11,69.01,100.7,Sylhet
2024-03-30,25.86,20.59,30.96,14.03,80.34,100.74,Sylhet
2024-03-31,26.78,22.66,32.5,31.31,83.7,100.62,Sylhet
2024-04-01,26.26,21.76,32.39,38.88,83.7,100.26,Sylhet
2024-04-02,27.12,22.03,33.43,3.57,77.26,100.28,Sylhet
2024-04-03,27.08,22.18,34.02,9.09,76.26,100.43,Sylhet
2024-04-04,27.53,21.92,33.91,5.5,79.22,100.4,Sylhet
2024-04-05,28.2,23.44,33.72,7.2,77.85,100.3,Sylhet
2024-04-06,28.39,23.21,35.11,0.52,73.33,100.25,Sylhet
2024-04-07,27.77,22.47,34.34,19.81,75.34,100.34,Sylhet
2024-04-08,26.87,22.32,32.92,0.12,72.51,100.68,Sylhet
2024-04-09,26.66,20.2,34.0,0.0,68.27,100.75,Sylhet
2024-04-10,26.7,21.24,33.84,0.0,62.51,100.74,Sylhet
2024-04-11,26.82,20.15,34.14,0.0,59.62,100.82,Sylhet
2024-04-12,27.74,22.6,34.79,0.0,59.11,100.76,Sylhet
2024-04-13,27.69,20.79,34.46,0.0,59.97,100.72,Sylhet
2024-04-14,28.31,20.96,34.98,0.0,57.61,100.71,Sylhet
2024-04-15,28.83,22.81,35.81,0.12,61.47,100.66,Sylhet
2024-04-16,29.21,22.29,36.9,0.94,63.8,100.42,Sylhet
2024-04-17,28.93,22.8,35.46,4.58,71.06,100.25,Sylhet
2024-04-18,29.04,24.22,34.5,14.39,74.71,100.21,Sylhet
2024-04-19,28.86,23.72,35.22,12.48,76.09,99.95,Sylhet
2024-04-20,28.97,23.96,36.28,20.76,75.45,99.85,Sylhet
2024-04-21,29.38,23.8,36.93,3.82,74.68,100.0,Sylhet
2024-04-22,29.3,24.93,36.27,12.09,75.24,100.16,Sylhet
2024-04-23,28.34,23.42,35.16,7.12,74.61,100.14,Sylhet
2024-04-24,29.26,22.19,36.83,0.26,65.18,100.08,Sylhet
2024-04-25,30.81,24.39,38.1,1.37,60.23,100.1,Sylhet
2024-04-26,30.38,24.11,37.36,2.18,65.36,100.13,Sylhet
2024-04-27,29.66,23.98,36.05,17.66,71.78,100.15,Sylhet
2024-04-28,30.15,24.77,37.37,9.9,73.07,100.13,Sylhet
2024-04-29,30.03,24.63,37.47,10.34,70.95,100.18,Sylhet
2024-04-30,30.48,23.92,38.52,1.96,70.78,99.85,Sylhet
2024-05-01,29.54,23.95,37.35,11.06,73.7,99.78,Sylhet
2024-05-02,29.02,25.07,34.49,21.28,80.49,99.9,Sylhet
2024-05-03,29.54,24.14,35.51,1.44,72.27,100.23,Sylhet
2024-05-04,29.6,24.47,34.21,5.14,68.18,100.3,Sylhet
2024-05-05,27.9,24.47,32.45,50.38,82.67,100.11,Sylhet
2024-05-06,27.47,24.5,31.39,49.67,85.6,100.47,Sylhet
2024-05-07,25.01,21.93,29.44,18.73,82.82,100.79,Sylhet
2024-05-08,25.67,21.09,29.48,1.07,77.67,100.72,Sylhet
2024-05-09,27.14,23.02,31.07,1.26,76.9,100.61,Sylhet
2024-05-10,27.18,23.12,30.17,15.65,77.09,100.61,Sylhet
2024-05-11,27.26,23.57,30.09,32.5,80.86,100.68,Sylhet
2024-05-12,28.12,23.12,32.73,1.75,76.3,100.69,Sylhet
2024-05-13,28.76,23.39,32.87,0.02,74.44,100.58,Sylhet
2024-05-14,29.43,24.59,33.18,0.04,74.66,100.53,Sylhet
2024-05-15,29.39,25.26,33.18,0.54,77.71,100.65,Sylhet
2024-05-16,29.52,25.06,33.45,0.34,77.89,100.53,Sylhet
2024-05-17,29.2,24.77,33.35,1.26,79.29,100.32,Sylhet
2024-05-18,28.5,25.48,32.21,49.04,83.35,100.23,Sylhet
2024-05-19,27.71,24.75,31.56,13.03,87.66,100.15,Sylhet
2024-05-20,28.54,24.81,32.01,3.45,82.2,100.22,Sylhet
2024-05-21,29.46,24.91,33.62,5.65,78.42,100.21,Sylhet
2024-05-22,30.44,26.26,34.61,13.86,76.13,100.2,Sylhet
2024-05-23,30.52,26.47,34.94,7.66,75.45,100.04,Sylhet
2024-05-24,30.98,26.71,35.8,0.62,75.22,99.85,Sylhet
2024-05-25,31.31,26.85,36.7,0.66,77.45,99.67,Sylhet
2024-05-26,29.91,26.97,34.01,19.26,84.84,99.66,Sylhet
2024-05-27,27.57,25.59,29.97,58.01,90.02,99.34,Sylhet
2024-05-28,27.07,25.62,28.23,227.5,92.53,99.15,Sylhet
2024-05-29,29.52,26.95,33.1,7.65,88.79,99.71,Sylhet
2024-05-30,29.48,26.38,33.31,40.81,88.47,99.96,Sylhet
2024-05-31,29.37,26.28,32.94,21.49,87.91,100.07,Sylhet
2024-06-01,29.56,26.39,33.28,17.85,86.35,100.16,Sylhet
2024-06-02,29.08,26.39,32.2,51.62,87.29,100.24,Sylhet
2024-06-03,28.02,25.88,30.37,60.23,91.53,100.17,Sylhet
2024-06-04,28.57,25.53,32.39,46.96,88.48,100.22,Sylhet
2024-06-05,29.51,25.8,32.91,42.19,82.94,100.22,Sylhet
2024-06-06,29.21,26.38,32.2,29.77,86.95,100.17,Sylhet
2024-06-07,28.99,26.63,32.06,13.87,89.81,100.0,Sylhet
2024-06-08,28.85,26.29,32.25,40.25,89.84,99.93,Sylhet
2024-06-09,29.35,26.3,32.96,62.66,88.9,99.89,Sylhet
2024-06-10,29.85,26.65,33.52,31.1,87.96,99.91,Sylhet
2024-06-11,29.52,26.89,31.85,7.2,87.2,99.93,Sylhet
2024-06-12,28.76,26.39,31.22,42.23,88.16,99.96,Sylhet
2024-06-13,28.64,26.26,31.66,66.81,89.86,99.89,Sylhet
2024-06-14,28.73,25.69,32.24,38.48,89.99,99.82,Sylhet
2024-06-15,28.89,26.18,32.34,36.47,90.08,99.83,Sylhet
2024-06-16,29.3,26.46,32.88,29.23,89.54,99.97,Sylhet
2024-06-17,28.73,26.78,31.65,48.29,91.75,100.0,Sylhet
2024-06-18,27.98,26.46,30.07,79.56,93.77,99.84,Sylhet
2024-06-19,27.98,26.17,30.53,117.64,93.43,99.73,Sylhet
2024-06-20,28.42,25.9,31.53,13.17,89.96,99.78,Sylhet
2024-06-21,29.21,26.4,32.8,4.51,81.96,99.83,Sylhet
2024-06-22,29.58,25.72,33.25,10.42,84.06,99.8,Sylhet
2024-06-23,29.78,26.57,33.11,5.77,86.22,99.85,Sylhet
2024-06-24,29.35,26.45,32.6,16.06,88.35,99.81,Sylhet
2024-06-25,29.94,26.42,33.07,1.45,83.59,99.78,Sylhet
2024-06-26,30.4,27.77,33.12,10.29,82.98,99.79,Sylhet
2024-06-27,28.24,26.95,31.31,40.36,90.04,100.03,Sylhet
2024-06-28,28.75,26.07,31.79,15.98,89.75,99.92,Sylhet
2024-06-29,28.37,25.81,31.23,29.29,91.48,99.87,Sylhet
2024-06-30,28.17,26.31,30.76,92.49,93.16,99.77,Sylhet
2024-07-01,28.02,26.49,29.5,62.54,95.02,99.63,Sylhet
2024-07-02,28.01,25.64,30.76,66.65,92.07,99.64,Sylhet
2024-07-03,28.46,25.82,32.65,27.33,90.27,99.81,Sylhet
2024-07-04,27.84,25.13,31.35,19.97,90.25,100.1,Sylhet
2024-07-05,27.63,25.41,30.73,23.5,92.58,100.01,Sylhet
2024-07-06,28.4,25.29,32.51,7.79,89.08,99.97,Sylhet
2024-07-07,29.21,25.3,33.21,3.72,85.23,100.03,Sylhet
2024-07-08,28.81,26.16,31.85,13.1,88.15,100.06,Sylhet
2024-07-09,28.73,25.94,31.66,11.47,89.64,100.17,Sylhet
2024-07-10,28.91,26.26,32.17,25.04,89.9,100.18,Sylhet
2024-07-11,28.32,26.14,31.41,46.33,90.48,99.94,Sylhet
2024-07-12,28.42,25.53,32.45,40.13,88.85,99.78,Sylhet
2024-07-13,29.13,25.22,33.46,10.13,85.29,99.61,Sylhet
2024-07-14,29.9,25.88,33.48,8.64,83.53,99.61,Sylhet
2024-07-15,30.26,27.16,34.48,7.32,85.0,99.8,Sylhet
2024-07-16,29.56,26.4,33.34,24.96,83.87,99.97,Sylhet
2024-07-17,29.55,27.19,33.23,3.16,86.52,99.82,Sylhet
2024-07-18,30.28,26.84,34.51,0.98,86.11,99.67,Sylhet
2024-07-19,30.59,27.48,34.65,11.57,85.29,99.58,Sylhet
2024-07-20,29.69,26.62,33.6,13.36,86.79,99.72,Sylhet
2024-07-21,29.15,26.34,32.95,13.88,87.96,99.83,Sylhet
2024-07-22,28.71,26.24,31.95,27.56,89.43,99.94,Sylhet
2024-07-23,28.61,26.24,31.4,15.08,89.4,99.76,Sylhet
2024-07-24,29.14,25.6,32.49,3.08,87.63,99.35,Sylhet
2024-07-25,30.69,27.1,34.38,9.37,83.77,99.1,Sylhet
2024-07-26,31.58,27.1,35.86,8.65,82.03,99.15,Sylhet
2024-07-27,30.82,28.07,34.84,6.34,86.1,99.49,Sylhet
2024-07-28,30.58,27.33,35.17,7.97,83.46,99.6,Sylhet
2024-07-29,29.63,27.01,33.52,7.9,86.18,99.67,Sylhet
2024-07-30,29.24,26.28,32.74,13.47,88.04,99.83,Sylhet
2024-07-31,28.51,26.44,30.76,11.84,90.74,99.86,Sylhet
2024-08-01,28.57,26.15,32.27,16.6,88.26,99.84,Sylhet
2024-08-02,27.01,25.58,28.95,77.79,92.85,100.0,Sylhet
2024-08-03,27.95,25.23,30.94,23.89,90.64,100.22,Sylhet
2024-08-04,28.9,25.51,32.42,16.75,87.08,100.24,Sylhet
2024-08-05,28.23,25.78,31.39,25.62,88.09,100.2,Sylhet
2024-08-06,28.53,25.34,32.36,20.63,87.41,100.03,Sylhet
2024-08-07,27.46,25.65,30.0,10.84,89.91,100.14,Sylhet
2024-08-08,27.75,24.88,30.99,11.12,90.25,100.23,Sylhet
2024-08-09,27.85,25.06,31.7,12.68,90.11,100.3,Sylhet
2024-08-10,28.12,25.02,32.1,24.19,89.26,100.21,Sylhet
2024-08-11,28.31,25.62,31.82,18.41,90.16,100.11,Sylhet
2024-08-12,28.33,25.98,31.67,20.44,90.56,100.1,Sylhet
2024-08-13,28.67,25.89,32.29,34.97,89.03,100.13,Sylhet
2024-08-14,28.53,26.65,31.34,24.92,87.9,100.16,Sylhet
2024-08-15,29.45,26.34,33.67,5.49,84.69,100.06,Sylhet
2024-08-16,28.89,27.0,31.94,19.72,87.61,99.94,Sylhet
2024-08-17,27.29,25.9,28.94,18.02,92.45,100.07,Sylhet
2024-08-18,27.15,25.35,29.67,12.63,89.8,100.22,Sylhet
2024-08-19,26.47,25.13,28.16,64.86,94.38,100.05,Sylhet
2024-08-20,27.3,25.17,30.04,137.28,92.02,100.18,Sylhet
2024-08-21,27.03,25.16,29.19,76.28,92.8,100.31,Sylhet
2024-08-22,26.04,24.61,28.24,75.95,95.05,100.24,Sylhet
2024-08-23,27.92,25.07,31.24,6.13,89.56,100.29,Sylhet
2024-08-24,27.41,25.31,29.68,12.28,91.66,100.28,Sylhet
2024-08-25,27.1,25.49,29.54,7.42,91.26,100.13,Sylhet
2024-08-26,26.97,24.94,29.74,8.96,88.7,100.22,Sylhet
2024-08-27,28.21,24.66,32.27,2.16,86.56,100.32,Sylhet
2024-08-28,28.6,25.78,32.06,1.13,86.81,100.18,Sylhet
2024-08-29,29.36,25.78,33.41,1.18,84.74,100.07,Sylhet
2024-08-30,29.04,26.3,32.57,2.41,87.92,100.13,Sylhet
2024-08-31,28.01,26.34,30.47,15.88,90.88,100.23,Sylhet
2024-09-01,27.92,25.82,30.13,15.63,86.96,100.35,Sylhet
2024-09-02,29.24,25.26,33.35,3.64,83.58,100.25,Sylhet
2024-09-03,27.91,26.6,30.13,19.42,92.93,100.32,Sylhet
2024-09-04,28.46,25.46,31.65,2.64,88.01,100.09,Sylhet
2024-09-05,28.33,25.71,31.16,7.03,88.97,99.99,Sylhet
2024-09-06,29.59,25.93,33.46,5.42,83.4,100.0,Sylhet
2024-09-07,30.25,25.99,35.06,2.77,80.97,100.0,Sylhet
2024-09-08,29.96,26.56,34.01,5.76,85.76,100.02,Sylhet
2024-09-09,27.88,26.77,29.21,7.92,92.53,99.97,Sylhet
2024-09-10,28.98,25.78,32.18,2.0,87.71,99.94,Sylhet
2024-09-11,29.48,26.46,32.64,3.48,85.5,99.98,Sylhet
2024-09-12,30.3,26.5,35.36,0.74,81.23,99.77,Sylhet
2024-09-13,28.66,25.49,33.49,1.84,87.52,99.53,Sylhet
2024-09-14,27.92,24.65,31.95,3.04,88.42,99.68,Sylhet
2024-09-15,27.2,25.49,29.53,4.97,90.96,99.91,Sylhet
2024-09-16,28.64,24.24,33.39,0.42,81.12,100.14,Sylhet
2024-09-17,29.15,25.39,32.85,0.77,84.5,100.21,Sylhet
2024-09-18,30.06,26.35,34.58,0.03,82.31,100.05,Sylhet
2024-09-19,30.58,26.78,35.21,0.29,83.26,99.96,Sylhet
2024-09-20,31.94,28.38,36.67,0.84,78.89,99.95,Sylhet
2024-09-21,30.42,27.6,35.66,7.96,80.01,100.11,Sylhet
2024-09-22,31.46,26.08,36.17,1.96,73.84,99.97,Sylhet
2024-09-23,31.34,27.25,36.2,2.33,79.09,100.02,Sylhet
2024-09-24,27.94,26.71,29.04,14.45,92.44,100.2,Sylhet
2024-09-25,26.56,25.23,28.2,131.68,93.31,100.51,Sylhet
2024-09-26,26.77,24.33,30.28,18.88,87.98,100.68,Sylhet
2024-09-27,26.92,24.18,30.19,2.52,82.7,100.72,Sylhet
2024-09-28,27.83,24.35,31.62,7.44,85.97,100.6,Sylhet
2024-09-29,28.11,25.57,31.61,32.44,91.03,100.47,Sylhet
2024-09-30,28.57,25.72,32.04,11.57,89.67,100.34,Sylhet
2024-10-01,28.19,26.19,30.58,30.43,91.6,100.15,Sylhet
2024-10-02,29.1,26.88,32.47,10.8,83.52,100.02,Sylhet
2024-10-03,26.71,25.32,28.96,26.62,91.93,100.06,Sylhet
2024-10-04,27.11,24.21,30.68,46.77,90.37,100.31,Sylhet
2024-10-05,26.46,24.86,28.78,53.59,93.22,100.55,Sylhet
2024-10-06,27.4,24.41,30.6,8.84,83.83,100.76,Sylhet
2024-10-07,27.73,24.15,31.83,6.08,83.41,100.92,Sylhet
2024-10-08,27.36,25.1,30.43,6.58,90.01,100.87,Sylhet
2024-10-09,27.16,25.07,29.98,5.13,87.1,100.7,Sylhet
2024-10-10,26.36,23.97,29.22,2.79,91.01,100.6,Sylhet
2024-10-11,26.73,24.1,30.39,15.61,92.13,100.53,Sylhet
2024-10-12,26.91,24.25,30.04,21.37,88.95,100.7,Sylhet
2024-10-13,26.78,23.34,30.0,3.05,82.05,100.79,Sylhet
2024-10-14,26.23,21.48,30.48,0.0,78.99,100.74,Sylhet
2024-10-15,26.26,22.02,30.02,0.07,81.29,100.69,Sylhet
2024-10-16,26.84,23.13,30.47,0.56,81.0,100.72,Sylhet
2024-10-17,26.64,21.98,30.83,0.41,77.58,100.74,Sylhet
2024-10-18,25.63,22.06,29.09,2.29,84.65,100.69,Sylhet
2024-10-19,26.98,23.93,30.19,8.81,83.34,100.78,Sylhet
2024-10-20,26.17,22.11,30.39,1.49,82.13,100.88,Sylhet
2024-10-21,26.56,21.9,31.11,0.0,82.34,100.77,Sylhet
2024-10-22,27.77,22.88,32.13,15.63,81.36,100.71,Sylhet
2024-10-23,26.37,23.83,29.42,150.54,88.93,100.76,Sylhet
2024-10-24,25.05,22.96,28.2,7.24,91.46,100.74,Sylhet
2024-10-25,26.62,21.89,31.05,2.32,81.57,100.7,Sylhet
2024-10-26,26.73,22.78,31.34,0.2,80.34,100.67,Sylhet
2024-10-27,26.32,21.88,30.72,0.0,80.48,100.55,Sylhet
2024-10-28,26.07,22.05,30.78,0.0,85.07,100.45,Sylhet
2024-10-29,26.47,21.89,31.07,0.01,81.36,100.52,Sylhet
2024-10-30,26.19,22.27,30.11,3.87,85.78,100.68,Sylhet
2024-10-31,26.32,22.91,30.11,6.44,86.87,100.72,Sylhet
2024-11-01,25.93,22.73,30.49,13.9,85.79,100.86,Sylhet
2024-11-02,24.57,20.42,29.32,0.01,83.59,100.97,Sylhet
2024-11-03,25.33,20.46,30.86,0.0,82.38,100.95,Sylhet
2024-11-04,25.49,20.95,30.07,0.28,81.73,100.93,Sylhet
2024-11-05,25.42,21.11,29.94,3.09,81.09,101.0,Sylhet
2024-11-06,23.97,21.83,27.86,4.13,89.26,101.08,Sylhet
2024-11-07,23.22,20.36,27.64,0.6,85.55,101.14,Sylhet
2024-11-08,23.3,18.53,28.13,0.0,81.18,101.07,Sylhet
2024-11-09,23.82,18.48,28.63,0.0,79.58,101.01,Sylhet
2024-11-10,23.58,18.88,29.07,0.0,82.38,101.06,Sylhet
2024-11-11,23.91,19.5,29.34,0.0,80.66,100.99,Sylhet
2024-11-12,24.11,19.49,29.18,0.0,79.23,100.9,Sylhet
2024-11-13,23.21,18.57,28.3,0.0,79.92,100.81,Sylhet
2024-11-14,22.73,17.36,27.74,0.0,78.42,100.93,Sylhet
2024-11-15,22.56,16.78,27.52,0.0,78.97,100.89,Sylhet
2024-11-16,22.29,16.55,27.25,0.0,78.38,100.83,Sylhet
2024-11-17,21.72,16.36,27.06,0.0,80.25,100.87,Sylhet
2024-11-18,21.71,15.84,27.23,0.0,79.19,101.0,Sylhet
2024-11-19,22.03,15.93,27.54,0.0,74.73,101.05,Sylhet
2024-11-20,22.18,16.69,26.91,0.0,80.0,100.98,Sylhet
2024-11-21,23.12,20.03,27.06,0.01,77.44,100.94,Sylhet
2024-11-22,21.82,17.16,25.88,0.01,79.13,100.96,Sylhet
2024-11-23,21.55,16.5,26.44,0.0,76.06,101.07,Sylhet
2024-11-24,20.06,14.78,24.59,0.0,81.31,101.11,Sylhet
2024-11-25,19.59,14.56,24.97,0.0,80.51,101.12,Sylhet
2024-11-26,19.88,13.9,25.36,0.0,76.73,101.06,Sylhet
2024-11-27,19.94,13.84,25.52,0.0,79.96,101.0,Sylhet
2024-11-28,20.64,14.29,26.36,0.0,82.51,101.08,Sylhet
2024-11-29,21.73,16.58,27.33,0.0,80.41,101.05,Sylhet
2024-11-30,21.91,15.86,27.73,0.03,77.22,100.94,Sylhet
2024-12-01,21.52,17.68,25.83,0.04,81.63,100.78,Sylhet
2024-12-02,20.64,16.28,25.75,0.06,85.06,100.84,Sylhet
2024-12-03,20.18,15.25,25.71,0.0,83.28,100.91,Sylhet
2024-12-04,19.13,13.23,24.9,0.0,81.6,100.93,Sylhet
2024-12-05,18.9,13.23,24.03,0.0,79.54,100.94,Sylhet
2024-12-06,17.8,12.93,23.02,0.0,80.38,100.9,Sylhet
2024-12-07,17.57,11.65,23.38,0.0,79.32,101.0,Sylhet
2024-12-08,17.23,11.36,23.29,0.0,78.78,101.05,Sylhet
2024-12-09,16.78,10.67,22.73,0.0,82.52,101.0,Sylhet
2024-12-10,18.48,15.62,23.1,0.0,76.37,101.03,Sylhet
2024-12-11,17.17,11.49,22.65,0.0,82.24,101.1,Sylhet
2024-12-12,16.21,10.25,22.39,0.0,83.05,100.98,Sylhet
2024-12-13,16.71,10.21,22.62,0.0,80.82,101.07,Sylhet
2024-12-14,16.89,10.3,23.22,0.0,75.47,101.23,Sylhet
2024-12-15,16.31,9.01,23.26,0.0,73.38,101.32,Sylhet
2024-12-16,17.13,10.16,23.86,0.0,74.62,101.24,Sylhet
2024-12-17,18.51,11.66,24.88,0.0,80.08,101.11,Sylhet
2024-12-18,19.57,14.23,25.14,0.09,80.77,101.04,Sylhet
2024-12-19,19.67,15.47,25.17,0.0,86.6,101.09,Sylhet
2024-12-20,18.83,13.89,23.99,0.0,79.42,101.01,Sylhet
2024-12-21,17.57,12.55,23.64,0.0,82.88,101.08,Sylhet
2024-12-22,17.07,10.88,22.97,0.0,77.61,101.18,Sylhet
2024-12-23,16.76,10.06,23.31,0.0,74.2,101.17,Sylhet
2024-12-24,17.73,11.21,24.25,0.0,71.88,101.13,Sylhet
2024-12-25,17.79,11.94,23.06,0.0,78.58,101.32,Sylhet
2024-12-26,18.28,12.28,24.61,0.0,75.03,101.5,Sylhet
2024-12-27,18.07,11.66,24.28,0.0,73.57,101.48,Sylhet
2024-12-28,18.04,11.04,25.29,0.0,75.32,101.35,Sylhet
2024-12-29,18.71,12.31,24.11,0.0,74.8,101.27,Sylhet
2024-12-30,18.47,12.08,24.12,0.0,77.28,101.33,Sylhet
2024-12-31,17.69,11.55,23.36,0.0,78.41,101.31,Sylhet
2025-01-01,17.19,11.12,23.02,0.0,77.93,101.14,Sylhet
2025-01-02,16.72,10.34,22.97,0.0,79.58,101.18,Sylhet
2025-01-03,17.17,10.62,23.65,0.0,81.37,101.25,Sylhet
2025-01-04,18.26,11.62,24.95,0.0,79.21,101.12,Sylhet
2025-01-05,18.6,12.78,24.48,0.0,77.88,101.22,Sylhet
2025-01-06,19.89,13.26,25.49,0.0,73.57,101.07,Sylhet
2025-01-07,18.81,14.19,24.24,0.01,84.83,100.95,Sylhet
2025-01-08,17.49,13.73,23.07,0.01,80.42,101.09,Sylhet
2025-01-09,16.09,10.55,22.14,0.0,78.98,101.33,Sylhet
2025-01-10,15.95,9.45,22.29,0.0,76.01,101.5,Sylhet
2025-01-11,16.92,9.91,23.93,0.0,74.89,101.51,Sylhet
2025-01-12,18.33,11.12,25.7,0.0,68.27,101.38,Sylhet
2025-01-13,18.39,12.26,24.15,0.0,72.86,101.19,Sylhet
2025-01-14,17.63,11.93,24.03,0.0,76.07,101.36,Sylhet
2025-01-15,16.98,9.98,24.28,0.0,77.12,101.44,Sylhet
2025-01-16,18.55,11.73,25.59,0.0,73.02,101.39,Sylhet
2025-01-17,19.14,12.15,25.87,0.0,71.77,101.22,Sylhet
2025-01-18,18.91,12.02,25.09,0.0,73.65,101.15,Sylhet
2025-01-19,18.06,11.26,24.49,0.0,71.99,101.02,Sylhet
2025-01-20,17.57,10.66,23.84,0.0,71.89,100.91,Sylhet
2025-01-21,17.39,10.74,24.21,0.0,75.12,100.89,Sylhet
2025-01-22,17.65,11.08,23.09,0.0,76.62,100.96,Sylhet
2025-01-23,17.33,11.29,24.43,0.0,78.88,101.0,Sylhet
2025-01-24,17.05,10.21,23.67,0.0,72.76,100.97,Sylhet
2025-01-25,17.17,10.81,23.55,0.0,72.64,101.09,Sylhet
2025-01-26,16.97,10.41,23.38,0.0,74.17,101.04,Sylhet
2025-01-27,17.82,11.1,24.24,0.0,69.99,100.82,Sylhet
2025-01-28,18.28,11.36,24.07,0.0,68.81,100.96,Sylhet
2025-01-29,18.12,12.0,24.41,0.0,69.12,101.19,Sylhet
2025-01-30,18.24,10.64,24.26,0.02,68.21,100.89,Sylhet
2025-01-31,20.17,15.07,26.55,0.1,82.65,100.85,Sylhet
2025-02-01,20.27,15.36,26.35,0.01,76.41,100.89,Sylhet
2025-02-02,18.78,12.78,25.62,0.0,74.3,100.91,Sylhet
2025-02-03,19.03,12.52,26.32,0.0,69.46,100.99,Sylhet
2025-02-04,19.35,12.22,26.05,0.0,65.72,100.96,Sylhet
2025-02-05,19.57,13.08,25.68,0.0,69.7,100.8,Sylhet
2025-02-06,20.43,13.95,27.34,0.0,71.64,100.87,Sylhet
2025-02-07,19.6,14.04,26.87,0.0,62.73,101.0,Sylhet
2025-02-08,17.78,10.12,24.73,0.0,53.5,101.07,Sylhet
2025-02-09,17.85,10.21,25.85,0.0,55.04,100.97,Sylhet
2025-02-10,18.4,10.6,25.62,0.0,56.88,101.03,Sylhet
2025-02-11,18.97,11.48,26.96,0.0,68.11,100.94,Sylhet
2025-02-12,21.3,14.85,29.08,0.09,68.86,100.92,Sylhet
2025-02-13,21.29,14.37,29.35,0.47,73.44,100.83,Sylhet
2025-02-14,20.69,14.77,27.6,0.53,64.21,100.81,Sylhet
2025-02-15,18.23,10.65,26.51,0.0,54.5,100.88,Sylhet
2025-02-16,18.81,11.13,27.61,0.0,52.88,100.97,Sylhet
2025-02-17,21.31,12.28,29.41,0.0,54.51,101.11,Sylhet
2025-02-18,23.74,16.79,30.44,0.01,57.14,100.98,Sylhet
2025-02-19,22.95,16.26,29.71,0.0,60.21,100.94,Sylhet
2025-02-20,21.77,15.35,30.02,0.0,59.23,101.12,Sylhet
2025-02-21,22.71,15.04,29.95,0.0,57.92,101.08,Sylhet
2025-02-22,23.09,16.29,30.75,0.01,59.57,101.15,Sylhet
2025-02-23,21.94,17.32,28.87,2.5,67.18,101.28,Sylhet
2025-02-24,22.55,16.36,29.96,0.0,58.06,101.33,Sylhet
2025-02-25,21.86,14.81,29.7,0.0,56.23,101.46,Sylhet
2025-02-26,21.57,13.44,30.03,0.0,58.07,101.43,Sylhet
2025-02-27,22.39,14.85,30.52,0.0,55.18,101.15,Sylhet
2025-02-28,23.63,16.45,29.49,0.0,52.28,101.06,Sylhet
2025-03-01,23.46,16.19,31.01,0.01,55.19,100.82,Sylhet
2025-03-02,24.69,17.49,33.52,0.03,60.51,100.52,Sylhet
2025-03-03,24.67,18.17,32.59,0.0,56.3,100.65,Sylhet
2025-03-04,23.81,17.47,31.63,0.0,42.3,100.68,Sylhet
2025-03-05,23.2,15.32,31.94,0.0,49.97,100.55,Sylhet
2025-03-06,23.44,16.27,31.63,0.0,39.29,100.78,Sylhet
2025-03-07,21.6,13.41,30.37,0.0,45.26,100.61,Sylhet
2025-03-08,23.03,14.04,31.29,0.0,41.79,100.59,Sylhet
2025-03-09,22.72,15.05,31.07,0.95,50.28,101.03,Sylhet
2025-03-10,24.02,15.48,32.08,1.9,49.42,101.19,Sylhet
2025-03-11,25.31,16.3,33.37,0.0,49.37,100.93,Sylhet
2025-03-12,25.81,18.31,33.1,0.02,50.52,100.53,Sylhet
2025-03-13,26.24,18.32,34.6,0.92,57.97,100.39,Sylhet
2025-03-14,26.84,20.96,34.48,7.47,66.68,100.52,Sylhet
2025-03-15,26.94,20.72,33.99,4.64,68.99,100.72,Sylhet
2025-03-16,27.27,20.78,35.62,7.34,66.71,100.59,Sylhet
2025-03-17,27.79,21.08,36.45,5.1,61.49,100.45,Sylhet
2025-03-18,27.25,21.71,34.92,0.47,58.57,100.59,Sylhet
2025-03-19,27.61,21.43,35.05,0.02,52.11,100.93,Sylhet
2025-03-20,26.97,19.89,35.22,0.05,55.52,101.04,Sylhet
2025-03-21,23.33,19.88,27.27,1.15,66.38,101.23,Sylhet
2025-03-22,23.9,18.55,30.62,0.32,63.03,101.21,Sylhet
2025-03-23,24.53,17.98,31.3,0.25,57.75,101.17,Sylhet
2025-03-24,25.27,17.39,33.3,0.01,51.62,100.98,Sylhet
2025-03-25,26.17,17.49,34.51,0.0,47.03,100.56,Sylhet
2025-03-26,26.75,17.71,34.74,0.0,43.83,100.35,Sylhet
2025-03-27,27.36,18.77,33.84,0.0,45.82,100.21,Sylhet
2025-03-28,28.35,20.45,37.02,0.0,52.13,100.11,Sylhet
2025-03-29,28.93,21.09,38.07,0.0,51.72,100.22,Sylhet
2025-03-30,29.11,20.96,37.18,0.0,47.98,100.55,Sylhet
2025-03-31,28.5,20.95,36.01,1.82,54.14,100.51,Sylhet
2025-04-01,27.54,22.0,33.57,7.75,64.23,100.56,Sylhet
2025-04-02,27.15,22.04,34.01,9.46,69.11,100.73,Sylhet
2025-04-03,28.24,20.84,35.39,5.52,61.39,100.76,Sylhet
2025-04-04,29.61,22.54,37.0,0.0,45.45,100.61,Sylhet
2025-04-05,29.24,21.03,37.51,0.0,46.86,100.48,Sylhet
2025-04-06,29.36,22.82,37.08,0.84,52.19,100.56,Sylhet
2025-04-07,28.71,22.71,35.75,1.81,53.15,100.79,Sylhet
2025-04-08,28.04,22.52,32.54,2.48,59.6,101.03,Sylhet
2025-04-09,29.62,23.13,36.52,0.03,53.9,100.75,Sylhet
2025-04-10,29.46,22.73,35.52,0.23,50.71,100.4,Sylhet
2025-04-11,28.44,24.45,32.65,28.59,59.94,100.26,Sylhet
2025-04-12,27.73,23.26,32.84,4.63,67.23,100.43,Sylhet
2025-04-13,26.97,22.75,31.01,12.58,68.81,100.64,Sylhet
2025-04-14,27.07,23.44,30.74,2.07,65.88,100.68,Sylhet
2025-04-15,28.36,22.98,33.79,1.28,61.34,100.67,Sylhet
2025-04-16,28.0,22.34,34.04,9.96,65.13,100.59,Sylhet
2025-04-17,27.06,22.7,31.38,18.7,73.26,100.55,Sylhet
2025-04-18,27.43,22.62,31.88,7.55,70.58,100.48,Sylhet
2025-04-19,28.06,22.7,33.63,2.54,67.22,100.39,Sylhet
2025-04-20,28.93,23.74,33.77,7.73,69.93,100.37,Sylhet
2025-04-21,28.86,25.17,33.22,32.82,81.01,100.53,Sylhet
2025-04-22,28.6,24.75,33.42,23.69,82.13,100.5,Sylhet
2025-04-23,28.95,24.98,34.76,21.71,80.66,100.18,Sylhet
2025-04-24,28.83,24.52,35.1,19.23,80.82,100.19,Sylhet
2025-04-25,28.17,23.86,33.83,36.93,83.11,100.3,Sylhet
2025-04-26,28.58,24.1,34.79,1.95,80.48,100.38,Sylhet
2025-04-27,28.3,24.39,32.62,29.88,76.81,100.62,Sylhet
2025-04-28,26.82,23.3,30.11,19.74,79.89,100.57,Sylhet
2025-04-29,25.88,21.16,29.93,19.52,77.56,100.6,Sylhet
2025-04-30,26.41,22.07,29.8,8.79,77.09,100.66,Sylhet
2025-05-01,26.87,23.0,30.85,5.45,79.18,100.74,Sylhet
2025-05-02,26.61,22.66,30.6,4.76,79.28,100.59,Sylhet
2025-05-03,27.05,21.87,31.05,0.13,73.75,100.44,Sylhet
2025-05-04,27.77,23.24,31.79,0.56,75.55,100.35,Sylhet
2025-05-05,27.77,23.89,31.66,1.92,79.6,100.37,Sylhet
2025-05-06,28.12,23.98,31.97,8.5,77.0,100.4,Sylhet
2025-05-07,28.28,24.34,31.55,1.37,73.82,100.24,Sylhet
2025-05-08,28.54,23.81,32.99,28.08,78.59,100.27,Sylhet
2025-05-09,29.19,24.72,33.64,0.42,76.51,100.3,Sylhet
2025-05-10,30.23,24.85,35.6,0.21,73.86,100.23,Sylhet
2025-05-11,29.88,25.57,34.96,11.35,75.75,100.16,Sylhet
2025-05-12,28.73,25.23,31.98,39.71,80.26,100.09,Sylhet
2025-05-13,28.6,25.19,32.17,33.08,84.25,100.12,Sylhet
2025-05-14,29.33,25.41,33.18,24.32,82.45,100.23,Sylhet
2025-05-15,29.27,25.76,33.26,20.63,82.04,100.31,Sylhet
2025-05-16,29.7,25.48,33.78,9.82,80.52,100.27,Sylhet
2025-05-17,29.16,26.08,32.73,48.68,83.32,100.32,Sylhet
2025-05-18,28.29,25.3,31.64,25.98,85.74,100.4,Sylhet
2025-05-19,28.74,25.29,32.18,20.73,82.17,100.35,Sylhet
2025-05-20,28.32,25.14,32.17,74.58,88.76,100.18,Sylhet
2025-05-21,27.78,25.23,30.45,45.03,90.97,100.31,Sylhet
2025-05-22,27.82,25.54,30.75,44.87,86.1,100.19,Sylhet
2025-05-23,27.45,25.0,30.4,3.27,86.68,100.03,Sylhet
2025-05-24,28.76,25.18,32.9,12.69,85.58,100.0,Sylhet
2025-05-25,28.87,25.57,32.78,19.45,85.02,100.12,Sylhet
2025-05-26,27.78,25.35,30.81,45.57,87.27,100.02,Sylhet
2025-05-27,29.7,24.82,34.17,6.88,80.34,99.71,Sylhet
2025-05-28,28.9,25.88,31.67,15.19,84.67,99.51,Sylhet
2025-05-29,27.67,25.93,29.79,96.01,91.72,99.35,Sylhet
2025-05-30,27.75,26.18,29.54,92.7,93.4,99.05,Sylhet
2025-05-31,27.96,26.23,30.18,148.35,94.17,99.77,Sylhet
2025-06-01,28.15,26.37,30.42,89.95,92.84,99.71,Sylhet
2025-06-02,28.55,25.79,32.07,37.52,91.02,99.75,Sylhet
2025-06-03,27.83,24.65,31.31,34.81,88.83,100.0,Sylhet
2025-06-04,27.19,25.14,29.72,29.15,90.03,100.27,Sylhet
2025-06-05,28.05,24.73,31.27,26.95,87.47,100.31,Sylhet
2025-06-06,28.48,25.32,32.07,34.09,88.06,100.3,Sylhet
2025-06-07,28.81,25.58,31.89,15.6,85.81,100.22,Sylhet
2025-06-08,29.28,25.87,33.21,0.1,83.06,100.04,Sylhet
2025-06-09,29.62,25.91,32.98,2.77,81.98,99.9,Sylhet
2025-06-10,30.09,26.26,34.28,8.23,85.37,99.85,Sylhet
2025-06-11,29.01,25.78,32.54,10.1,84.98,100.0,Sylhet
2025-06-12,29.04,26.45,32.32,4.24,88.59,99.98,Sylhet
2025-06-13,29.85,26.69,33.23,3.62,86.45,99.93,Sylhet
2025-06-14,28.2,27.2,29.16,11.2,92.13,99.82,Sylhet
2025-06-15,28.93,26.56,32.51,4.55,87.59,99.81,Sylhet
2025-06-16,28.53,25.95,31.2,15.54,85.78,99.79,Sylhet
2025-06-17,28.59,26.51,31.29,13.65,89.29,99.72,Sylhet
2025-06-18,28.05,25.55,30.89,18.55,91.06,99.57,Sylhet
2025-06-19,28.08,26.1,30.96,19.3,90.36,99.76,Sylhet
2025-06-20,28.6,25.44,32.45,12.83,88.69,99.87,Sylhet
2025-06-21,29.01,25.93,32.81,12.14,87.64,99.84,Sylhet
2025-06-22,28.87,25.34,32.59,6.05,87.05,99.8,Sylhet
2025-06-23,28.88,25.91,32.39,23.86,88.07,99.65,Sylhet
2025-06-24,29.41,25.89,32.73,5.37,84.82,99.6,Sylhet
2025-06-25,28.89,26.58,32.4,43.61,87.88,99.85,Sylhet
2025-06-26,29.41,25.5,33.09,16.66,84.28,100.06,Sylhet
2025-06-27,29.08,25.84,33.13,2.79,87.02,99.94,Sylhet
2025-06-28,28.12,25.52,31.7,2.34,87.85,99.72,Sylhet
2025-06-29,28.59,24.96,32.69,7.02,87.91,99.49,Sylhet
2025-06-30,29.34,25.8,33.27,16.05,86.1,99.52,Sylhet
2025-07-01,29.97,26.5,33.8,8.92,81.84,99.66,Sylhet
2025-07-02,29.72,26.34,33.59,11.11,84.74,99.75,Sylhet
2025-07-03,29.44,26.23,32.99,1.37,85.66,99.88,Sylhet
2025-07-04,28.19,26.15,30.89,15.22,90.29,99.83,Sylhet
2025-07-05,28.28,25.96,31.22,6.59,89.28,99.68,Sylhet
2025-07-06,27.63,25.12,30.47,7.88,88.44,99.65,Sylhet
2025-07-07,27.99,25.33,31.85,20.69,86.37,99.62,Sylhet
2025-07-08,27.35,24.94,29.88,37.06,91.87,99.73,Sylhet
2025-07-09,27.4,24.99,30.73,36.96,89.71,99.99,Sylhet
2025-07-10,27.8,24.9,31.02,26.64,87.59,100.04,Sylhet
2025-07-11,29.12,24.66,33.52,4.05,83.3,99.85,Sylhet
2025-07-12,29.21,26.34,31.78,2.79,85.56,99.8,Sylhet
2025-07-13,28.87,27.03,31.17,1.65,89.88,99.82,Sylhet
2025-07-14,28.82,26.55,31.59,16.87,87.38,99.91,Sylhet
2025-07-15,28.09,25.64,30.67,15.85,90.3,99.98,Sylhet
2025-07-16,28.6,25.71,32.12,46.07,88.0,100.08,Sylhet
2025-07-17,28.33,25.82,31.46,23.73,88.34,100.16,Sylhet
2025-07-18,28.99,25.48,32.8,7.15,87.44,99.96,Sylhet
2025-07-19,28.42,26.66,30.78,2.21,90.21,99.63,Sylhet
2025-07-20,28.08,26.22,30.23,59.83,89.12,99.66,Sylhet
2025-07-21,29.92,26.39,33.37,3.94,83.24,99.68,Sylhet
2025-07-22,29.06,27.01,32.17,11.15,89.85,99.55,Sylhet
2025-07-23,29.47,26.35,32.1,17.6,88.8,99.25,Sylhet
2025-07-24,30.08,27.61,33.61,14.05,88.77,99.0,Sylhet
2025-07-25,30.15,26.86,36.19,14.63,86.4,99.18,Sylhet
2025-07-26,29.01,25.99,32.82,19.31,88.64,99.6,Sylhet
2025-07-27,28.57,26.27,31.28,25.73,90.83,99.6,Sylhet
2025-07-28,28.82,25.76,32.47,21.96,87.76,99.66,Sylhet
2025-07-29,28.57,25.56,32.34,17.48,86.01,99.73,Sylhet
2025-07-30,28.6,25.23,32.76,7.35,85.58,99.86,Sylhet
2025-07-31,28.13,25.24,31.8,34.71,89.31,99.84,Sylhet
2025-08-01,28.72,25.45,32.51,17.58,89.56,99.8,Sylhet
2025-08-02,27.91,26.12,30.35,26.23,91.64,99.98,Sylhet
2025-08-03,28.24,25.6,31.47,36.71,90.84,100.24,Sylhet
2025-08-04,27.74,25.91,29.68,75.11,92.83,100.28,Sylhet
2025-08-05,28.08,25.51,31.22,33.1,88.85,100.29,Sylhet
2025-08-06,27.93,25.32,30.84,46.49,89.15,100.12,Sylhet
2025-08-07,27.9,25.56,31.16,28.34,90.42,100.03,Sylhet
2025-08-08,26.7,24.93,29.45,23.29,92.79,100.34,Sylhet
2025-08-09,27.47,23.95,30.87,19.13,89.96,100.48,Sylhet
2025-08-10,28.26,25.2,31.52,16.93,88.53,100.27,Sylhet
2025-08-11,28.65,25.48,32.27,7.55,87.82,100.11,Sylhet
2025-08-12,29.14,26.22,32.72,1.68,87.61,99.93,Sylhet
2025-08-13,27.82,26.29,29.27,37.42,87.95,100.17,Sylhet
2025-08-14,26.69,25.27,28.38,12.42,90.78,100.24,Sylhet
2025-08-15,28.5,25.11,32.41,10.79,84.59,99.98,Sylhet
2025-08-16,28.33,25.56,31.38,10.78,89.28,99.86,Sylhet
2025-08-17,29.41,26.08,33.37,9.67,86.47,99.99,Sylhet
2025-08-18,29.41,26.57,33.56,33.66,86.76,100.19,Sylhet
2025-08-19,28.69,25.49,31.95,21.85,85.65,100.25,Sylhet
2025-08-20,28.23,25.5,31.46,13.39,89.07,100.24,Sylhet
2025-08-21,27.51,25.63,29.75,13.03,93.2,100.2,Sylhet
2025-08-22,27.69,25.51,31.8,14.84,90.53,99.96,Sylhet
2025-08-23,28.08,24.74,32.43,14.57,89.57,99.96,Sylhet
2025-08-24,28.09,25.37,31.91,5.6,89.57,100.14,Sylhet
2025-08-25,28.39,25.13,32.27,4.13,85.57,100.1,Sylhet
2025-08-26,28.46,26.37,31.46,24.57,89.5,100.07,Sylhet
2025-08-27,28.76,25.54,33.12,11.52,85.09,100.09,Sylhet
2025-08-28,27.71,25.54,30.58,19.53,89.97,100.19,Sylhet
2025-08-29,27.57,25.44,30.22,19.08,89.32,100.34,Sylhet
2025-08-30,28.57,25.6,31.66,6.29,83.7,100.35,Sylhet
2025-08-31,29.22,26.09,32.9,4.81,83.73,100.08,Sylhet
2025-09-01,30.36,26.5,35.27,5.53,82.63,99.72,Sylhet
2025-09-02,29.93,25.82,34.27,15.25,80.59,99.96,Sylhet
2025-09-03,28.81,26.38,32.8,12.39,87.36,100.12,Sylhet
2025-09-04,28.03,25.99,31.22,7.07,86.86,100.27,Sylhet
2025-09-05,28.31,25.18,31.95,3.71,86.68,100.29,Sylhet
2025-09-06,27.37,25.47,29.39,17.66,89.93,100.35,Sylhet
2025-09-07,27.76,25.45,30.32,41.51,90.91,100.26,Sylhet
2025-09-08,28.18,25.56,30.72,13.53,85.04,100.25,Sylhet
2025-09-09,28.43,24.95,31.74,22.49,87.03,100.27,Sylhet
2025-09-10,28.21,26.07,30.89,1.01,91.74,100.17,Sylhet
2025-09-11,28.62,25.65,31.99,2.49,89.22,100.2,Sylhet
2025-09-12,27.7,26.03,30.13,33.17,91.88,100.36,Sylhet
2025-09-13,27.47,25.45,29.62,17.0,92.38,100.45,Sylhet
2025-09-14,26.62,24.94,28.47,47.48,94.58,100.46,Sylhet
2025-09-15,26.82,24.45,30.23,45.57,90.89,100.45,Sylhet
2025-09-16,26.78,24.08,30.21,36.11,92.11,100.5,Sylhet
2025-09-17,27.52,24.28,31.03,3.52,87.81,100.46,Sylhet
2025-09-18,27.62,24.92,30.81,15.81,89.88,100.36,Sylhet
2025-09-19,28.79,25.1,32.42,8.87,86.65,100.27,Sylhet
2025-09-20,28.96,26.49,32.1,0.53,86.79,100.06,Sylhet
2025-09-21,28.81,26.09,31.7,6.79,85.4,99.97,Sylhet
2025-09-22,27.44,25.72,29.83,24.92,91.91,100.07,Sylhet
2025-09-23,27.11,25.39,28.95,6.83,91.47,100.07,Sylhet
2025-09-24,27.39,25.48,29.88,16.91,92.8,99.89,Sylhet
2025-09-25,28.75,26.21,32.23,3.62,86.64,99.85,Sylhet
2025-09-26,29.44,25.77,34.54,3.63,85.98,100.13,Sylhet
2025-09-27,28.68,25.72,32.02,5.79,86.23,100.48,Sylhet
2025-09-28,27.23,25.46,29.13,18.86,92.56,100.34,Sylhet
2025-09-29,29.06,25.52,32.71,12.12,83.44,100.12,Sylhet
2025-09-30,29.19,26.25,33.1,3.54,86.74,99.88,Sylhet
2025-10-01,27.36,26.0,28.87,17.6,93.28,100.14,Sylhet
2025-10-02,26.47,24.93,28.52,27.28,94.16,100.62,Sylhet
2025-10-03,27.46,24.45,30.54,19.88,88.81,100.73,Sylhet
2025-10-04,27.74,25.0,31.1,11.42,90.4,100.65,Sylhet
2025-10-05,26.34,24.19,28.7,7.47,88.39,100.67,Sylhet
2025-10-06,26.54,24.69,28.96,30.47,92.3,100.6,Sylhet
2025-10-07,26.6,24.55,29.42,2.91,89.18,100.6,Sylhet
2025-10-08,27.26,23.42,31.23,35.89,86.58,100.59,Sylhet
2025-10-09,27.47,24.7,31.18,15.0,84.36,100.6,Sylhet
2025-10-10,27.13,24.21,30.71,11.9,86.84,100.53,Sylhet
2025-10-11,26.61,23.68,30.02,16.9,89.35,100.56,Sylhet
2025-10-12,26.15,23.57,29.62,1.56,87.77,100.62,Sylhet
2025-10-13,25.88,22.48,30.32,0.02,84.76,100.69,Sylhet
2025-10-14,26.62,22.48,31.63,0.0,84.4,100.54,Sylhet
2025-10-15,26.79,22.94,31.45,0.0,85.16,100.47,Sylhet
2025-10-16,27.19,23.1,32.12,0.01,84.05,100.55,Sylhet
2025-10-17,27.4,23.76,32.18,0.0,82.3,100.69,Sylhet
2025-10-18,27.28,22.93,32.2,0.0,80.74,100.68,Sylhet
2025-10-19,27.53,22.2,32.42,0.02,73.86,100.59,Sylhet
2025-10-20,27.29,22.49,31.64,0.02,74.64,100.62,Sylhet
2025-10-21,27.71,23.03,32.37,0.0,77.05,100.72,Sylhet
2025-10-22,28.41,23.76,32.96,0.04,76.04,100.73,Sylhet
2025-10-23,27.98,23.7,32.24,0.21,80.07,100.7,Sylhet
2025-10-24,26.99,23.58,30.82,0.25,81.53,100.69,Sylhet
2025-10-25,26.78,22.75,31.13,0.03,78.36,100.7,Sylhet
2025-10-26,26.56,22.46,31.16,0.07,75.42,100.77,Sylhet
2025-10-27,26.22,21.54,31.5,0.02,78.79,100.85,Sylhet
2025-10-28,27.04,22.48,31.63,0.0,73.71,100.79,Sylhet
2025-10-29,26.95,22.24,31.2,1.07,78.21,100.77,Sylhet
2025-10-30,27.4,23.48,31.34,32.98,81.53,100.81,Sylhet
2025-10-31,27.4,23.6,30.99,3.85,83.92,100.7,Sylhet
2025-11-01,27.11,24.71,30.5,8.27,87.01,100.54,Sylhet
2025-11-02,26.29,24.04,29.75,18.63,91.92,100.44,Sylhet
2025-11-03,25.55,22.49,29.74,1.17,88.08,100.43,Sylhet
2025-11-04,26.57,21.6,31.78,0.44,83.8,100.35,Sylhet
2025-11-05,25.96,23.81,29.37,7.96,90.06,100.24,Sylhet
2025-11-06,25.6,23.21,29.2,20.72,89.16,100.5,Sylhet
2025-11-07,25.31,21.49,29.93,0.2,78.94,100.67,Sylhet
2025-11-08,24.35,20.54,30.07,0.0,80.86,100.74,Sylhet
2025-11-09,22.87,17.66,28.87,0.0,80.21,100.66,Sylhet
2025-11-10,22.13,16.92,27.72,0.0,79.81,100.74,Sylhet
2025-11-11,21.98,16.7,27.27,0.0,80.75,100.78,Sylhet
2025-11-12,21.82,17.76,27.41,0.0,80.76,100.89,Sylhet
2025-11-13,21.63,16.76,27.38,0.0,79.69,101.05,Sylhet
2025-11-14,21.94,17.76,27.11,0.0,69.53,101.04,Sylhet
2025-11-15,21.3,15.92,27.18,0.0,74.54,101.16,Sylhet
2025-11-16,21.67,15.72,27.89,0.0,79.5,101.25,Sylhet
2025-11-17,22.32,16.47,27.88,0.0,79.03,101.23,Sylhet
2025-11-18,22.69,17.71,28.12,0.0,81.11,101.1,Sylhet
2025-11-19,22.47,17.98,28.27,0.0,80.04,101.1,Sylhet
2025-11-20,21.76,18.03,27.06,0.0,80.1,101.2,Sylhet
2025-11-21,20.74,16.85,25.92,0.0,77.88,101.26,Sylhet
2025-11-22,20.33,16.0,25.08,0.0,74.43,101.16,Sylhet
2025-11-23,20.02,15.34,25.1,0.0,77.21,101.21,Sylhet
2025-11-24,19.5,13.81,24.99,0.0,81.67,101.24,Sylhet
2025-11-25,19.95,13.89,25.74,0.0,77.02,101.11,Sylhet
2025-11-26,19.79,13.49,25.44,0.0,74.69,101.23,Sylhet
2025-11-27,20.65,13.99,26.54,0.0,77.55,101.32,Sylhet
2025-11-28,20.25,15.06,26.03,0.0,81.66,101.18,Sylhet
2025-11-29,19.91,14.19,26.1,0.0,77.12,101.01,Sylhet
2025-11-30,19.73,13.64,25.71,0.0,77.28,100.99,Sylhet
2025-12-01,19.65,15.57,23.57,0.0,83.19,101.02,Sylhet
2025-12-02,20.08,15.06,24.94,0.0,81.72,101.0,Sylhet
2025-12-03,19.41,14.56,25.01,0.0,79.43,101.17,Sylhet
2025-12-04,19.04,12.47,25.24,0.0,79.26,101.24,Sylhet
2025-12-05,18.72,12.39,25.12,0.0,77.32,101.34,Sylhet
2025-12-06,18.61,12.11,24.37,0.0,69.52,101.3,Sylhet
2025-12-07,16.93,10.18,22.59,0.0,68.81,101.33,Sylhet
2025-12-08,16.94,11.06,22.59,0.0,75.14,101.24,Sylhet
2025-12-09,18.35,11.65,24.34,0.0,73.35,101.18,Sylhet
2025-12-10,18.5,11.57,24.79,0.0,74.02,101.22,Sylhet
2025-12-11,18.62,12.0,24.74,0.0,71.35,101.16,Sylhet
2025-12-12,18.32,11.88,24.88,0.0,75.45,101.15,Sylhet
2025-12-13,18.68,12.13,25.37,0.0,76.48,101.21,Sylhet
2025-12-14,18.63,12.5,24.83,0.0,75.69,101.27,Sylhet
2025-12-15,19.32,12.6,25.38,0.0,74.44,101.2,Sylhet
2025-12-16,19.55,13.63,24.91,0.0,75.12,101.14,Sylhet
2025-12-17,18.48,12.22,24.37,0.0,79.68,101.29,Sylhet
2025-12-18,18.69,12.52,25.22,0.0,78.44,101.26,Sylhet
2025-12-19,18.54,12.69,24.15,0.0,78.46,101.07,Sylhet
2025-12-20,18.02,12.18,24.01,0.0,79.93,101.06,Sylhet
2025-12-21,18.05,11.56,24.3,0.0,78.23,101.2,Sylhet
2025-12-22,18.2,12.54,24.46,0.0,80.54,101.12,Sylhet
2025-12-23,18.09,13.44,23.93,0.0,83.49,100.96,Sylhet
2025-12-24,17.72,12.71,23.53,0.0,80.22,100.99,Sylhet
2025-12-25,16.57,11.01,22.39,0.0,81.01,101.13,Sylhet
2025-12-26,17.06,11.27,23.1,0.0,78.16,101.12,Sylhet
2025-12-27,16.65,10.45,23.18,0.0,80.15,101.12,Sylhet
2025-12-28,16.48,11.1,22.57,0.0,78.77,101.21,Sylhet
2025-12-29,15.44,9.95,21.16,0.0,79.59,101.2,Sylhet
2025-12-30,14.34,8.82,20.62,0.1,83.44,101.09,Sylhet
2025-12-31,14.71,9.19,20.23,0.0,82.25,101.0,Sylhet
